// file C:\source\atrim-tools\amnesia.bmp converted by mbin2h (my binary to header), mbin2h is (c) 2k5 by r043v !  --/ procvor.free.fr /--

#define CLIENT_ICON_SIZE 49206

#ifdef _DEBUG
unsigned char HPL_CLIENT_ICON[CLIENT_ICON_SIZE] =
{
	'B',	'M',	0x36,	0xC0,	0x0,	0x0,	0x0,	0x0,
	0x0,	0x0,	0x36,	0x0,	0x0,	0x0,	0x28,	0x0,
	0x0,	0x0,	0x80,	0x0,	0x0,	0x0,	0x80,	0x0,
	0x0,	0x0,	0x1,	0x0,	0x18,	0x0,	0x0,	0x0,
	0x0,	0x0,	0x0,	0x0,	0x0,	0x0,	0xC3,	0xE,
	0x0,	0x0,	0xC3,	0xE,	0x0,	0x0,	0x0,	0x0,
	0x0,	0x0,	0x0,	0x0,	0x0,	0x0,	0x28,	0xF,
	0x20,	0x28,	0xF,	0x20,	0x2B,	0x10,	0x21,	0x2D,
	0x12,	0x22,	0x28,	0xF,	0x20,	0x28,	0xF,	0x20,
	0x27,	0xF,	0x20,	0x29,	0x10,	0x21,	0x29,	0x10,
	0x20,	0x30,	0x13,	0x23,	0x2F,	0x12,	0x22,	0x2D,
	0x12,	0x22,	0x2B,	0x11,	0x22,	0x32,	0x14,	0x25,
	0x35,	0x17,	0x28,	0x33,	0x18,	0x29,	0x33,	0x18,
	0x29,	0x32,	0x15,	0x26,	0x33,	0x15,	0x26,	0x35,
	0x18,	0x29,	0x33,	0x19,	0x2A,	0x2E,	0x13,	0x23,
	0x26,	0xE,	0x1F,	0x29,	0x10,	0x21,	0x28,	0xF,
	0x1F,	0x28,	0xE,	0x1F,	0x2C,	0x12,	0x22,	0x2E,
	0x13,	0x23,	0x2D,	0x11,	0x22,	0x2D,	0x11,	0x22,
	0x2B,	0x12,	0x22,	0x2B,	0x11,	0x22,	0x2D,	0x12,
	0x22,	0x2D,	0x11,	0x22,	0x2B,	0x11,	0x22,	0x2B,
	0x10,	0x20,	0x2B,	0x10,	0x21,	0x29,	0x10,	0x20,
	0x29,	0x10,	0x20,	0x28,	0xF,	0x20,	0x28,	0xF,
	0x1F,	0x28,	0xF,	0x20,	0x28,	0xF,	0x20,	0x2B,
	0x10,	0x21,	0x29,	0x10,	0x21,	0x29,	0xF,	0x20,
	0x2B,	0x10,	0x21,	0x2A,	0xF,	0x1F,	0x16,	0x5,
	0x14,	'o',	'l',	0xB3,	0x9A,	0x96,	0xDF,	0x94,
	0x90,	0xDB,	0x94,	0x90,	0xDB,	0x95,	0x90,	0xDB,
	0x94,	0x90,	0xDB,	0x95,	0x90,	0xDB,	0x95,	0x90,
	0xDB,	0x95,	0x90,	0xDB,	0x95,	0x90,	0xDB,	0x95,
	0x90,	0xDB,	0x95,	0x90,	0xDB,	0x95,	0x90,	0xDB,
	0x95,	0x90,	0xDB,	0x95,	0x90,	0xDB,	0x95,	0x90,
	0xDB,	0x94,	0x90,	0xDB,	0x95,	0x90,	0xDB,	0x95,
	0x90,	0xDB,	0x94,	0x90,	0xDB,	0x95,	0x90,	0xDB,
	0x94,	0x90,	0xDB,	0x95,	0x90,	0xDB,	0x94,	0x90,
	0xDB,	0x95,	0x90,	0xDB,	0x94,	0x90,	0xDB,	0x95,
	0x90,	0xDB,	0x95,	0x90,	0xDB,	0x95,	0x90,	0xDB,
	0x95,	0x90,	0xDB,	0x95,	0x90,	0xDB,	0x95,	0x90,
	0xDB,	0x95,	0x90,	0xDB,	0x9A,	0x95,	0xDE,	0x7E,
	'z',	0xC2,	0x18,	0x7,	0x16,	0x1E,	0x8,	0x17,
	0x2B,	0x10,	0x20,	0x2B,	0x10,	0x20,	0x2B,	0x10,
	0x21,	0x2B,	0x10,	0x20,	0x2E,	0x12,	0x22,	0x2E,
	0x13,	0x23,	0x2B,	0x10,	0x21,	0x2B,	0x10,	0x21,
	0x2B,	0x10,	0x21,	0x2B,	0x10,	0x21,	0x2B,	0x10,
	0x20,	0x2B,	0x10,	0x21,	0x2B,	0x10,	0x21,	0x2D,
	0x12,	0x22,	0x2B,	0x10,	0x21,	0x2B,	0x10,	0x21,
	0x29,	0xF,	0x1F,	0x3B,	0x20,	0x32,	0x37,	0x1A,
	0x2B,	0x37,	0x18,	0x29,	0x39,	0x19,	0x2A,	0x39,
	0x19,	0x2A,	0x39,	0x19,	0x2B,	0x39,	0x19,	0x2A,
	0x37,	0x19,	0x2A,	0x36,	0x18,	0x28,	0x34,	0x16,
	0x27,	0x34,	0x16,	0x27,	0x36,	0x18,	0x29,	0x37,
	0x1A,	0x2B,	0x3A,	0x1C,	0x2D,	0x3A,	0x1C,	0x2D,
	0x39,	0x19,	0x2B,	0x32,	0x14,	0x25,	0x28,	0xE,
	0x1F,	0x29,	0x10,	0x21,	0x2B,	0x10,	0x21,	0x2B,
	0x10,	0x21,	0x2D,	0x11,	0x22,	0x2B,	0x10,	0x21,
	0x2B,	0x10,	0x21,	0x2B,	0x10,	0x21,	0x28,	0xF,
	0x20,	0x27,	0xF,	0x20,	0x2B,	0x10,	0x21,	0x2D,
	0x11,	0x21,	0x27,	0xF,	0x1F,	0x28,	0xF,	0x1F,
	0x28,	0xF,	0x20,	0x29,	0x10,	0x21,	0x2B,	0x10,
	0x21,	0x32,	0x14,	0x24,	0x2E,	0x13,	0x23,	0x2F,
	0x12,	0x22,	0x2E,	0x12,	0x22,	0x31,	0x14,	0x25,
	0x33,	0x16,	0x27,	0x33,	0x17,	0x28,	0x33,	0x18,
	0x29,	0x36,	0x19,	0x2A,	0x37,	0x1A,	0x2B,	0x35,
	0x18,	0x29,	0x33,	0x17,	0x28,	0x2E,	0x13,	0x23,
	0x28,	0xF,	0x20,	0x28,	0xF,	0x20,	0x28,	0xF,
	0x20,	0x28,	0xE,	0x1F,	0x2C,	0x12,	0x22,	0x30,
	0x14,	0x24,	0x2D,	0x11,	0x22,	0x2B,	0x11,	0x22,
	0x2C,	0x12,	0x22,	0x2C,	0x12,	0x22,	0x2D,	0x12,
	0x22,	0x2B,	0x10,	0x20,	0x2D,	0x11,	0x22,	0x2D,
	0x11,	0x21,	0x2D,	0x11,	0x22,	0x2D,	0x12,	0x22,
	0x28,	0xF,	0x20,	0x27,	0xF,	0x20,	0x28,	0xF,
	0x1F,	0x27,	0xF,	0x20,	0x27,	0xF,	0x20,	0x29,
	0x10,	0x21,	0x29,	0x10,	0x21,	0x28,	0xF,	0x20,
	0x2D,	0x11,	0x21,	0x32,	0x14,	0x24,	0x1A,	0x6,
	0x16,	0x3F,	0x34,	'X',	0x9B,	0x96,	0xDF,	0x94,
	0x90,	0xDB,	0x95,	0x90,	0xDB,	0x95,	0x90,	0xDB,
	0x95,	0x90,	0xDB,	0x95,	0x90,	0xDB,	0x95,	0x90,
	0xDB,	0x94,	0x90,	0xDB,	0x95,	0x90,	0xDB,	0x94,
	0x90,	0xDB,	0x95,	0x90,	0xDB,	0x95,	0x90,	0xDB,
	0x95,	0x90,	0xDB,	0x95,	0x90,	0xDB,	0x94,	0x90,
	0xDB,	0x94,	0x90,	0xDB,	0x95,	0x90,	0xDB,	0x95,
	0x90,	0xDB,	0x94,	0x90,	0xDB,	0x94,	0x90,	0xDB,
	0x95,	0x90,	0xDB,	0x95,	0x90,	0xDB,	0x94,	0x90,
	0xDB,	0x95,	0x90,	0xDB,	0x94,	0x90,	0xDB,	0x94,
	0x90,	0xDB,	0x94,	0x90,	0xDB,	0x95,	0x90,	0xDB,
	0x95,	0x90,	0xDB,	0x94,	0x90,	0xDB,	0x95,	0x90,
	0xDB,	0x95,	0x90,	0xDB,	0x9B,	0x98,	0xE2,	0x5E,
	'V',	0x9C,	0x16,	0x4,	0x14,	0x2B,	0x10,	0x21,
	0x2B,	0x10,	0x20,	0x2B,	0x10,	0x21,	0x2B,	0x10,
	0x21,	0x29,	0x10,	0x20,	0x2D,	0x12,	0x22,	0x2E,
	0x13,	0x23,	0x2B,	0x11,	0x21,	0x2B,	0x10,	0x21,
	0x2B,	0x10,	0x21,	0x2B,	0x10,	0x21,	0x2B,	0x10,
	0x21,	0x2B,	0x10,	0x21,	0x2B,	0x11,	0x22,	0x2E,
	0x13,	0x23,	0x2B,	0x11,	0x21,	0x29,	0xF,	0x20,
	0x29,	0xF,	0x1F,	0x36,	0x1C,	0x2D,	0x3B,	0x21,
	0x33,	0x3B,	0x21,	0x33,	0x37,	0x19,	0x2A,	0x32,
	0x14,	0x25,	0x2E,	0x13,	0x23,	0x30,	0x12,	0x22,
	0x2E,	0x12,	0x22,	0x31,	0x12,	0x22,	0x30,	0x12,
	0x22,	0x32,	0x13,	0x23,	0x32,	0x13,	0x23,	0x2E,
	0x12,	0x22,	0x2E,	0x14,	0x24,	0x36,	0x1A,	0x2B,
	0x36,	0x19,	0x2A,	0x2C,	0x12,	0x22,	0x25,	0xE,
	0x1F,	0x29,	0x10,	0x21,	0x2B,	0x10,	0x20,	0x2D,
	0x11,	0x22,	0x2D,	0x11,	0x22,	0x2B,	0x10,	0x21,
	0x2B,	0x10,	0x21,	0x2B,	0x10,	0x21,	0x28,	0xF,
	0x20,	0x28,	0xF,	0x20,	0x2B,	0x10,	0x21,	0x2D,
	0x11,	0x22,	0x29,	0x10,	0x21,	0x27,	0xF,	0x20,
	0x27,	0xF,	0x20,	0x27,	0xF,	0x20,	0x2D,	0x12,
	0x23,	0x32,	0x14,	0x24,	0x2E,	0x13,	0x23,	0x31,
	0x14,	0x25,	0x32,	0x14,	0x25,	0x32,	0x15,	0x26,
	0x31,	0x14,	0x25,	0x33,	0x16,	0x27,	0x33,	0x16,
	0x27,	0x35,	0x17,	0x28,	0x35,	0x18,	0x29,	0x31,
	0x14,	0x24,	0x2C,	0x12,	0x22,	0x2E,	0x13,	0x23,
	0x28,	0xF,	0x20,	0x27,	0xF,	0x20,	0x29,	0x10,
	0x21,	0x28,	0xF,	0x20,	0x2E,	0x13,	0x23,	0x2C,
	0x12,	0x22,	0x2B,	0x11,	0x22,	0x2B,	0x11,	0x21,
	0x2E,	0x13,	0x23,	0x2D,	0x12,	0x22,	0x2B,	0x12,
	0x22,	0x2B,	0x10,	0x21,	0x29,	0xF,	0x20,	0x2C,
	0x11,	0x22,	0x2D,	0x11,	0x21,	0x2D,	0x12,	0x22,
	0x28,	0xF,	0x20,	0x28,	0xF,	0x20,	0x29,	0x10,
	0x21,	0x27,	0xF,	0x20,	0x29,	0x10,	0x21,	0x2E,
	0x13,	0x23,	0x29,	0x10,	0x21,	0x29,	0x10,	0x21,
	0x2D,	0x12,	0x22,	0x2F,	0x14,	0x24,	0x26,	0xE,
	0x1E,	0x2C,	0x1A,	0x32,	0x99,	0x93,	0xDE,	0x95,
	0x90,	0xDB,	0x94,	0x90,	0xDB,	0x94,	0x90,	0xDB,
	0x94,	0x90,	0xDB,	0x95,	0x90,	0xDB,	0x94,	0x90,
	0xDB,	0x93,	0x91,	0xDB,	0x95,	0x90,	0xDB,	0x94,
	0x90,	0xDB,	0x94,	0x90,	0xDB,	0x94,	0x90,	0xDB,
	0x95,	0x90,	0xDB,	0x94,	0x90,	0xDB,	0x94,	0x90,
	0xDB,	0x94,	0x90,	0xDB,	0x94,	0x90,	0xDB,	0x94,
	0x90,	0xDB,	0x94,	0x90,	0xDB,	0x94,	0x90,	0xDB,
	0x94,	0x90,	0xDB,	0x94,	0x90,	0xDB,	0x94,	0x90,
	0xDB,	0x94,	0x90,	0xDB,	0x94,	0x90,	0xDB,	0x94,
	0x90,	0xDB,	0x94,	0x90,	0xDB,	0x94,	0x90,	0xDB,
	0x94,	0x90,	0xDB,	0x94,	0x90,	0xDB,	0x94,	0x90,
	0xDB,	0x99,	0x93,	0xDC,	0x89,	0x84,	0xCB,	0x27,
	0x17,	0x2B,	0x1B,	0x8,	0x16,	0x2B,	0x10,	0x21,
	0x2B,	0x10,	0x21,	0x2B,	0x10,	0x21,	0x2B,	0x10,
	0x21,	0x29,	0x10,	0x21,	0x2D,	0x11,	0x22,	0x2E,
	0x13,	0x23,	0x2D,	0x12,	0x22,	0x2B,	0x10,	0x21,
	0x2B,	0x10,	0x21,	0x2B,	0x10,	0x21,	0x2B,	0x10,
	0x21,	0x29,	0xF,	0x20,	0x2E,	0x12,	0x22,	0x2F,
	0x14,	0x24,	0x2B,	0x11,	0x21,	0x2B,	0x10,	0x21,
	0x2B,	0x10,	0x21,	0x29,	0xF,	0x20,	0x2E,	0x13,
	0x23,	0x2F,	0x15,	0x26,	0x35,	0x16,	0x27,	0x34,
	0x14,	0x25,	0x32,	0x14,	0x24,	0x30,	0x13,	0x23,
	0x30,	0x13,	0x23,	0x32,	0x13,	0x23,	0x33,	0x14,
	0x24,	0x33,	0x13,	0x23,	0x32,	0x13,	0x23,	0x32,
	0x13,	0x23,	0x30,	0x13,	0x23,	0x2B,	0x10,	0x21,
	0x27,	0xF,	0x1F,	0x27,	0xF,	0x20,	0x29,	0x10,
	0x21,	0x2B,	0x10,	0x21,	0x2B,	0x10,	0x21,	0x2B,
	0x10,	0x21,	0x2B,	0x10,	0x20,	0x2B,	0x10,	0x21,
	0x2B,	0x10,	0x21,	0x2B,	0x10,	0x21,	0x27,	0xF,
	0x20,	0x27,	0xF,	0x20,	0x2B,	0x10,	0x20,	0x2D,
	0x11,	0x22,	0x29,	0x10,	0x21,	0x27,	0xF,	0x20,
	0x27,	0xF,	0x20,	0x27,	0xF,	0x20,	0x2E,	0x12,
	0x22,	0x32,	0x14,	0x24,	0x32,	0x15,	0x25,	0x32,
	0x15,	0x26,	0x32,	0x15,	0x26,	0x33,	0x16,	0x27,
	0x35,	0x17,	0x28,	0x33,	0x16,	0x27,	0x33,	0x16,
	0x27,	0x33,	0x17,	0x28,	0x35,	0x18,	0x29,	0x32,
	0x15,	0x26,	0x2D,	0x12,	0x22,	0x2E,	0x13,	0x23,
	0x27,	0xF,	0x20,	0x27,	0xF,	0x1F,	0x27,	0xF,
	0x20,	0x27,	0xF,	0x20,	0x2F,	0x14,	0x25,	0x2D,
	0x13,	0x23,	0x2B,	0x12,	0x22,	0x2B,	0x12,	0x22,
	0x2E,	0x13,	0x23,	0x2C,	0x12,	0x23,	0x2B,	0x11,
	0x22,	0x2B,	0x11,	0x21,	0x29,	0x10,	0x21,	0x2B,
	0x10,	0x20,	0x2B,	0x10,	0x21,	0x2B,	0x10,	0x21,
	0x27,	0xF,	0x20,	0x27,	0xF,	0x20,	0x29,	0x10,
	0x20,	0x27,	0xF,	0x20,	0x2B,	0x11,	0x22,	0x2C,
	0x12,	0x22,	0x29,	0x10,	0x21,	0x27,	0xF,	0x20,
	0x2B,	0x11,	0x22,	0x31,	0x14,	0x24,	0x2C,	0x11,
	0x20,	0x20,	0xF,	0x20,	'j',	'h',	0xB0,	0x9A,
	0x95,	0xDE,	0x94,	0x90,	0xDB,	0x93,	0x91,	0xDB,
	0x94,	0x90,	0xDB,	0x93,	0x90,	0xDB,	0x94,	0x90,
	0xDB,	0x94,	0x90,	0xDB,	0x94,	0x90,	0xDB,	0x93,
	0x91,	0xDB,	0x93,	0x90,	0xDB,	0x94,	0x91,	0xDB,
	0x93,	0x91,	0xDB,	0x93,	0x91,	0xDB,	0x94,	0x90,
	0xDB,	0x93,	0x90,	0xDB,	0x94,	0x90,	0xDB,	0x94,
	0x90,	0xDB,	0x93,	0x91,	0xDB,	0x94,	0x90,	0xDB,
	0x94,	0x91,	0xDB,	0x94,	0x90,	0xDB,	0x94,	0x91,
	0xDB,	0x93,	0x91,	0xDB,	0x94,	0x90,	0xDB,	0x93,
	0x91,	0xDB,	0x93,	0x90,	0xDB,	0x94,	0x91,	0xDB,
	0x93,	0x90,	0xDB,	0x94,	0x90,	0xDB,	0x93,	0x90,
	0xDB,	0x99,	0x96,	0xDF,	'o',	'n',	0xB5,	0x14,
	0x4,	0x13,	0x22,	0xB,	0x1B,	0x2B,	0x10,	0x21,
	0x29,	0x10,	0x21,	0x2B,	0x10,	0x21,	0x29,	0x10,
	0x21,	0x27,	0xF,	0x20,	0x29,	0xF,	0x1F,	0x2F,
	0x13,	0x23,	0x2D,	0x12,	0x23,	0x2B,	0x10,	0x21,
	0x2B,	0x10,	0x21,	0x2B,	0x10,	0x21,	0x2C,	0x11,
	0x22,	0x2B,	0x10,	0x21,	0x2D,	0x12,	0x22,	0x31,
	0x15,	0x26,	0x2D,	0x12,	0x22,	0x2B,	0x10,	0x21,
	0x29,	0x10,	0x21,	0x2B,	0x10,	0x21,	0x2B,	0x10,
	0x21,	0x2B,	0x11,	0x22,	0x35,	0x17,	0x28,	0x34,
	0x14,	0x25,	0x32,	0x14,	0x24,	0x30,	0x13,	0x23,
	0x32,	0x13,	0x23,	0x33,	0x14,	0x25,	0x33,	0x14,
	0x24,	0x33,	0x14,	0x24,	0x33,	0x13,	0x23,	0x33,
	0x13,	0x23,	0x32,	0x13,	0x24,	0x2B,	0x10,	0x20,
	0x2B,	0x10,	0x20,	0x29,	0x10,	0x21,	0x27,	0xF,
	0x20,	0x29,	0x10,	0x21,	0x29,	0x10,	0x21,	0x29,
	0x10,	0x21,	0x29,	0xF,	0x1F,	0x29,	0x10,	0x21,
	0x2B,	0x10,	0x21,	0x2B,	0x10,	0x21,	0x27,	0xF,
	0x20,	0x27,	0xF,	0x20,	0x2B,	0x10,	0x21,	0x2D,
	0x11,	0x22,	0x2B,	0x10,	0x20,	0x28,	0x10,	0x21,
	0x27,	0xF,	0x20,	0x27,	0xF,	0x20,	0x2D,	0x12,
	0x22,	0x32,	0x15,	0x25,	0x34,	0x15,	0x26,	0x31,
	0x15,	0x25,	0x31,	0x15,	0x25,	0x33,	0x16,	0x27,
	0x35,	0x17,	0x28,	0x33,	0x17,	0x28,	0x35,	0x18,
	0x29,	0x35,	0x18,	0x29,	0x35,	0x18,	0x29,	0x35,
	0x18,	0x29,	0x31,	0x15,	0x25,	0x2D,	0x12,	0x22,
	0x29,	0x10,	0x21,	0x27,	0xF,	0x20,	0x27,	0xF,
	0x20,	0x27,	0xF,	0x1F,	0x2F,	0x15,	0x25,	0x31,
	0x15,	0x25,	0x2F,	0x13,	0x23,	0x2D,	0x13,	0x23,
	0x2E,	0x13,	0x23,	0x2C,	0x12,	0x22,	0x2D,	0x12,
	0x23,	0x2B,	0x10,	0x21,	0x2C,	0x10,	0x21,	0x2B,
	0x10,	0x20,	0x27,	0xF,	0x20,	0x29,	0xF,	0x20,
	0x27,	0xF,	0x20,	0x27,	0x10,	0x20,	0x29,	0x10,
	0x21,	0x27,	0xF,	0x20,	0x2C,	0x11,	0x22,	0x2A,
	0x10,	0x21,	0x2B,	0x10,	0x21,	0x27,	0xF,	0x20,
	0x29,	0x10,	0x21,	0x31,	0x14,	0x24,	0x2E,	0x13,
	0x23,	0x16,	0x4,	0x13,	0x3A,	0x2C,	'N',	0x9B,
	0x99,	0xE2,	0x93,	0x91,	0xDB,	0x93,	0x91,	0xDB,
	0x93,	0x91,	0xDB,	0x93,	0x91,	0xDB,	0x93,	0x91,
	0xDB,	0x93,	0x91,	0xDB,	0x93,	0x90,	0xDB,	0x93,
	0x91,	0xDB,	0x93,	0x91,	0xDB,	0x93,	0x90,	0xDB,
	0x94,	0x91,	0xDB,	0x93,	0x91,	0xDB,	0x93,	0x91,
	0xDB,	0x93,	0x91,	0xDB,	0x93,	0x91,	0xDB,	0x94,
	0x90,	0xDB,	0x93,	0x91,	0xDB,	0x93,	0x91,	0xDB,
	0x93,	0x90,	0xDB,	0x93,	0x90,	0xDB,	0x93,	0x91,
	0xDB,	0x93,	0x91,	0xDB,	0x93,	0x91,	0xDB,	0x94,
	0x90,	0xDB,	0x93,	0x91,	0xDB,	0x93,	0x91,	0xDB,
	0x93,	0x91,	0xDB,	0x93,	0x91,	0xDB,	0x93,	0x90,
	0xDB,	0x9B,	0x99,	0xE2,	'K',	0x40,	't',	0x13,
	0x4,	0x13,	0x28,	0xF,	0x1F,	0x2B,	0x10,	0x21,
	0x2B,	0x10,	0x21,	0x2B,	0x10,	0x21,	0x29,	0x10,
	0x21,	0x2B,	0x10,	0x21,	0x2B,	0x10,	0x21,	0x2E,
	0x12,	0x22,	0x2D,	0x12,	0x22,	0x2B,	0x10,	0x21,
	0x2A,	0x10,	0x20,	0x2B,	0x10,	0x21,	0x2A,	0x10,
	0x21,	0x29,	0x10,	0x21,	0x2B,	0x10,	0x21,	0x2F,
	0x15,	0x25,	0x2D,	0x13,	0x23,	0x2B,	0x10,	0x21,
	0x2B,	0x10,	0x21,	0x2B,	0x10,	0x21,	0x2B,	0x10,
	0x21,	0x2E,	0x13,	0x23,	0x35,	0x18,	0x28,	0x34,
	0x15,	0x26,	0x32,	0x14,	0x24,	0x32,	0x13,	0x24,
	0x33,	0x14,	0x24,	0x33,	0x14,	0x24,	0x33,	0x14,
	0x24,	0x33,	0x14,	0x25,	0x33,	0x14,	0x24,	0x33,
	0x13,	0x23,	0x32,	0x13,	0x23,	0x2B,	0x10,	0x20,
	0x29,	0x10,	0x21,	0x2B,	0x10,	0x21,	0x29,	0x10,
	0x21,	0x29,	0x10,	0x21,	0x2B,	0x10,	0x21,	0x2A,
	0x10,	0x21,	0x2B,	0x10,	0x21,	0x27,	0xF,	0x20,
	0x29,	0xF,	0x20,	0x29,	0x10,	0x21,	0x27,	0xF,
	0x20,	0x27,	0xF,	0x20,	0x28,	0x10,	0x21,	0x2A,
	0x10,	0x21,	0x2B,	0x10,	0x21,	0x2A,	0x10,	0x21,
	0x2B,	0x10,	0x21,	0x27,	0xF,	0x1F,	0x30,	0x13,
	0x23,	0x32,	0x15,	0x25,	0x32,	0x15,	0x25,	0x32,
	0x16,	0x26,	0x33,	0x16,	0x27,	0x33,	0x17,	0x28,
	0x33,	0x17,	0x28,	0x35,	0x18,	0x29,	0x34,	0x19,
	0x2A,	0x36,	0x19,	0x2A,	0x33,	0x19,	0x2A,	0x36,
	0x1A,	0x2B,	0x35,	0x18,	0x29,	0x33,	0x16,	0x27,
	0x2A,	0x11,	0x22,	0x29,	0x10,	0x21,	0x27,	0x10,
	0x20,	0x27,	0xF,	0x20,	0x36,	0x1B,	0x2C,	0x35,
	0x20,	0x31,	0x36,	0x1D,	0x2E,	0x2F,	0x14,	0x25,
	0x2F,	0x13,	0x24,	0x2E,	0x13,	0x23,	0x2E,	0x13,
	0x24,	0x2C,	0x12,	0x22,	0x2E,	0x12,	0x22,	0x2C,
	0x12,	0x22,	0x27,	0x10,	0x20,	0x29,	0x10,	0x21,
	0x27,	0x10,	0x20,	0x27,	0xF,	0x20,	0x27,	0x10,
	0x1F,	0x27,	0xF,	0x20,	0x2B,	0x10,	0x21,	0x29,
	0xF,	0x20,	0x27,	0xF,	0x20,	0x27,	0xF,	0x20,
	0x2B,	0x10,	0x21,	0x30,	0x14,	0x24,	0x30,	0x14,
	0x24,	0x1A,	0x7,	0x16,	0x23,	0x13,	0x25,	0x92,
	0x90,	0xD9,	0x94,	0x94,	0xDC,	0x93,	0x91,	0xDB,
	0x93,	0x91,	0xDB,	0x93,	0x91,	0xDB,	0x93,	0x91,
	0xDB,	0x93,	0x91,	0xDB,	0x93,	0x91,	0xDB,	0x93,
	0x91,	0xDB,	0x93,	0x91,	0xDB,	0x93,	0x91,	0xDB,
	0x93,	0x91,	0xDB,	0x93,	0x91,	0xDB,	0x93,	0x91,
	0xDB,	0x93,	0x91,	0xDB,	0x93,	0x91,	0xDB,	0x93,
	0x91,	0xDB,	0x93,	0x91,	0xDB,	0x93,	0x91,	0xDB,
	0x93,	0x91,	0xDB,	0x93,	0x91,	0xDB,	0x93,	0x91,
	0xDB,	0x93,	0x91,	0xDB,	0x93,	0x91,	0xDB,	0x93,
	0x91,	0xDB,	0x93,	0x91,	0xDB,	0x93,	0x91,	0xDB,
	0x93,	0x91,	0xDB,	0x93,	0x91,	0xDB,	0x93,	0x91,
	0xDB,	0x9B,	0x97,	0xDF,	0x32,	0x22,	0x3E,	0x16,
	0x5,	0x14,	0x2B,	0x11,	0x22,	0x2B,	0x10,	0x21,
	0x2B,	0x10,	0x21,	0x2B,	0x10,	0x20,	0x29,	0x10,
	0x21,	0x2B,	0x10,	0x21,	0x2B,	0x10,	0x21,	0x2D,
	0x12,	0x22,	0x2D,	0x13,	0x23,	0x2A,	0x10,	0x21,
	0x2B,	0x10,	0x21,	0x2B,	0x10,	0x21,	0x2A,	0x10,
	0x21,	0x29,	0x10,	0x21,	0x29,	0x10,	0x21,	0x2D,
	0x14,	0x24,	0x2D,	0x13,	0x23,	0x2B,	0x10,	0x21,
	0x2B,	0x10,	0x21,	0x2A,	0x10,	0x21,	0x2A,	0x10,
	0x21,	0x2B,	0x12,	0x22,	0x33,	0x17,	0x28,	0x34,
	0x16,	0x26,	0x34,	0x15,	0x25,	0x33,	0x13,	0x23,
	0x33,	0x13,	0x23,	0x33,	0x13,	0x24,	0x33,	0x13,
	0x23,	0x34,	0x14,	0x24,	0x35,	0x14,	0x24,	0x33,
	0x14,	0x24,	0x32,	0x13,	0x23,	0x2B,	0x10,	0x21,
	0x28,	0x10,	0x21,	0x2D,	0x12,	0x22,	0x2B,	0x10,
	0x21,	0x2B,	0x10,	0x21,	0x2C,	0x11,	0x21,	0x2A,
	0x10,	0x20,	0x27,	0x10,	0x20,	0x27,	0x10,	0x20,
	0x27,	0xF,	0x20,	0x27,	0x10,	0x20,	0x27,	0x10,
	0x20,	0x27,	0x10,	0x20,	0x28,	0x10,	0x21,	0x27,
	0x10,	0x20,	0x27,	0x10,	0x20,	0x28,	0x11,	0x21,
	0x2B,	0x10,	0x21,	0x2A,	0x10,	0x21,	0x2C,	0x12,
	0x22,	0x2E,	0x13,	0x23,	0x30,	0x14,	0x25,	0x32,
	0x16,	0x26,	0x35,	0x17,	0x28,	0x33,	0x18,	0x29,
	0x33,	0x18,	0x29,	0x34,	0x18,	0x29,	0x34,	0x19,
	0x2A,	0x33,	0x19,	0x2A,	0x35,	0x1B,	0x2B,	0x35,
	0x1B,	0x2C,	0x33,	0x1C,	0x2D,	0x36,	0x1B,	0x2B,
	0x2B,	0x12,	0x22,	0x28,	0x10,	0x1F,	0x27,	0xF,
	0x1F,	0x25,	0xF,	0x1F,	0x35,	0x1B,	0x2B,	0x35,
	0x1F,	0x30,	0x35,	0x1D,	0x2D,	0x31,	0x15,	0x26,
	0x31,	0x16,	0x26,	0x31,	0x14,	0x24,	0x2D,	0x13,
	0x24,	0x2A,	0x11,	0x22,	0x2C,	0x12,	0x22,	0x2B,
	0x12,	0x23,	0x28,	0x10,	0x21,	0x28,	0x10,	0x21,
	0x27,	0x10,	0x20,	0x25,	0xF,	0x1F,	0x27,	0x10,
	0x20,	0x28,	0x10,	0x21,	0x2A,	0x10,	0x21,	0x2A,
	0x10,	0x21,	0x27,	0x10,	0x20,	0x27,	0x10,	0x20,
	0x2A,	0x11,	0x22,	0x30,	0x14,	0x25,	0x2E,	0x13,
	0x23,	0x1E,	0x9,	0x19,	0x20,	0x10,	0x22,	0x90,
	0x8F,	0xD8,	0x98,	0x94,	0xDC,	0x93,	0x91,	0xDB,
	0x93,	0x91,	0xDB,	0x93,	0x91,	0xDB,	0x93,	0x91,
	0xDB,	0x93,	0x91,	0xDB,	0x93,	0x91,	0xDB,	0x93,
	0x91,	0xDB,	0x93,	0x91,	0xDB,	0x93,	0x91,	0xDB,
	0x94,	0x94,	0xDC,	0x98,	0x94,	0xDC,	0x94,	0x94,
	0xDC,	0x98,	0x94,	0xDC,	0x99,	0x97,	0xDF,	0x99,
	0x97,	0xDF,	0x99,	0x97,	0xDF,	0x99,	0x97,	0xDF,
	0x99,	0x97,	0xDF,	0x99,	0x97,	0xDF,	0x99,	0x97,
	0xDF,	0x98,	0x94,	0xDC,	0x93,	0x91,	0xDB,	0x93,
	0x91,	0xDB,	0x93,	0x91,	0xDB,	0x93,	0x91,	0xDB,
	0x93,	0x91,	0xDB,	0x93,	0x91,	0xDB,	0x98,	0x94,
	0xDE,	0x84,	0x81,	0xC8,	0x20,	0xF,	0x21,	0x24,
	0xD,	0x1C,	0x2A,	0x11,	0x22,	0x2A,	0x10,	0x21,
	0x2A,	0x10,	0x21,	0x2A,	0x10,	0x21,	0x2B,	0x11,
	0x22,	0x2A,	0x11,	0x22,	0x29,	0x10,	0x21,	0x2B,
	0x12,	0x22,	0x2F,	0x14,	0x24,	0x2A,	0x10,	0x21,
	0x2A,	0x10,	0x21,	0x2A,	0x11,	0x21,	0x2A,	0x11,
	0x21,	0x2B,	0x12,	0x22,	0x2B,	0x11,	0x22,	0x2D,
	0x13,	0x23,	0x2D,	0x13,	0x23,	0x28,	0x11,	0x21,
	0x2B,	0x10,	0x21,	0x2A,	0x11,	0x21,	0x2B,	0x10,
	0x21,	0x2D,	0x12,	0x23,	0x34,	0x18,	0x29,	0x34,
	0x15,	0x25,	0x34,	0x15,	0x25,	0x33,	0x13,	0x23,
	0x33,	0x14,	0x25,	0x33,	0x14,	0x25,	0x33,	0x13,
	0x23,	0x35,	0x14,	0x24,	0x35,	0x14,	0x24,	0x34,
	0x14,	0x25,	0x33,	0x13,	0x24,	0x2A,	0x10,	0x21,
	0x2B,	0x12,	0x23,	0x2D,	0x13,	0x24,	0x2C,	0x11,
	0x22,	0x2C,	0x12,	0x22,	0x2E,	0x12,	0x22,	0x2E,
	0x12,	0x22,	0x2D,	0x12,	0x22,	0x2C,	0x12,	0x22,
	0x2A,	0x10,	0x21,	0x2B,	0x10,	0x21,	0x26,	0x10,
	0x20,	0x27,	0x10,	0x20,	0x28,	0x11,	0x21,	0x27,
	0x10,	0x20,	0x26,	0x10,	0x20,	0x27,	0x10,	0x20,
	0x27,	0x10,	0x20,	0x26,	0x10,	0x20,	0x27,	0xF,
	0x1F,	0x27,	0xF,	0x1F,	0x27,	0x10,	0x20,	0x28,
	0x11,	0x21,	0x28,	0x10,	0x21,	0x2B,	0x12,	0x22,
	0x2B,	0x13,	0x23,	0x2D,	0x14,	0x24,	0x2F,	0x15,
	0x25,	0x33,	0x17,	0x27,	0x33,	0x17,	0x28,	0x34,
	0x19,	0x2A,	0x34,	0x19,	0x2A,	0x35,	0x1A,	0x2A,
	0x2D,	0x13,	0x24,	0x2A,	0x10,	0x21,	0x28,	0x11,
	0x21,	0x28,	0x10,	0x21,	0x34,	0x18,	0x29,	0x35,
	0x1A,	0x2B,	0x35,	0x19,	0x2A,	0x33,	0x1B,	0x2C,
	0x32,	0x18,	0x29,	0x31,	0x16,	0x27,	0x2F,	0x15,
	0x25,	0x2B,	0x12,	0x23,	0x2A,	0x11,	0x22,	0x2A,
	0x11,	0x22,	0x2A,	0x10,	0x21,	0x2A,	0x11,	0x22,
	0x27,	0x10,	0x20,	0x25,	0xF,	0x1F,	0x26,	0x10,
	0x20,	0x27,	0x11,	0x21,	0x2E,	0x13,	0x23,	0x2E,
	0x12,	0x22,	0x2A,	0x11,	0x21,	0x28,	0x11,	0x21,
	0x28,	0x10,	0x21,	0x30,	0x14,	0x24,	0x2E,	0x13,
	0x23,	0x25,	0xD,	0x1D,	0x19,	0x9,	0x17,	'm',
	'l',	0xB3,	0x99,	0x96,	0xDF,	0x93,	0x91,	0xDB,
	0x93,	0x91,	0xDB,	0x93,	0x91,	0xDB,	0x97,	0x94,
	0xDC,	0x99,	0x96,	0xDE,	0x99,	0x96,	0xDE,	0x99,
	0x96,	0xDF,	0x99,	0x9A,	0xE2,	0x9A,	0x97,	0xE2,
	0x90,	0x8F,	0xD8,	0x90,	0x8C,	0xD5,	0x90,	0x8F,
	0xD8,	0x88,	0x85,	0xCD,	'g',	'f',	0xAE,	'g',
	'f',	0xAD,	'g',	'e',	0xAD,	'g',	'f',	0xAD,
	'g',	'f',	0xAD,	'g',	'f',	0xAD,	'g',	'e',
	0xAD,	0x88,	0x85,	0xCB,	0x91,	0x90,	0xD9,	0x9A,
	0x97,	0xE2,	0x9A,	0x97,	0xE2,	0x99,	0x96,	0xDE,
	0x98,	0x94,	0xDC,	0x93,	0x91,	0xDB,	0x9A,	0x97,
	0xE2,	'c',	'b',	0xA9,	0x19,	0x8,	0x17,	0x2D,
	0x12,	0x22,	0x2C,	0x12,	0x22,	0x2A,	0x10,	0x21,
	0x2A,	0x11,	0x21,	0x28,	0x11,	0x21,	0x2B,	0x11,
	0x21,	0x2A,	0x11,	0x22,	0x2A,	0x11,	0x22,	0x2A,
	0x11,	0x21,	0x2F,	0x14,	0x25,	0x2A,	0x11,	0x21,
	0x2A,	0x11,	0x21,	0x2A,	0x11,	0x21,	0x2A,	0x10,
	0x21,	0x2A,	0x11,	0x22,	0x2C,	0x11,	0x22,	0x2B,
	0x12,	0x22,	0x2F,	0x16,	0x26,	0x2A,	0x11,	0x21,
	0x2A,	0x11,	0x21,	0x2A,	0x11,	0x21,	0x2A,	0x11,
	0x22,	0x2F,	0x14,	0x24,	0x36,	0x19,	0x2A,	0x35,
	0x17,	0x27,	0x34,	0x15,	0x25,	0x33,	0x13,	0x24,
	0x35,	0x15,	0x25,	0x34,	0x14,	0x24,	0x35,	0x14,
	0x24,	0x35,	0x14,	0x24,	0x36,	0x14,	0x25,	0x32,
	0x14,	0x24,	0x32,	0x13,	0x24,	0x2A,	0x10,	0x21,
	0x2D,	0x13,	0x23,	0x2D,	0x13,	0x24,	0x2C,	0x12,
	0x22,	0x2C,	0x12,	0x23,	0x2E,	0x12,	0x23,	0x2C,
	0x11,	0x22,	0x2D,	0x13,	0x24,	0x2B,	0x12,	0x22,
	0x2A,	0x10,	0x21,	0x2A,	0x11,	0x21,	0x26,	0x10,
	0x20,	0x26,	0x10,	0x20,	0x26,	0x10,	0x20,	0x26,
	0x10,	0x20,	0x26,	0x10,	0x20,	0x26,	0x10,	0x20,
	0x26,	0x10,	0x20,	0x26,	0x10,	0x20,	0x27,	0x10,
	0x20,	0x27,	0x10,	0x20,	0x26,	0x10,	0x20,	0x26,
	0x10,	0x20,	0x26,	0x10,	0x20,	0x26,	0xF,	0x1F,
	0x26,	0xF,	0x1F,	0x26,	0xF,	0x1F,	0x25,	0xF,
	0x1F,	0x27,	0x10,	0x20,	0x26,	0x10,	0x20,	0x28,
	0x11,	0x21,	0x28,	0x11,	0x21,	0x2B,	0x12,	0x22,
	0x2A,	0x12,	0x22,	0x28,	0x11,	0x21,	0x2A,	0x11,
	0x21,	0x28,	0x11,	0x21,	0x32,	0x17,	0x27,	0x36,
	0x19,	0x2A,	0x36,	0x1A,	0x2B,	0x35,	0x1B,	0x2B,
	0x36,	0x1B,	0x2C,	0x35,	0x1D,	0x2E,	0x31,	0x17,
	0x27,	0x2A,	0x11,	0x22,	0x2B,	0x12,	0x22,	0x31,
	0x16,	0x26,	0x2D,	0x13,	0x23,	0x2A,	0x11,	0x21,
	0x26,	0x10,	0x20,	0x27,	0x10,	0x20,	0x26,	0x10,
	0x20,	0x28,	0x11,	0x21,	0x2E,	0x13,	0x23,	0x2E,
	0x13,	0x24,	0x2E,	0x13,	0x24,	0x2E,	0x13,	0x24,
	0x2E,	0x12,	0x23,	0x30,	0x14,	0x25,	0x30,	0x14,
	0x25,	0x2E,	0x13,	0x23,	0x1B,	0x9,	0x18,	'f',
	'e',	0xAA,	0x9B,	0x9D,	0xE3,	0x97,	0x94,	0xDC,
	0x94,	0x94,	0xDC,	0x97,	0x94,	0xDC,	0x91,	0x91,
	0xD9,	'v',	'x',	0xBF,	't',	'v',	0xBD,	's',
	't',	0xBB,	'J',	0x3F,	'q',	0x3B,	0x2D,	'R',
	0x2B,	0x1C,	0x32,	0x2E,	0x1F,	0x36,	0x2E,	0x1F,
	0x36,	0x2A,	0x1A,	0x2F,	0x31,	0x23,	0x3F,	0x37,
	0x29,	'J',	0x36,	0x29,	'H',	0x36,	0x29,	'H',
	0x36,	0x29,	'H',	0x37,	0x29,	'H',	0x32,	0x24,
	0x3F,	0x29,	0x19,	0x2F,	0x2B,	0x1D,	0x32,	0x3D,
	0x31,	'U',	'M',	'D',	0x7B,	'v',	'y',	0xBD,
	0x90,	0x8C,	0xD5,	0x98,	0x96,	0xDE,	0x9A,	0x97,
	0xE2,	'S',	'K',	0x8C,	0x19,	0x8,	0x17,	0x2A,
	0x12,	0x22,	0x2C,	0x12,	0x23,	0x2A,	0x11,	0x21,
	0x2A,	0x11,	0x21,	0x2A,	0x11,	0x21,	0x28,	0x11,
	0x21,	0x2A,	0x11,	0x21,	0x2A,	0x11,	0x22,	0x2C,
	0x11,	0x22,	0x2F,	0x14,	0x24,	0x2A,	0x12,	0x22,
	0x2A,	0x11,	0x21,	0x2A,	0x11,	0x21,	0x2A,	0x11,
	0x22,	0x2D,	0x13,	0x23,	0x2B,	0x12,	0x23,	0x2B,
	0x13,	0x23,	0x2F,	0x17,	0x28,	0x2C,	0x11,	0x22,
	0x2A,	0x11,	0x21,	0x2A,	0x11,	0x21,	0x2A,	0x11,
	0x21,	0x2B,	0x12,	0x22,	0x36,	0x19,	0x2A,	0x35,
	0x17,	0x27,	0x33,	0x15,	0x25,	0x33,	0x14,	0x25,
	0x35,	0x14,	0x24,	0x35,	0x14,	0x24,	0x35,	0x14,
	0x24,	0x35,	0x14,	0x24,	0x35,	0x14,	0x24,	0x33,
	0x13,	0x23,	0x32,	0x13,	0x23,	0x2A,	0x11,	0x21,
	0x2F,	0x14,	0x25,	0x2F,	0x14,	0x24,	0x2C,	0x12,
	0x22,	0x2C,	0x12,	0x22,	0x2C,	0x12,	0x23,	0x2C,
	0x12,	0x23,	0x2D,	0x16,	0x26,	0x2B,	0x12,	0x22,
	0x2C,	0x12,	0x22,	0x2A,	0x11,	0x21,	0x26,	0x10,
	0x20,	0x26,	0x10,	0x20,	0x26,	0x10,	0x20,	0x26,
	0x10,	0x20,	0x26,	0x10,	0x20,	0x26,	0x10,	0x20,
	0x26,	0x10,	0x20,	0x26,	0x10,	0x20,	0x26,	0x10,
	0x20,	0x26,	0x10,	0x20,	0x26,	0x10,	0x20,	0x26,
	0x10,	0x20,	0x26,	0x10,	0x20,	0x26,	0x10,	0x20,
	0x26,	0x10,	0x20,	0x26,	0x10,	0x20,	0x26,	0x10,
	0x20,	0x26,	0x10,	0x20,	0x26,	0x10,	0x20,	0x26,
	0x10,	0x20,	0x26,	0x10,	0x20,	0x26,	0xF,	0x1F,
	0x26,	0x10,	0x20,	0x26,	0x10,	0x20,	0x26,	0x10,
	0x20,	0x28,	0x11,	0x21,	0x27,	0x10,	0x20,	0x28,
	0x11,	0x21,	0x2B,	0x12,	0x22,	0x2D,	0x13,	0x23,
	0x2F,	0x15,	0x25,	0x2E,	0x15,	0x25,	0x2E,	0x14,
	0x25,	0x2A,	0x11,	0x22,	0x2D,	0x12,	0x23,	0x2F,
	0x16,	0x26,	0x2D,	0x13,	0x24,	0x2A,	0x12,	0x22,
	0x26,	0x10,	0x20,	0x26,	0x10,	0x20,	0x26,	0x10,
	0x20,	0x28,	0x11,	0x21,	0x31,	0x14,	0x25,	0x2E,
	0x13,	0x23,	0x2E,	0x13,	0x23,	0x2E,	0x13,	0x24,
	0x2E,	0x12,	0x23,	0x2F,	0x14,	0x25,	0x30,	0x14,
	0x24,	0x2E,	0x13,	0x24,	0x17,	0x6,	0x14,	0x3C,
	0x2F,	'R',	0x84,	0x84,	0xCA,	0x3D,	0x31,	'V',
	0x25,	0x15,	0x2A,	0x28,	0x18,	0x2E,	0x25,	0x14,
	0x27,	0x1A,	0xB,	0x1A,	0x1C,	0xC,	0x1B,	0x1A,
	0xA,	0x19,	0x31,	0x20,	0x38,	'O',	'F',	0x7C,
	'f',	'e',	0xA9,	'p',	'o',	0xB5,	'n',	'o',
	0xB3,	'n',	'o',	0xB5,	0x7D,	0x7B,	0xC2,	0x7F,
	0x7D,	0xC3,	0x7F,	0x7D,	0xC3,	0x7F,	0x7D,	0xC3,
	0x80,	0x7F,	0xC3,	0x82,	0x82,	0xC7,	0x80,	0x7F,
	0xC6,	't',	'v',	0xBC,	'e',	'b',	0xA9,	'Q',
	'K',	0x84,	0x2F,	0x20,	0x38,	0x13,	0x5,	0x13,
	0x22,	0x11,	0x24,	0x5C,	'W',	0x9C,	'v',	'y',
	0xBF,	0x1B,	0xB,	0x1A,	0x1C,	0x8,	0x17,	0x2C,
	0x12,	0x23,	0x2A,	0x12,	0x22,	0x26,	0x10,	0x20,
	0x28,	0x11,	0x21,	0x2A,	0x11,	0x21,	0x2D,	0x12,
	0x22,	0x2D,	0x12,	0x23,	0x2D,	0x13,	0x24,	0x2B,
	0x12,	0x22,	0x2D,	0x13,	0x24,	0x2A,	0x12,	0x22,
	0x2A,	0x11,	0x21,	0x2A,	0x11,	0x21,	0x2A,	0x12,
	0x22,	0x28,	0x11,	0x21,	0x28,	0x11,	0x21,	0x27,
	0x11,	0x21,	0x2D,	0x15,	0x25,	0x2A,	0x12,	0x22,
	0x2A,	0x11,	0x21,	0x2A,	0x11,	0x21,	0x28,	0x11,
	0x21,	0x2B,	0x12,	0x23,	0x36,	0x19,	0x2A,	0x35,
	0x17,	0x27,	0x33,	0x15,	0x25,	0x33,	0x14,	0x25,
	0x35,	0x14,	0x25,	0x35,	0x14,	0x24,	0x35,	0x14,
	0x25,	0x35,	0x14,	0x24,	0x35,	0x14,	0x25,	0x35,
	0x14,	0x25,	0x31,	0x13,	0x23,	0x2A,	0x11,	0x21,
	0x2B,	0x13,	0x23,	0x2F,	0x16,	0x26,	0x2B,	0x12,
	0x22,	0x2C,	0x11,	0x22,	0x2A,	0x11,	0x21,	0x2D,
	0x12,	0x22,	0x2F,	0x19,	0x2A,	0x2D,	0x13,	0x24,
	0x2C,	0x12,	0x23,	0x2A,	0x11,	0x21,	0x26,	0x10,
	0x20,	0x26,	0x10,	0x20,	0x26,	0x10,	0x20,	0x28,
	0x11,	0x21,	0x2A,	0x11,	0x21,	0x28,	0x11,	0x21,
	0x26,	0x10,	0x20,	0x28,	0x11,	0x21,	0x28,	0x11,
	0x21,	0x28,	0x11,	0x21,	0x28,	0x11,	0x21,	0x26,
	0x10,	0x20,	0x26,	0x10,	0x20,	0x26,	0x10,	0x20,
	0x26,	0x10,	0x20,	0x26,	0x10,	0x20,	0x26,	0x10,
	0x20,	0x26,	0x10,	0x20,	0x26,	0x10,	0x20,	0x26,
	0x10,	0x20,	0x26,	0x10,	0x20,	0x26,	0x10,	0x20,
	0x26,	0x10,	0x20,	0x26,	0x10,	0x20,	0x26,	0x10,
	0x20,	0x26,	0x10,	0x20,	0x26,	0x10,	0x20,	0x26,
	0x10,	0x20,	0x26,	0x10,	0x20,	0x26,	0xF,	0x1F,
	0x26,	0xF,	0x1F,	0x26,	0xF,	0x1F,	0x26,	0x10,
	0x20,	0x26,	0x10,	0x20,	0x28,	0x11,	0x21,	0x26,
	0x10,	0x20,	0x27,	0x11,	0x21,	0x28,	0x11,	0x21,
	0x26,	0x10,	0x20,	0x26,	0x10,	0x20,	0x26,	0x10,
	0x20,	0x28,	0x11,	0x21,	0x2E,	0x13,	0x23,	0x2F,
	0x14,	0x25,	0x2D,	0x12,	0x22,	0x27,	0xF,	0x1F,
	0x24,	0xD,	0x1D,	0x1A,	0x8,	0x16,	0x14,	0x4,
	0x13,	0x1C,	0xC,	0x1C,	0x19,	0x8,	0x18,	0x1F,
	0xF,	0x21,	0x30,	0x21,	0x3C,	0x34,	0x26,	'B',
	'H',	0x3E,	'k',	'H',	0x3F,	'm',	'H',	0x3F,
	'm',	'f',	'e',	0xA9,	't',	'v',	0xBB,	'v',
	'y',	0xBD,	0x83,	0x82,	0xC8,	0x89,	0x86,	0xCF,
	0x84,	0x84,	0xCB,	0x84,	0x84,	0xCA,	0x8E,	0x8B,
	0xD3,	0x8E,	0x8B,	0xD4,	0x8E,	0x8B,	0xD3,	0x8E,
	0x8B,	0xD3,	0x8E,	0x8B,	0xD3,	0x8B,	0x8B,	0xD3,
	0x8E,	0x8D,	0xD4,	0x91,	0x91,	0xD9,	0x91,	0x91,
	0xD9,	0x92,	0x92,	0xDB,	0x97,	0x94,	0xDC,	0x98,
	0x97,	0xDF,	0x8F,	0x90,	0xD8,	0x60,	0x5F,	0xA5,
	'O',	'H',	0x82,	0x36,	0x29,	'H',	0x2D,	0x1D,
	0x34,	0x17,	0x7,	0x16,	0x18,	0x8,	0x17,	0x1A,
	0x7,	0x16,	0x1D,	0x9,	0x19,	0x23,	0xD,	0x1D,
	0x2A,	0x11,	0x21,	0x2A,	0x11,	0x21,	0x2A,	0x12,
	0x22,	0x2A,	0x11,	0x21,	0x28,	0x11,	0x21,	0x28,
	0x11,	0x21,	0x28,	0x11,	0x21,	0x2C,	0x12,	0x23,
	0x2A,	0x11,	0x21,	0x2A,	0x11,	0x21,	0x28,	0x11,
	0x21,	0x28,	0x11,	0x21,	0x26,	0x10,	0x20,	0x28,
	0x11,	0x21,	0x2D,	0x14,	0x24,	0x2B,	0x12,	0x23,
	0x2A,	0x11,	0x21,	0x2A,	0x11,	0x21,	0x2B,	0x12,
	0x22,	0x2D,	0x13,	0x24,	0x36,	0x19,	0x2A,	0x35,
	0x17,	0x27,	0x33,	0x15,	0x25,	0x32,	0x14,	0x24,
	0x35,	0x14,	0x25,	0x35,	0x14,	0x25,	0x35,	0x14,
	0x24,	0x35,	0x14,	0x24,	0x35,	0x14,	0x24,	0x35,
	0x14,	0x25,	0x31,	0x12,	0x23,	0x2A,	0x12,	0x22,
	0x2D,	0x13,	0x24,	0x2F,	0x16,	0x26,	0x2E,	0x13,
	0x23,	0x2C,	0x12,	0x22,	0x2A,	0x11,	0x21,	0x2A,
	0x12,	0x22,	0x2D,	0x18,	0x28,	0x2F,	0x14,	0x25,
	0x2C,	0x12,	0x22,	0x2A,	0x11,	0x21,	0x26,	0x10,
	0x20,	0x26,	0x10,	0x20,	0x26,	0x10,	0x20,	0x2A,
	0x11,	0x21,	0x2A,	0x11,	0x21,	0x26,	0x10,	0x20,
	0x26,	0x10,	0x20,	0x28,	0x11,	0x21,	0x28,	0x11,
	0x21,	0x2C,	0x12,	0x22,	0x2A,	0x11,	0x21,	0x2A,
	0x11,	0x21,	0x2A,	0x11,	0x21,	0x26,	0x10,	0x20,
	0x26,	0x10,	0x20,	0x28,	0x11,	0x21,	0x26,	0x10,
	0x20,	0x26,	0x10,	0x20,	0x26,	0x10,	0x20,	0x26,
	0x10,	0x20,	0x26,	0x10,	0x20,	0x26,	0x10,	0x20,
	0x26,	0x10,	0x20,	0x26,	0x10,	0x20,	0x26,	0x10,
	0x20,	0x26,	0x10,	0x20,	0x26,	0x10,	0x20,	0x26,
	0x10,	0x20,	0x26,	0x10,	0x20,	0x26,	0x10,	0x20,
	0x24,	0xF,	0x1F,	0x26,	0x10,	0x20,	0x26,	0x10,
	0x20,	0x26,	0x10,	0x20,	0x24,	0xF,	0x1F,	0x26,
	0x10,	0x20,	0x26,	0x10,	0x20,	0x26,	0x10,	0x20,
	0x26,	0x10,	0x20,	0x26,	0x10,	0x20,	0x26,	0x10,
	0x20,	0x22,	0xE,	0x1C,	0x1B,	0x9,	0x18,	0x18,
	0x7,	0x15,	0x17,	0x8,	0x17,	0x24,	0x15,	0x28,
	0x28,	0x19,	0x30,	0x3A,	0x2D,	'N',	'N',	'F',
	0x7D,	'g',	'f',	0xAD,	'i',	'i',	0xAD,	0x7E,
	0x7E,	0xC3,	0x8D,	0x8D,	0xD4,	0x8E,	0x8D,	0xD4,
	0x91,	0x91,	0xD9,	0x98,	0x97,	0xDE,	0x98,	0x96,
	0xDE,	0x92,	0x92,	0xDB,	0x92,	0x92,	0xDB,	0x97,
	0x95,	0xDE,	0x93,	0x95,	0xDC,	0x93,	0x95,	0xDC,
	0x93,	0x95,	0xDC,	0x93,	0x95,	0xDC,	0x93,	0x95,
	0xDC,	0x97,	0x95,	0xDC,	0x93,	0x95,	0xDC,	0x94,
	0x95,	0xDC,	0x93,	0x95,	0xDC,	0x96,	0x95,	0xDC,
	0x92,	0x92,	0xDB,	0x92,	0x92,	0xDB,	0x92,	0x92,
	0xDB,	0x92,	0x92,	0xDB,	0x92,	0x92,	0xDB,	0x92,
	0x92,	0xDB,	0x97,	0x95,	0xDC,	0x99,	0x98,	0xE2,
	0x98,	0x9B,	0xE2,	0x98,	0x96,	0xDF,	0x8E,	0x90,
	0xD8,	0x84,	0x84,	0xCB,	'b',	'b',	0xA9,	'M',
	'F',	0x7C,	0x35,	0x27,	'D',	0x1D,	0xD,	0x1E,
	0x13,	0x4,	0x13,	0x1D,	0x9,	0x19,	0x28,	0x11,
	0x21,	0x26,	0x10,	0x20,	0x28,	0x11,	0x21,	0x2A,
	0x12,	0x22,	0x2B,	0x12,	0x22,	0x2B,	0x12,	0x23,
	0x2A,	0x11,	0x21,	0x28,	0x11,	0x21,	0x2A,	0x12,
	0x22,	0x2A,	0x12,	0x22,	0x28,	0x11,	0x21,	0x2A,
	0x12,	0x22,	0x2C,	0x13,	0x24,	0x2D,	0x12,	0x23,
	0x2A,	0x11,	0x21,	0x2A,	0x11,	0x21,	0x2D,	0x12,
	0x23,	0x2C,	0x13,	0x24,	0x36,	0x19,	0x2A,	0x35,
	0x17,	0x27,	0x33,	0x14,	0x25,	0x35,	0x14,	0x24,
	0x35,	0x14,	0x24,	0x35,	0x14,	0x25,	0x35,	0x14,
	0x25,	0x35,	0x14,	0x25,	0x35,	0x14,	0x24,	0x35,
	0x14,	0x25,	0x31,	0x13,	0x24,	0x2C,	0x12,	0x22,
	0x2A,	0x12,	0x22,	0x2E,	0x16,	0x26,	0x2C,	0x12,
	0x23,	0x2A,	0x11,	0x21,	0x2A,	0x11,	0x21,	0x2A,
	0x11,	0x21,	0x2D,	0x15,	0x25,	0x2C,	0x14,	0x25,
	0x2A,	0x11,	0x21,	0x2A,	0x11,	0x21,	0x26,	0x10,
	0x20,	0x26,	0x10,	0x20,	0x28,	0x11,	0x21,	0x28,
	0x11,	0x21,	0x26,	0x10,	0x20,	0x26,	0x10,	0x20,
	0x26,	0x10,	0x20,	0x26,	0x10,	0x20,	0x28,	0x11,
	0x21,	0x2A,	0x11,	0x21,	0x2A,	0x11,	0x21,	0x28,
	0x11,	0x21,	0x26,	0x10,	0x20,	0x26,	0x10,	0x20,
	0x26,	0x10,	0x20,	0x2A,	0x11,	0x21,	0x26,	0x10,
	0x20,	0x28,	0x11,	0x21,	0x26,	0x10,	0x20,	0x28,
	0x11,	0x21,	0x26,	0x10,	0x20,	0x2A,	0x11,	0x21,
	0x2A,	0x11,	0x21,	0x28,	0x11,	0x21,	0x28,	0x11,
	0x21,	0x26,	0x10,	0x20,	0x26,	0x10,	0x20,	0x28,
	0x11,	0x21,	0x28,	0x11,	0x21,	0x28,	0x11,	0x21,
	0x26,	0x10,	0x20,	0x26,	0x10,	0x20,	0x26,	0x10,
	0x20,	0x26,	0x10,	0x20,	0x26,	0x10,	0x20,	0x26,
	0x10,	0x20,	0x26,	0x10,	0x20,	0x26,	0x10,	0x20,
	0x26,	0x10,	0x20,	0x26,	0x10,	0x20,	0x18,	0x7,
	0x16,	0x12,	0x4,	0x13,	0x20,	0x11,	0x22,	0x3E,
	0x33,	'W',	0x5C,	'W',	0x9B,	'z',	'z',	0xBF,
	0x8E,	0x8E,	0xD5,	0x96,	0x95,	0xDC,	0x96,	0x95,
	0xDC,	0x91,	0x91,	0xD9,	0x92,	0x92,	0xDB,	0x96,
	0x95,	0xDC,	0x96,	0x95,	0xDC,	0x97,	0x95,	0xDC,
	0x92,	0x92,	0xDB,	0x92,	0x92,	0xDB,	0x92,	0x92,
	0xDB,	0x92,	0x92,	0xDB,	0x92,	0x92,	0xDB,	0x92,
	0x92,	0xDB,	0x92,	0x92,	0xDB,	0x92,	0x92,	0xDB,
	0x92,	0x92,	0xDB,	0x91,	0x92,	0xDB,	0x92,	0x92,
	0xDB,	0x92,	0x92,	0xDB,	0x92,	0x92,	0xDB,	0x92,
	0x92,	0xDB,	0x92,	0x92,	0xDB,	0x92,	0x92,	0xDB,
	0x92,	0x92,	0xDB,	0x92,	0x92,	0xDB,	0x92,	0x92,
	0xDB,	0x92,	0x92,	0xDB,	0x92,	0x92,	0xDB,	0x92,
	0x92,	0xDB,	0x92,	0x93,	0xDB,	0x92,	0x92,	0xDB,
	0x92,	0x92,	0xDB,	0x92,	0x92,	0xDB,	0x93,	0x95,
	0xDC,	0x97,	0x95,	0xDE,	0x97,	0x98,	0xDF,	0x98,
	0x9B,	0xE3,	0x98,	0x97,	0xDF,	0x7F,	0x81,	0xC7,
	'F',	0x3D,	'j',	0x18,	0x9,	0x17,	0x14,	0x4,
	0x13,	0x20,	0xC,	0x1A,	0x28,	0x11,	0x21,	0x2A,
	0x12,	0x22,	0x2A,	0x13,	0x23,	0x2B,	0x13,	0x23,
	0x2A,	0x11,	0x21,	0x2A,	0x11,	0x21,	0x2C,	0x13,
	0x23,	0x2A,	0x12,	0x22,	0x2A,	0x11,	0x21,	0x2A,
	0x12,	0x22,	0x2B,	0x12,	0x23,	0x2C,	0x12,	0x23,
	0x2A,	0x11,	0x21,	0x2A,	0x11,	0x21,	0x2A,	0x12,
	0x22,	0x2C,	0x13,	0x23,	0x34,	0x19,	0x2A,	0x33,
	0x16,	0x26,	0x33,	0x15,	0x25,	0x35,	0x14,	0x25,
	0x35,	0x14,	0x24,	0x35,	0x14,	0x25,	0x35,	0x14,
	0x25,	0x35,	0x14,	0x25,	0x35,	0x14,	0x25,	0x35,
	0x14,	0x25,	0x31,	0x13,	0x23,	0x28,	0x11,	0x21,
	0x2A,	0x11,	0x21,	0x2A,	0x14,	0x25,	0x2A,	0x12,
	0x23,	0x2A,	0x11,	0x21,	0x2A,	0x11,	0x21,	0x28,
	0x11,	0x21,	0x2B,	0x15,	0x25,	0x2E,	0x18,	0x28,
	0x2A,	0x12,	0x22,	0x2C,	0x12,	0x22,	0x26,	0x10,
	0x20,	0x26,	0x10,	0x20,	0x26,	0x10,	0x20,	0x26,
	0x10,	0x20,	0x26,	0x10,	0x20,	0x26,	0x10,	0x20,
	0x26,	0x10,	0x20,	0x26,	0x10,	0x20,	0x26,	0x10,
	0x20,	0x26,	0x10,	0x20,	0x26,	0x10,	0x20,	0x26,
	0x10,	0x20,	0x26,	0x10,	0x20,	0x26,	0x10,	0x20,
	0x26,	0x10,	0x20,	0x26,	0x10,	0x20,	0x28,	0x11,
	0x21,	0x26,	0x10,	0x20,	0x28,	0x11,	0x21,	0x26,
	0x10,	0x20,	0x26,	0x10,	0x20,	0x2A,	0x11,	0x21,
	0x2A,	0x11,	0x21,	0x2A,	0x11,	0x21,	0x2A,	0x11,
	0x21,	0x28,	0x11,	0x21,	0x26,	0x10,	0x20,	0x2A,
	0x11,	0x21,	0x29,	0x11,	0x21,	0x2A,	0x11,	0x21,
	0x29,	0x11,	0x21,	0x28,	0x11,	0x21,	0x28,	0x11,
	0x21,	0x28,	0x11,	0x21,	0x26,	0x10,	0x20,	0x26,
	0x10,	0x20,	0x26,	0x10,	0x20,	0x22,	0xD,	0x1C,
	0x19,	0x8,	0x17,	0x15,	0x7,	0x16,	0x21,	0x12,
	0x23,	'A',	0x35,	0x5C,	'h',	'i',	0xAD,	0x82,
	0x82,	0xC8,	0x88,	0x87,	0xCF,	0x8E,	0x90,	0xD6,
	0x96,	0x95,	0xDC,	0x92,	0x92,	0xDB,	0x92,	0x92,
	0xDB,	0x92,	0x92,	0xDB,	0x92,	0x92,	0xDB,	0x92,
	0x92,	0xDB,	0x91,	0x93,	0xDB,	0x92,	0x92,	0xDB,
	0x92,	0x92,	0xDB,	0x91,	0x92,	0xDB,	0x91,	0x93,
	0xDB,	0x92,	0x93,	0xDB,	0x92,	0x92,	0xDB,	0x92,
	0x93,	0xDB,	0x92,	0x93,	0xDB,	0x92,	0x92,	0xDB,
	0x92,	0x92,	0xDB,	0x91,	0x92,	0xDB,	0x91,	0x92,
	0xDB,	0x92,	0x92,	0xDB,	0x92,	0x92,	0xDB,	0x92,
	0x92,	0xDB,	0x92,	0x92,	0xDB,	0x91,	0x93,	0xDB,
	0x92,	0x92,	0xDB,	0x92,	0x93,	0xDB,	0x92,	0x92,
	0xDB,	0x92,	0x92,	0xDB,	0x92,	0x92,	0xDB,	0x92,
	0x92,	0xDB,	0x92,	0x92,	0xDB,	0x92,	0x92,	0xDB,
	0x92,	0x92,	0xDB,	0x92,	0x92,	0xDB,	0x92,	0x92,
	0xDB,	0x92,	0x92,	0xDB,	0x91,	0x93,	0xDB,	0x92,
	0x92,	0xDB,	0x91,	0x93,	0xDB,	0x98,	0x97,	0xDE,
	0x99,	0x9F,	0xE3,	'X',	'U',	0x99,	0x34,	0x27,
	'E',	0x17,	0x9,	0x18,	0x18,	0x7,	0x15,	0x27,
	0xF,	0x1F,	0x2A,	0x13,	0x23,	0x2B,	0x12,	0x23,
	0x2A,	0x11,	0x21,	0x2A,	0x11,	0x21,	0x2A,	0x11,
	0x21,	0x28,	0x11,	0x21,	0x28,	0x11,	0x21,	0x28,
	0x11,	0x21,	0x2A,	0x13,	0x23,	0x2D,	0x13,	0x22,
	0x2A,	0x11,	0x21,	0x2A,	0x11,	0x21,	0x28,	0x10,
	0x20,	0x2A,	0x13,	0x23,	0x37,	0x1B,	0x2C,	0x34,
	0x17,	0x27,	0x33,	0x15,	0x25,	0x35,	0x14,	0x25,
	0x34,	0x14,	0x25,	0x35,	0x14,	0x25,	0x35,	0x14,
	0x25,	0x34,	0x14,	0x25,	0x35,	0x14,	0x24,	0x32,
	0x13,	0x23,	0x31,	0x14,	0x24,	0x2C,	0x13,	0x24,
	0x28,	0x11,	0x21,	0x2C,	0x14,	0x24,	0x2D,	0x13,
	0x24,	0x2A,	0x11,	0x21,	0x29,	0x11,	0x21,	0x2B,
	0x13,	0x23,	0x2E,	0x17,	0x27,	0x2C,	0x1A,	0x2B,
	0x2B,	0x13,	0x23,	0x2B,	0x12,	0x22,	0x26,	0x10,
	0x20,	0x26,	0x10,	0x20,	0x26,	0x10,	0x20,	0x26,
	0x10,	0x20,	0x26,	0x10,	0x20,	0x26,	0x10,	0x20,
	0x26,	0x10,	0x20,	0x26,	0x10,	0x20,	0x26,	0x10,
	0x20,	0x26,	0x10,	0x20,	0x26,	0x10,	0x20,	0x26,
	0x10,	0x20,	0x26,	0x10,	0x20,	0x26,	0x10,	0x20,
	0x26,	0x10,	0x20,	0x26,	0x10,	0x20,	0x26,	0x10,
	0x20,	0x26,	0x10,	0x20,	0x26,	0x10,	0x20,	0x26,
	0x10,	0x20,	0x26,	0x10,	0x20,	0x26,	0x10,	0x20,
	0x28,	0x11,	0x21,	0x28,	0x11,	0x21,	0x26,	0x10,
	0x20,	0x26,	0x10,	0x20,	0x26,	0x10,	0x20,	0x26,
	0x10,	0x20,	0x28,	0x11,	0x21,	0x29,	0x11,	0x21,
	0x28,	0x11,	0x21,	0x28,	0x11,	0x21,	0x2A,	0x11,
	0x21,	0x2A,	0x11,	0x21,	0x26,	0x10,	0x20,	0x1E,
	0xB,	0x1A,	0x14,	0x5,	0x14,	0x17,	0x8,	0x17,
	0x2F,	0x21,	0x3B,	'Q',	'K',	0x89,	'v',	'v',
	0xBC,	0x86,	0x86,	0xCB,	0x89,	0x89,	0xD0,	0x8E,
	0x91,	0xD6,	0x92,	0x96,	0xDC,	0x92,	0x93,	0xDB,
	0x91,	0x92,	0xDB,	0x92,	0x93,	0xDB,	0x92,	0x93,
	0xDB,	0x91,	0x93,	0xDB,	0x91,	0x93,	0xDB,	0x91,
	0x93,	0xDB,	0x91,	0x92,	0xDB,	0x91,	0x93,	0xDB,
	0x91,	0x93,	0xDB,	0x91,	0x93,	0xDB,	0x92,	0x93,
	0xDB,	0x91,	0x92,	0xDB,	0x91,	0x93,	0xDB,	0x92,
	0x92,	0xDB,	0x92,	0x92,	0xDB,	0x91,	0x93,	0xDB,
	0x92,	0x92,	0xDB,	0x91,	0x93,	0xDB,	0x91,	0x93,
	0xDB,	0x91,	0x93,	0xDB,	0x91,	0x93,	0xDB,	0x92,
	0x93,	0xDB,	0x91,	0x93,	0xDB,	0x92,	0x93,	0xDB,
	0x91,	0x92,	0xDB,	0x91,	0x93,	0xDB,	0x91,	0x93,
	0xDB,	0x91,	0x93,	0xDB,	0x91,	0x93,	0xDB,	0x92,
	0x92,	0xDB,	0x91,	0x93,	0xDB,	0x92,	0x93,	0xDB,
	0x91,	0x93,	0xDB,	0x91,	0x93,	0xDB,	0x92,	0x92,
	0xDB,	0x91,	0x93,	0xDB,	0x91,	0x93,	0xDB,	0x91,
	0x93,	0xDB,	0x92,	0x92,	0xDB,	0x91,	0x93,	0xDB,
	0x92,	0x93,	0xDB,	0x98,	0x99,	0xE2,	0x9A,	0x9F,
	0xE4,	'X',	'U',	0x9A,	0x2A,	0x1D,	0x32,	0x19,
	0x9,	0x18,	0x18,	0x7,	0x16,	0x28,	0x10,	0x20,
	0x28,	0x11,	0x21,	0x2A,	0x11,	0x21,	0x28,	0x11,
	0x21,	0x28,	0x11,	0x21,	0x28,	0x11,	0x21,	0x26,
	0x10,	0x20,	0x2C,	0x13,	0x23,	0x2B,	0x13,	0x23,
	0x29,	0x11,	0x21,	0x29,	0x11,	0x21,	0x28,	0x11,
	0x21,	0x29,	0x13,	0x23,	0x35,	0x1A,	0x2A,	0x34,
	0x17,	0x27,	0x33,	0x15,	0x25,	0x35,	0x14,	0x25,
	0x34,	0x14,	0x25,	0x35,	0x14,	0x25,	0x34,	0x14,
	0x25,	0x35,	0x14,	0x25,	0x35,	0x14,	0x25,	0x32,
	0x14,	0x24,	0x31,	0x14,	0x24,	0x2F,	0x14,	0x25,
	0x2C,	0x14,	0x24,	0x2C,	0x14,	0x24,	0x2C,	0x14,
	0x24,	0x2A,	0x11,	0x21,	0x28,	0x11,	0x21,	0x2C,
	0x13,	0x23,	0x2E,	0x14,	0x25,	0x2E,	0x19,	0x29,
	0x2A,	0x13,	0x23,	0x29,	0x11,	0x21,	0x26,	0x10,
	0x20,	0x26,	0x10,	0x20,	0x28,	0x10,	0x20,	0x28,
	0x10,	0x20,	0x26,	0x10,	0x20,	0x26,	0x10,	0x20,
	0x28,	0x11,	0x21,	0x28,	0x11,	0x21,	0x28,	0x11,
	0x21,	0x26,	0x10,	0x20,	0x25,	0x10,	0x20,	0x26,
	0x10,	0x20,	0x26,	0x10,	0x20,	0x26,	0x10,	0x20,
	0x26,	0x10,	0x20,	0x26,	0x10,	0x20,	0x25,	0x10,
	0x20,	0x25,	0x10,	0x20,	0x26,	0x10,	0x20,	0x25,
	0x10,	0x20,	0x25,	0x10,	0x20,	0x26,	0x10,	0x20,
	0x25,	0x10,	0x20,	0x26,	0x10,	0x20,	0x26,	0x10,
	0x20,	0x26,	0x10,	0x20,	0x26,	0x10,	0x20,	0x24,
	0x10,	0x1F,	0x26,	0x10,	0x20,	0x26,	0x10,	0x20,
	0x27,	0x11,	0x21,	0x28,	0x11,	0x21,	0x28,	0x11,
	0x21,	0x27,	0x11,	0x21,	0x17,	0x7,	0x15,	0x13,
	0x5,	0x13,	0x33,	0x26,	'D',	'W',	'T',	0x96,
	0x7E,	0x7E,	0xC3,	0x7F,	0x80,	0xC6,	0x8C,	0x8C,
	0xD3,	0x91,	0x93,	0xDB,	0x91,	0x93,	0xDB,	0x91,
	0x93,	0xDB,	0x91,	0x93,	0xDB,	0x91,	0x93,	0xDB,
	0x91,	0x93,	0xDB,	0x91,	0x93,	0xDB,	0x91,	0x93,
	0xDB,	0x91,	0x93,	0xDB,	0x91,	0x93,	0xDB,	0x91,
	0x93,	0xDB,	0x91,	0x93,	0xDB,	0x91,	0x93,	0xDB,
	0x91,	0x93,	0xDB,	0x91,	0x93,	0xDB,	0x91,	0x93,
	0xDB,	0x91,	0x93,	0xDB,	0x91,	0x93,	0xDB,	0x91,
	0x93,	0xDB,	0x92,	0x93,	0xDB,	0x91,	0x93,	0xDB,
	0x91,	0x93,	0xDB,	0x91,	0x93,	0xDB,	0x91,	0x93,
	0xDB,	0x91,	0x93,	0xDB,	0x91,	0x93,	0xDB,	0x91,
	0x93,	0xDB,	0x91,	0x93,	0xDB,	0x92,	0x93,	0xDB,
	0x91,	0x93,	0xDB,	0x91,	0x93,	0xDB,	0x91,	0x93,
	0xDB,	0x92,	0x93,	0xDB,	0x91,	0x93,	0xDB,	0x92,
	0x93,	0xDB,	0x91,	0x93,	0xDB,	0x91,	0x93,	0xDB,
	0x91,	0x93,	0xDB,	0x91,	0x93,	0xDB,	0x91,	0x93,
	0xDB,	0x91,	0x93,	0xDB,	0x91,	0x93,	0xDB,	0x91,
	0x93,	0xDB,	0x91,	0x93,	0xDB,	0x91,	0x93,	0xDB,
	0x91,	0x93,	0xDB,	0x92,	0x93,	0xDB,	0x91,	0x93,
	0xDB,	0x98,	0x99,	0xE2,	0x97,	0x98,	0xDE,	'h',
	'i',	0xB0,	0x2B,	0x1D,	0x33,	0x13,	0x5,	0x13,
	0x18,	0x7,	0x16,	0x29,	0x11,	0x21,	0x29,	0x12,
	0x22,	0x28,	0x11,	0x21,	0x28,	0x10,	0x20,	0x26,
	0x10,	0x20,	0x27,	0x11,	0x21,	0x29,	0x12,	0x22,
	0x28,	0x10,	0x20,	0x29,	0x12,	0x22,	0x2C,	0x13,
	0x22,	0x2C,	0x13,	0x23,	0x35,	0x1A,	0x2A,	0x34,
	0x17,	0x28,	0x32,	0x15,	0x25,	0x34,	0x14,	0x25,
	0x34,	0x15,	0x25,	0x35,	0x14,	0x25,	0x34,	0x14,
	0x25,	0x34,	0x14,	0x25,	0x32,	0x14,	0x24,	0x32,
	0x14,	0x24,	0x32,	0x15,	0x25,	0x2F,	0x14,	0x24,
	0x2C,	0x13,	0x23,	0x2C,	0x14,	0x24,	0x2C,	0x14,
	0x24,	0x2A,	0x11,	0x21,	0x29,	0x11,	0x21,	0x2C,
	0x13,	0x23,	0x2A,	0x13,	0x23,	0x2C,	0x16,	0x26,
	0x2B,	0x13,	0x23,	0x29,	0x11,	0x21,	0x28,	0x11,
	0x21,	0x25,	0x11,	0x20,	0x27,	0x10,	0x20,	0x28,
	0x10,	0x20,	0x28,	0x11,	0x21,	0x27,	0x11,	0x21,
	0x28,	0x11,	0x21,	0x27,	0x11,	0x21,	0x29,	0x11,
	0x21,	0x29,	0x11,	0x21,	0x28,	0x11,	0x21,	0x27,
	0x11,	0x21,	0x29,	0x11,	0x21,	0x29,	0x11,	0x21,
	0x27,	0x11,	0x21,	0x28,	0x11,	0x21,	0x25,	0x11,
	0x20,	0x25,	0x11,	0x20,	0x26,	0x10,	0x20,	0x25,
	0x10,	0x20,	0x26,	0x10,	0x20,	0x27,	0x11,	0x21,
	0x27,	0x11,	0x21,	0x25,	0x10,	0x20,	0x25,	0x10,
	0x20,	0x26,	0x10,	0x20,	0x25,	0x10,	0x20,	0x26,
	0x10,	0x20,	0x26,	0x10,	0x20,	0x25,	0x11,	0x20,
	0x26,	0x10,	0x20,	0x25,	0x10,	0x20,	0x1D,	0xB,
	0x1A,	0x14,	0x5,	0x13,	0x1D,	0xF,	0x1F,	'C',
	0x3A,	'e',	0x7E,	0x7E,	0xC3,	0x7E,	0x7E,	0xC3,
	0x7F,	0x82,	0xC7,	0x8D,	0x8C,	0xD4,	0x95,	0x96,
	0xDC,	0x91,	0x93,	0xDB,	0x91,	0x93,	0xDB,	0x91,
	0x93,	0xDB,	0x91,	0x93,	0xDB,	0x91,	0x93,	0xDB,
	0x91,	0x93,	0xDB,	0x91,	0x93,	0xDB,	0x91,	0x93,
	0xDB,	0x91,	0x93,	0xDB,	0x91,	0x93,	0xDB,	0x91,
	0x93,	0xDB,	0x91,	0x93,	0xDB,	0x91,	0x93,	0xDB,
	0x91,	0x93,	0xDB,	0x91,	0x93,	0xDB,	0x91,	0x93,
	0xDB,	0x91,	0x93,	0xDB,	0x91,	0x93,	0xDB,	0x91,
	0x93,	0xDB,	0x91,	0x93,	0xDB,	0x91,	0x93,	0xDB,
	0x91,	0x93,	0xDB,	0x91,	0x93,	0xDB,	0x91,	0x93,
	0xDB,	0x91,	0x93,	0xDB,	0x91,	0x93,	0xDB,	0x91,
	0x93,	0xDB,	0x91,	0x93,	0xDB,	0x91,	0x93,	0xDB,
	0x91,	0x93,	0xDB,	0x91,	0x93,	0xDB,	0x91,	0x93,
	0xDB,	0x91,	0x93,	0xDB,	0x91,	0x93,	0xDB,	0x91,
	0x93,	0xDB,	0x91,	0x93,	0xDB,	0x91,	0x93,	0xDB,
	0x91,	0x93,	0xDB,	0x91,	0x93,	0xDB,	0x91,	0x93,
	0xDB,	0x91,	0x93,	0xDB,	0x91,	0x93,	0xDB,	0x91,
	0x93,	0xDB,	0x91,	0x93,	0xDB,	0x91,	0x93,	0xDB,
	0x91,	0x93,	0xDB,	0x91,	0x93,	0xDB,	0x91,	0x93,
	0xDB,	0x91,	0x93,	0xDB,	0x91,	0x93,	0xDB,	0x98,
	0x9C,	0xE2,	0x89,	0x8C,	0xD3,	0x3A,	0x2E,	'Q',
	0x1D,	0xF,	0x1F,	0x15,	0x5,	0x14,	0x20,	0xC,
	0x1B,	0x2B,	0x13,	0x23,	0x29,	0x11,	0x21,	0x26,
	0x10,	0x20,	0x28,	0x11,	0x21,	0x28,	0x11,	0x21,
	0x26,	0xF,	0x1F,	0x29,	0x12,	0x22,	0x2C,	0x14,
	0x23,	0x2C,	0x14,	0x24,	0x33,	0x1A,	0x2A,	0x34,
	0x17,	0x27,	0x34,	0x15,	0x26,	0x34,	0x15,	0x25,
	0x34,	0x15,	0x24,	0x34,	0x14,	0x25,	0x34,	0x15,
	0x25,	0x34,	0x15,	0x25,	0x34,	0x15,	0x25,	0x31,
	0x14,	0x24,	0x30,	0x14,	0x24,	0x2A,	0x13,	0x23,
	0x27,	0x12,	0x22,	0x2C,	0x14,	0x24,	0x2C,	0x14,
	0x24,	0x29,	0x11,	0x21,	0x29,	0x12,	0x22,	0x28,
	0x12,	0x22,	0x28,	0x12,	0x22,	0x2C,	0x15,	0x26,
	0x2B,	0x13,	0x23,	0x29,	0x11,	0x21,	0x27,	0x11,
	0x21,	0x25,	0x10,	0x20,	0x29,	0x11,	0x21,	0x29,
	0x12,	0x22,	0x2C,	0x13,	0x23,	0x27,	0x11,	0x21,
	0x27,	0x11,	0x21,	0x26,	0x11,	0x21,	0x27,	0x11,
	0x21,	0x29,	0x11,	0x21,	0x27,	0x11,	0x21,	0x25,
	0x10,	0x20,	0x27,	0x11,	0x21,	0x25,	0x11,	0x20,
	0x28,	0x11,	0x21,	0x29,	0x11,	0x21,	0x29,	0x11,
	0x21,	0x29,	0x11,	0x21,	0x27,	0x11,	0x21,	0x29,
	0x12,	0x22,	0x27,	0x11,	0x21,	0x27,	0x11,	0x21,
	0x29,	0x12,	0x22,	0x29,	0x12,	0x22,	0x2B,	0x12,
	0x22,	0x29,	0x11,	0x21,	0x27,	0x11,	0x21,	0x27,
	0x11,	0x21,	0x27,	0x11,	0x21,	0x27,	0x11,	0x21,
	0x27,	0x11,	0x21,	0x13,	0x5,	0x13,	0x19,	0xB,
	0x1A,	'J',	'E',	'w',	'r',	'u',	0xB9,	0x7E,
	0x80,	0xC3,	0x7E,	0x80,	0xC6,	0x89,	0x89,	0xD0,
	0x91,	0x93,	0xDB,	0x92,	0x96,	0xDC,	0x90,	0x93,
	0xDB,	0x91,	0x93,	0xDB,	0x90,	0x93,	0xDB,	0x91,
	0x93,	0xDB,	0x91,	0x93,	0xDB,	0x90,	0x93,	0xDB,
	0x91,	0x93,	0xDB,	0x91,	0x93,	0xDB,	0x91,	0x93,
	0xDB,	0x91,	0x93,	0xDB,	0x91,	0x93,	0xDB,	0x91,
	0x93,	0xDB,	0x91,	0x93,	0xDB,	0x91,	0x93,	0xDB,
	0x90,	0x93,	0xDB,	0x90,	0x93,	0xDB,	0x91,	0x93,
	0xDB,	0x91,	0x93,	0xDB,	0x90,	0x93,	0xDB,	0x91,
	0x93,	0xDB,	0x91,	0x93,	0xDB,	0x91,	0x93,	0xDB,
	0x91,	0x93,	0xDB,	0x91,	0x93,	0xDB,	0x91,	0x93,
	0xDB,	0x91,	0x93,	0xDB,	0x91,	0x93,	0xDB,	0x91,
	0x94,	0xDB,	0x91,	0x93,	0xDB,	0x91,	0x93,	0xDB,
	0x91,	0x93,	0xDB,	0x91,	0x93,	0xDB,	0x91,	0x93,
	0xDB,	0x91,	0x93,	0xDB,	0x90,	0x93,	0xDB,	0x91,
	0x93,	0xDB,	0x91,	0x93,	0xDB,	0x91,	0x93,	0xDB,
	0x91,	0x93,	0xDB,	0x91,	0x93,	0xDB,	0x91,	0x93,
	0xDB,	0x91,	0x93,	0xDB,	0x91,	0x93,	0xDB,	0x91,
	0x93,	0xDB,	0x91,	0x93,	0xDB,	0x91,	0x93,	0xDB,
	0x90,	0x93,	0xDB,	0x91,	0x93,	0xDB,	0x91,	0x93,
	0xDB,	0x91,	0x93,	0xDB,	0x91,	0x93,	0xDB,	0x91,
	0x93,	0xDB,	0x95,	0x96,	0xDC,	0x98,	0x9C,	0xE2,
	0x82,	0x85,	0xCB,	0x3A,	0x2E,	'R',	0x1D,	0xF,
	0x1E,	0x16,	0x6,	0x14,	0x21,	0xC,	0x1B,	0x26,
	0x11,	0x20,	0x28,	0x11,	0x21,	0x27,	0x11,	0x21,
	0x25,	0x10,	0x1F,	0x27,	0x11,	0x21,	0x2C,	0x13,
	0x23,	0x2C,	0x13,	0x23,	0x37,	0x1B,	0x2B,	0x37,
	0x17,	0x27,	0x34,	0x16,	0x25,	0x34,	0x15,	0x25,
	0x34,	0x15,	0x25,	0x34,	0x15,	0x25,	0x34,	0x15,
	0x25,	0x34,	0x15,	0x25,	0x34,	0x15,	0x25,	0x34,
	0x15,	0x25,	0x31,	0x14,	0x24,	0x2A,	0x13,	0x23,
	0x2A,	0x13,	0x23,	0x2C,	0x14,	0x24,	0x2C,	0x14,
	0x24,	0x29,	0x11,	0x21,	0x29,	0x12,	0x22,	0x29,
	0x12,	0x22,	0x28,	0x11,	0x21,	0x2C,	0x14,	0x24,
	0x2B,	0x13,	0x23,	0x29,	0x11,	0x21,	0x27,	0x11,
	0x21,	0x27,	0x11,	0x21,	0x2B,	0x13,	0x23,	0x2A,
	0x13,	0x23,	0x2C,	0x14,	0x24,	0x27,	0x11,	0x21,
	0x26,	0x11,	0x21,	0x27,	0x11,	0x21,	0x27,	0x11,
	0x21,	0x2B,	0x12,	0x22,	0x2A,	0x13,	0x23,	0x27,
	0x11,	0x21,	0x27,	0x12,	0x21,	0x27,	0x11,	0x21,
	0x27,	0x11,	0x21,	0x27,	0x12,	0x21,	0x2C,	0x13,
	0x23,	0x27,	0x11,	0x21,	0x27,	0x11,	0x21,	0x27,
	0x11,	0x21,	0x27,	0x11,	0x21,	0x27,	0x11,	0x21,
	0x29,	0x12,	0x22,	0x29,	0x11,	0x21,	0x29,	0x12,
	0x22,	0x29,	0x12,	0x22,	0x29,	0x12,	0x22,	0x29,
	0x11,	0x21,	0x29,	0x12,	0x22,	0x21,	0xC,	0x1B,
	0x13,	0x5,	0x13,	0x39,	0x2C,	'L',	'h',	'i',
	0xAE,	0x7D,	0x7F,	0xC2,	0x7E,	0x82,	0xC7,	0x87,
	0x88,	0xCF,	0x8F,	0x92,	0xD9,	0x92,	0x96,	0xDC,
	0x91,	0x93,	0xDB,	0x91,	0x93,	0xDB,	0x90,	0x94,
	0xDB,	0x91,	0x93,	0xDB,	0x91,	0x93,	0xDB,	0x90,
	0x94,	0xDB,	0x91,	0x93,	0xDB,	0x91,	0x93,	0xDB,
	0x91,	0x93,	0xDB,	0x91,	0x93,	0xDB,	0x91,	0x93,
	0xDB,	0x91,	0x94,	0xDB,	0x91,	0x93,	0xDB,	0x90,
	0x94,	0xDB,	0x90,	0x93,	0xDB,	0x91,	0x93,	0xDB,
	0x91,	0x94,	0xDB,	0x90,	0x94,	0xDB,	0x90,	0x94,
	0xDB,	0x90,	0x94,	0xDB,	0x90,	0x93,	0xDB,	0x91,
	0x93,	0xDB,	0x90,	0x94,	0xDB,	0x91,	0x94,	0xDB,
	0x90,	0x94,	0xDB,	0x91,	0x93,	0xDB,	0x90,	0x93,
	0xDB,	0x90,	0x94,	0xDB,	0x91,	0x93,	0xDB,	0x91,
	0x94,	0xDB,	0x91,	0x93,	0xDB,	0x90,	0x94,	0xDB,
	0x90,	0x93,	0xDB,	0x91,	0x94,	0xDB,	0x91,	0x93,
	0xDB,	0x91,	0x93,	0xDB,	0x91,	0x93,	0xDB,	0x91,
	0x93,	0xDB,	0x91,	0x93,	0xDB,	0x91,	0x93,	0xDB,
	0x91,	0x93,	0xDB,	0x90,	0x94,	0xDB,	0x91,	0x93,
	0xDB,	0x91,	0x93,	0xDB,	0x90,	0x93,	0xDB,	0x91,
	0x93,	0xDB,	0x90,	0x93,	0xDB,	0x91,	0x93,	0xDB,
	0x91,	0x93,	0xDB,	0x91,	0x93,	0xDB,	0x91,	0x93,
	0xDB,	0x91,	0x93,	0xDB,	0x91,	0x93,	0xDB,	0x91,
	0x93,	0xDB,	0x91,	0x93,	0xDB,	0x90,	0x93,	0xDB,
	0x95,	0x97,	0xDC,	0x88,	0x8C,	0xD3,	'k',	'p',
	0xB3,	0x3A,	0x2E,	'Q',	0x1C,	0xD,	0x1D,	0x1A,
	0x9,	0x17,	0x25,	0x10,	0x1F,	0x27,	0x11,	0x21,
	0x25,	0x10,	0x1F,	0x27,	0x12,	0x22,	0x2A,	0x13,
	0x23,	0x2C,	0x13,	0x23,	0x38,	0x1C,	0x2C,	0x37,
	0x18,	0x28,	0x34,	0x15,	0x26,	0x34,	0x15,	0x25,
	0x34,	0x15,	0x25,	0x34,	0x15,	0x25,	0x34,	0x15,
	0x25,	0x34,	0x15,	0x25,	0x34,	0x15,	0x25,	0x34,
	0x15,	0x25,	0x30,	0x14,	0x24,	0x2A,	0x13,	0x23,
	0x27,	0x12,	0x22,	0x2C,	0x14,	0x24,	0x2C,	0x13,
	0x23,	0x29,	0x12,	0x21,	0x29,	0x11,	0x21,	0x27,
	0x11,	0x21,	0x27,	0x12,	0x21,	0x2A,	0x13,	0x23,
	0x29,	0x12,	0x21,	0x29,	0x11,	0x21,	0x27,	0x12,
	0x21,	0x25,	0x11,	0x20,	0x29,	0x12,	0x22,	0x2C,
	0x14,	0x24,	0x2C,	0x14,	0x24,	0x27,	0x12,	0x21,
	0x27,	0x12,	0x21,	0x27,	0x12,	0x21,	0x29,	0x12,
	0x21,	0x2B,	0x13,	0x23,	0x2A,	0x13,	0x23,	0x29,
	0x12,	0x22,	0x27,	0x12,	0x21,	0x27,	0x12,	0x21,
	0x27,	0x12,	0x21,	0x2C,	0x13,	0x23,	0x2C,	0x14,
	0x24,	0x2A,	0x13,	0x23,	0x27,	0x11,	0x21,	0x27,
	0x12,	0x21,	0x27,	0x11,	0x21,	0x2C,	0x13,	0x23,
	0x2A,	0x13,	0x23,	0x29,	0x12,	0x22,	0x27,	0x12,
	0x21,	0x26,	0x12,	0x21,	0x27,	0x12,	0x21,	0x29,
	0x12,	0x22,	0x27,	0x12,	0x21,	0x12,	0x5,	0x13,
	0x25,	0x18,	0x2D,	'y',	0x7C,	0xC0,	0x7D,	0x7F,
	0xC3,	0x81,	0x83,	0xC8,	0x8F,	0x93,	0xD9,	0x95,
	0x97,	0xDC,	0x90,	0x93,	0xDB,	0x90,	0x94,	0xDB,
	0x90,	0x94,	0xDB,	0x90,	0x94,	0xDB,	0x90,	0x94,
	0xDB,	0x90,	0x93,	0xDB,	0x90,	0x93,	0xDB,	0x90,
	0x94,	0xDB,	0x90,	0x94,	0xDB,	0x90,	0x94,	0xDB,
	0x90,	0x94,	0xDB,	0x91,	0x93,	0xDB,	0x90,	0x94,
	0xDB,	0x90,	0x93,	0xDB,	0x90,	0x94,	0xDB,	0x90,
	0x94,	0xDB,	0x90,	0x94,	0xDB,	0x90,	0x93,	0xDB,
	0x90,	0x94,	0xDB,	0x90,	0x94,	0xDB,	0x90,	0x94,
	0xDB,	0x90,	0x94,	0xDB,	0x90,	0x94,	0xDB,	0x90,
	0x94,	0xDB,	0x90,	0x94,	0xDB,	0x90,	0x94,	0xDB,
	0x90,	0x93,	0xDB,	0x90,	0x94,	0xDB,	0x90,	0x94,
	0xDB,	0x90,	0x94,	0xDB,	0x90,	0x94,	0xDB,	0x90,
	0x94,	0xDB,	0x90,	0x94,	0xDB,	0x90,	0x94,	0xDB,
	0x90,	0x93,	0xDB,	0x90,	0x93,	0xDB,	0x91,	0x94,
	0xDB,	0x90,	0x94,	0xDB,	0x90,	0x94,	0xDB,	0x90,
	0x94,	0xDB,	0x90,	0x94,	0xDB,	0x90,	0x94,	0xDB,
	0x90,	0x94,	0xDB,	0x90,	0x94,	0xDB,	0x90,	0x94,
	0xDB,	0x91,	0x94,	0xDB,	0x90,	0x94,	0xDB,	0x90,
	0x94,	0xDB,	0x90,	0x93,	0xDB,	0x90,	0x93,	0xDB,
	0x90,	0x94,	0xDB,	0x90,	0x94,	0xDB,	0x91,	0x93,
	0xDB,	0x90,	0x94,	0xDB,	0x90,	0x94,	0xDB,	0x90,
	0x94,	0xDB,	0x90,	0x94,	0xDB,	0x90,	0x94,	0xDB,
	0x90,	0x93,	0xDB,	0x95,	0x96,	0xDC,	0x8C,	0x8D,
	0xD3,	0x85,	0x87,	0xCB,	'E',	0x3E,	'l',	0x12,
	0x5,	0x13,	0x16,	0x6,	0x15,	0x29,	0x11,	0x21,
	0x27,	0x12,	0x21,	0x25,	0x11,	0x20,	0x25,	0x11,
	0x20,	0x29,	0x13,	0x23,	0x36,	0x1C,	0x2C,	0x37,
	0x17,	0x28,	0x34,	0x16,	0x25,	0x34,	0x15,	0x25,
	0x34,	0x15,	0x25,	0x33,	0x15,	0x25,	0x34,	0x15,
	0x25,	0x34,	0x15,	0x25,	0x34,	0x15,	0x25,	0x34,
	0x15,	0x25,	0x31,	0x15,	0x25,	0x2A,	0x13,	0x23,
	0x27,	0x12,	0x22,	0x2C,	0x13,	0x23,	0x2C,	0x13,
	0x23,	0x27,	0x11,	0x20,	0x29,	0x12,	0x22,	0x2A,
	0x12,	0x22,	0x27,	0x12,	0x21,	0x2A,	0x13,	0x23,
	0x27,	0x12,	0x21,	0x29,	0x12,	0x21,	0x27,	0x12,
	0x21,	0x25,	0x11,	0x20,	0x25,	0x11,	0x20,	0x2C,
	0x13,	0x23,	0x2B,	0x14,	0x24,	0x27,	0x12,	0x21,
	0x29,	0x12,	0x22,	0x29,	0x12,	0x22,	0x29,	0x12,
	0x22,	0x2B,	0x13,	0x23,	0x29,	0x12,	0x22,	0x27,
	0x12,	0x21,	0x29,	0x12,	0x22,	0x29,	0x13,	0x22,
	0x27,	0x12,	0x21,	0x2B,	0x13,	0x23,	0x2D,	0x15,
	0x25,	0x2A,	0x13,	0x23,	0x29,	0x12,	0x22,	0x29,
	0x13,	0x23,	0x29,	0x12,	0x22,	0x2C,	0x14,	0x24,
	0x2D,	0x16,	0x25,	0x2A,	0x13,	0x23,	0x26,	0x11,
	0x20,	0x26,	0x12,	0x21,	0x27,	0x12,	0x21,	0x22,
	0xE,	0x1C,	0x11,	0x5,	0x13,	0x30,	0x23,	0x3F,
	'z',	0x7D,	0xC2,	'y',	0x7C,	0xC0,	0x86,	0x88,
	0xCF,	0x94,	0x97,	0xDC,	0x90,	0x94,	0xDB,	0x90,
	0x94,	0xDB,	0x90,	0x94,	0xDB,	0x90,	0x94,	0xDB,
	0x90,	0x94,	0xDB,	0x90,	0x94,	0xDB,	0x90,	0x94,
	0xDB,	0x90,	0x94,	0xDB,	0x94,	0x97,	0xDC,	0x90,
	0x94,	0xDB,	0x90,	0x94,	0xDB,	0x90,	0x94,	0xDB,
	0x90,	0x94,	0xDB,	0x90,	0x94,	0xDB,	0x90,	0x94,
	0xDB,	0x90,	0x94,	0xDB,	0x90,	0x94,	0xDB,	0x90,
	0x94,	0xDB,	0x90,	0x94,	0xDB,	0x90,	0x94,	0xDB,
	0x90,	0x94,	0xDB,	0x90,	0x94,	0xDB,	0x90,	0x94,
	0xDB,	0x90,	0x94,	0xDB,	0x90,	0x94,	0xDB,	0x90,
	0x94,	0xDB,	0x90,	0x94,	0xDB,	0x90,	0x94,	0xDB,
	0x90,	0x94,	0xDB,	0x90,	0x94,	0xDB,	0x90,	0x94,
	0xDB,	0x90,	0x94,	0xDB,	0x90,	0x94,	0xDB,	0x90,
	0x94,	0xDB,	0x90,	0x94,	0xDB,	0x90,	0x94,	0xDB,
	0x90,	0x94,	0xDB,	0x90,	0x94,	0xDB,	0x90,	0x94,
	0xDB,	0x90,	0x94,	0xDB,	0x90,	0x94,	0xDB,	0x90,
	0x94,	0xDB,	0x90,	0x94,	0xDB,	0x90,	0x94,	0xDB,
	0x90,	0x94,	0xDB,	0x90,	0x94,	0xDB,	0x90,	0x94,
	0xDB,	0x90,	0x94,	0xDB,	0x90,	0x94,	0xDB,	0x90,
	0x94,	0xDB,	0x90,	0x94,	0xDB,	0x90,	0x94,	0xDB,
	0x90,	0x94,	0xDB,	0x90,	0x94,	0xDB,	0x90,	0x94,
	0xDB,	0x90,	0x94,	0xDB,	0x90,	0x94,	0xDB,	0x90,
	0x94,	0xDB,	0x90,	0x94,	0xDB,	0x90,	0x94,	0xDB,
	0x90,	0x94,	0xDB,	0x90,	0x94,	0xDB,	0x90,	0x94,
	0xDB,	0x8D,	0x92,	0xD8,	0x81,	0x83,	0xC8,	0x38,
	0x2E,	'N',	0x1C,	0xE,	0x1E,	0x13,	0x5,	0x13,
	0x23,	0xF,	0x1E,	0x27,	0x12,	0x21,	0x25,	0x10,
	0x1F,	0x27,	0x12,	0x22,	0x37,	0x1C,	0x2C,	0x36,
	0x17,	0x28,	0x34,	0x16,	0x25,	0x33,	0x15,	0x25,
	0x33,	0x15,	0x25,	0x34,	0x15,	0x25,	0x34,	0x15,
	0x25,	0x36,	0x16,	0x26,	0x34,	0x15,	0x25,	0x33,
	0x15,	0x25,	0x30,	0x14,	0x24,	0x29,	0x12,	0x22,
	0x27,	0x13,	0x22,	0x2A,	0x13,	0x23,	0x29,	0x12,
	0x22,	0x25,	0x11,	0x20,	0x27,	0x11,	0x21,	0x2A,
	0x13,	0x23,	0x2A,	0x13,	0x23,	0x2A,	0x13,	0x23,
	0x27,	0x12,	0x21,	0x27,	0x12,	0x21,	0x29,	0x12,
	0x21,	0x29,	0x12,	0x21,	0x27,	0x12,	0x21,	0x2B,
	0x13,	0x23,	0x2A,	0x13,	0x23,	0x27,	0x12,	0x21,
	0x2A,	0x13,	0x23,	0x29,	0x13,	0x22,	0x29,	0x13,
	0x22,	0x28,	0x13,	0x22,	0x27,	0x12,	0x21,	0x27,
	0x12,	0x21,	0x2A,	0x13,	0x23,	0x2A,	0x13,	0x23,
	0x29,	0x12,	0x21,	0x2B,	0x13,	0x23,	0x2D,	0x15,
	0x25,	0x2A,	0x13,	0x23,	0x2C,	0x14,	0x24,	0x2C,
	0x14,	0x24,	0x2A,	0x13,	0x23,	0x2B,	0x14,	0x24,
	0x2D,	0x16,	0x25,	0x2A,	0x13,	0x23,	0x29,	0x13,
	0x23,	0x2A,	0x13,	0x23,	0x2A,	0x13,	0x23,	0x14,
	0x6,	0x14,	0x2E,	0x21,	0x39,	't',	'z',	0xBC,
	'z',	0x7D,	0xC1,	0x82,	0x87,	0xCB,	0x90,	0x94,
	0xDB,	0x90,	0x94,	0xDB,	0x90,	0x94,	0xDB,	0x8F,
	0x94,	0xDB,	0x90,	0x94,	0xDB,	0x90,	0x94,	0xDB,
	0x90,	0x94,	0xDB,	0x90,	0x94,	0xDB,	0x95,	0x99,
	0xDE,	0x8F,	0x93,	0xD9,	0x8B,	0x8F,	0xD5,	0x96,
	0x9D,	0xE2,	0x95,	0x99,	0xDE,	0x94,	0x97,	0xDC,
	0x95,	0x97,	0xDC,	0x94,	0x97,	0xDC,	0x90,	0x94,
	0xDB,	0x90,	0x94,	0xDB,	0x90,	0x94,	0xDB,	0x90,
	0x94,	0xDB,	0x90,	0x94,	0xDB,	0x90,	0x94,	0xDB,
	0x90,	0x94,	0xDB,	0x8F,	0x94,	0xDB,	0x90,	0x94,
	0xDB,	0x90,	0x94,	0xDB,	0x90,	0x94,	0xDB,	0x90,
	0x94,	0xDB,	0x90,	0x94,	0xDB,	0x90,	0x94,	0xDB,
	0x90,	0x94,	0xDB,	0x90,	0x94,	0xDB,	0x90,	0x94,
	0xDB,	0x90,	0x94,	0xDB,	0x90,	0x94,	0xDB,	0x90,
	0x94,	0xDB,	0x90,	0x94,	0xDB,	0x90,	0x94,	0xDB,
	0x90,	0x94,	0xDB,	0x90,	0x94,	0xDB,	0x90,	0x94,
	0xDB,	0x90,	0x94,	0xDB,	0x90,	0x94,	0xDB,	0x90,
	0x94,	0xDB,	0x90,	0x94,	0xDB,	0x90,	0x94,	0xDB,
	0x90,	0x94,	0xDB,	0x90,	0x94,	0xDB,	0x90,	0x94,
	0xDB,	0x90,	0x94,	0xDB,	0x90,	0x94,	0xDB,	0x90,
	0x94,	0xDB,	0x90,	0x94,	0xDB,	0x90,	0x94,	0xDB,
	0x90,	0x94,	0xDB,	0x90,	0x94,	0xDB,	0x90,	0x94,
	0xDB,	0x90,	0x94,	0xDB,	0x90,	0x94,	0xDB,	0x90,
	0x94,	0xDB,	0x90,	0x94,	0xDB,	0x90,	0x94,	0xDB,
	0x90,	0x94,	0xDB,	0x90,	0x94,	0xDB,	0x90,	0x94,
	0xDB,	0x8F,	0x94,	0xDB,	0x90,	0x94,	0xD9,	0x86,
	0x88,	0xCF,	'l',	'q',	0xB5,	0x39,	0x2F,	'Q',
	0x16,	0x8,	0x17,	0x1D,	0xC,	0x1A,	0x25,	0x11,
	0x20,	0x27,	0x13,	0x22,	0x35,	0x1A,	0x2A,	0x34,
	0x17,	0x28,	0x33,	0x16,	0x25,	0x33,	0x15,	0x25,
	0x33,	0x15,	0x25,	0x33,	0x15,	0x25,	0x33,	0x15,
	0x25,	0x35,	0x16,	0x26,	0x33,	0x15,	0x25,	0x33,
	0x15,	0x25,	0x2E,	0x13,	0x23,	0x25,	0x11,	0x20,
	0x26,	0x12,	0x21,	0x27,	0x12,	0x21,	0x27,	0x12,
	0x21,	0x25,	0x11,	0x20,	0x27,	0x12,	0x21,	0x27,
	0x13,	0x22,	0x2A,	0x13,	0x23,	0x2A,	0x14,	0x23,
	0x25,	0x11,	0x20,	0x26,	0x12,	0x21,	0x25,	0x11,
	0x20,	0x27,	0x12,	0x21,	0x27,	0x12,	0x21,	0x29,
	0x13,	0x23,	0x29,	0x14,	0x23,	0x27,	0x12,	0x21,
	0x29,	0x13,	0x22,	0x29,	0x13,	0x22,	0x28,	0x12,
	0x21,	0x27,	0x12,	0x21,	0x27,	0x13,	0x22,	0x27,
	0x12,	0x21,	0x29,	0x13,	0x22,	0x29,	0x12,	0x21,
	0x2A,	0x13,	0x22,	0x2B,	0x13,	0x23,	0x2B,	0x15,
	0x25,	0x2A,	0x14,	0x23,	0x2E,	0x14,	0x24,	0x2C,
	0x14,	0x23,	0x2A,	0x14,	0x23,	0x2B,	0x14,	0x24,
	0x2B,	0x15,	0x25,	0x29,	0x12,	0x21,	0x28,	0x12,
	0x21,	0x27,	0x12,	0x21,	0x22,	0xE,	0x1C,	0x18,
	0xB,	0x1A,	'i',	'l',	0xB0,	'z',	0x7E,	0xC2,
	'z',	0x7E,	0xC1,	0x8E,	0x93,	0xD9,	0x90,	0x94,
	0xDB,	0x90,	0x94,	0xDB,	0x8F,	0x94,	0xDB,	0x8F,
	0x94,	0xDB,	0x8F,	0x94,	0xDB,	0x8F,	0x94,	0xDB,
	0x95,	0x99,	0xDE,	0x96,	0x9D,	0xE3,	'x',	0x7F,
	0xC6,	0x30,	0x28,	'G',	0x25,	0x19,	0x2E,	'T',
	'V',	0x9E,	'n',	'v',	0xBD,	0x85,	0x88,	0xD0,
	0x81,	0x87,	0xCF,	0x87,	0x8A,	0xD1,	0x95,	0x99,
	0xDF,	0x96,	0x9A,	0xE2,	0x96,	0x9A,	0xE2,	0x95,
	0x9A,	0xDF,	0x95,	0x9A,	0xDF,	0x94,	0x97,	0xDE,
	0x8F,	0x94,	0xDB,	0x90,	0x94,	0xDB,	0x90,	0x94,
	0xDB,	0x90,	0x94,	0xDB,	0x90,	0x94,	0xDB,	0x8F,
	0x94,	0xDB,	0x8F,	0x94,	0xDB,	0x8F,	0x94,	0xDB,
	0x90,	0x94,	0xDB,	0x90,	0x94,	0xDB,	0x90,	0x94,
	0xDB,	0x90,	0x94,	0xDB,	0x90,	0x94,	0xDB,	0x90,
	0x94,	0xDB,	0x8F,	0x94,	0xDB,	0x90,	0x94,	0xDB,
	0x90,	0x94,	0xDB,	0x90,	0x94,	0xDB,	0x8F,	0x94,
	0xDB,	0x90,	0x94,	0xDB,	0x94,	0x97,	0xDC,	0x94,
	0x97,	0xDC,	0x94,	0x97,	0xDC,	0x8F,	0x94,	0xDB,
	0x90,	0x94,	0xDB,	0x8F,	0x94,	0xDB,	0x90,	0x94,
	0xDB,	0x8F,	0x94,	0xDB,	0x90,	0x94,	0xDB,	0x8F,
	0x94,	0xDB,	0x8F,	0x94,	0xDB,	0x8F,	0x94,	0xDB,
	0x90,	0x94,	0xDB,	0x8F,	0x94,	0xDB,	0x90,	0x94,
	0xDB,	0x8F,	0x94,	0xDB,	0x90,	0x94,	0xDB,	0x90,
	0x94,	0xDB,	0x90,	0x94,	0xDB,	0x90,	0x94,	0xDB,
	0x8F,	0x94,	0xDB,	0x90,	0x94,	0xDB,	0x90,	0x94,
	0xDB,	0x90,	0x94,	0xDB,	0x8F,	0x94,	0xDB,	0x90,
	0x94,	0xDB,	0x81,	0x86,	0xCA,	0x80,	0x83,	0xC7,
	0x33,	0x27,	'D',	0x11,	0x5,	0x13,	0x21,	0xE,
	0x1C,	0x27,	0x13,	0x22,	0x32,	0x19,	0x2A,	0x33,
	0x17,	0x28,	0x33,	0x16,	0x25,	0x33,	0x15,	0x25,
	0x33,	0x15,	0x25,	0x33,	0x15,	0x25,	0x33,	0x15,
	0x25,	0x35,	0x16,	0x26,	0x33,	0x15,	0x25,	0x33,
	0x15,	0x25,	0x2E,	0x14,	0x23,	0x25,	0x11,	0x20,
	0x27,	0x12,	0x21,	0x27,	0x12,	0x21,	0x29,	0x12,
	0x21,	0x29,	0x12,	0x21,	0x27,	0x12,	0x21,	0x25,
	0x11,	0x20,	0x25,	0x11,	0x20,	0x27,	0x12,	0x21,
	0x27,	0x11,	0x20,	0x27,	0x12,	0x21,	0x27,	0x12,
	0x21,	0x26,	0x12,	0x21,	0x25,	0x11,	0x20,	0x28,
	0x13,	0x22,	0x2A,	0x14,	0x23,	0x28,	0x13,	0x22,
	0x28,	0x13,	0x22,	0x29,	0x13,	0x22,	0x28,	0x13,
	0x22,	0x28,	0x13,	0x22,	0x29,	0x14,	0x23,	0x27,
	0x12,	0x21,	0x27,	0x12,	0x21,	0x29,	0x12,	0x21,
	0x2A,	0x13,	0x22,	0x2A,	0x14,	0x23,	0x2D,	0x15,
	0x25,	0x27,	0x12,	0x21,	0x29,	0x12,	0x21,	0x27,
	0x11,	0x20,	0x27,	0x11,	0x20,	0x2B,	0x14,	0x23,
	0x2D,	0x16,	0x26,	0x27,	0x12,	0x21,	0x27,	0x11,
	0x20,	0x23,	0xE,	0x1D,	0x11,	0x5,	0x13,	0x39,
	0x2E,	'O',	0x7C,	0x7F,	0xC2,	'z',	0x7D,	0xC1,
	0x88,	0x8A,	0xD1,	0x8F,	0x95,	0xDB,	0x8F,	0x94,
	0xDB,	0x8F,	0x94,	0xDB,	0x8F,	0x95,	0xDB,	0x8F,
	0x95,	0xDB,	0x8F,	0x94,	0xDB,	0x97,	0x9D,	0xE3,
	'l',	'q',	0xB7,	0x3B,	0x32,	'T',	0x3A,	0x28,
	0x38,	0x9E,	'y',	0x8C,	0xB1,	0x8A,	0xA4,	0x8D,
	'i',	'v',	'H',	0x30,	0x40,	'A',	0x2E,	0x40,
	'F',	0x30,	'B',	0x36,	0x25,	0x36,	0x3D,	0x32,
	'S',	0x3B,	0x32,	'S',	'E',	'B',	'x',	0x5E,
	'e',	0xAD,	0x5B,	'b',	0xA9,	0x7E,	0x84,	0xCA,
	0x8F,	0x94,	0xDB,	0x95,	0x99,	0xDF,	0x95,	0x9A,
	0xDE,	0x95,	0x99,	0xDE,	0x95,	0x99,	0xDE,	0x95,
	0x9A,	0xDE,	0x95,	0x99,	0xDE,	0x95,	0x9A,	0xDE,
	0x95,	0x9A,	0xDE,	0x95,	0x99,	0xDE,	0x95,	0x99,
	0xDF,	0x96,	0x9B,	0xE2,	0x96,	0x9A,	0xE2,	0x96,
	0x9A,	0xE2,	0x96,	0x9A,	0xE2,	0x96,	0x9A,	0xE2,
	0x96,	0x9A,	0xE2,	0x96,	0x9B,	0xE2,	0x96,	0x9D,
	0xE2,	0x94,	0x99,	0xDE,	0x8B,	0x8F,	0xD5,	0x86,
	0x8E,	0xD5,	0x89,	0x8F,	0xD5,	0x95,	0x9A,	0xDF,
	0x96,	0x9D,	0xE2,	0x95,	0x9A,	0xDF,	0x95,	0x99,
	0xDE,	0x94,	0x97,	0xDC,	0x90,	0x94,	0xDB,	0x8F,
	0x94,	0xDB,	0x8F,	0x94,	0xDB,	0x8F,	0x94,	0xDB,
	0x90,	0x94,	0xDB,	0x8F,	0x95,	0xDB,	0x90,	0x94,
	0xDB,	0x90,	0x94,	0xDB,	0x8F,	0x94,	0xDB,	0x8F,
	0x94,	0xDB,	0x8F,	0x95,	0xDB,	0x8F,	0x95,	0xDB,
	0x8F,	0x94,	0xDB,	0x8F,	0x95,	0xDB,	0x90,	0x94,
	0xDB,	0x8F,	0x95,	0xDB,	0x8F,	0x94,	0xDB,	0x8F,
	0x94,	0xDB,	0x8C,	0x8F,	0xD5,	0x7C,	0x80,	0xC3,
	'x',	0x7C,	0xBD,	0x32,	0x27,	'B',	0x14,	0x6,
	0x14,	0x27,	0x13,	0x22,	0x33,	0x19,	0x29,	0x33,
	0x18,	0x28,	0x33,	0x16,	0x25,	0x33,	0x15,	0x25,
	0x33,	0x15,	0x25,	0x33,	0x15,	0x25,	0x33,	0x15,
	0x25,	0x35,	0x16,	0x26,	0x33,	0x15,	0x25,	0x33,
	0x15,	0x25,	0x2E,	0x14,	0x23,	0x25,	0x11,	0x20,
	0x25,	0x11,	0x20,	0x25,	0x11,	0x20,	0x25,	0x11,
	0x20,	0x27,	0x12,	0x21,	0x25,	0x11,	0x20,	0x25,
	0x11,	0x20,	0x27,	0x12,	0x21,	0x27,	0x12,	0x21,
	0x27,	0x12,	0x21,	0x27,	0x12,	0x21,	0x26,	0x12,
	0x21,	0x28,	0x12,	0x21,	0x26,	0x12,	0x21,	0x28,
	0x13,	0x22,	0x29,	0x14,	0x23,	0x28,	0x13,	0x22,
	0x2A,	0x14,	0x23,	0x29,	0x14,	0x23,	0x28,	0x13,
	0x22,	0x28,	0x13,	0x22,	0x29,	0x14,	0x23,	0x28,
	0x12,	0x21,	0x28,	0x13,	0x22,	0x28,	0x12,	0x21,
	0x28,	0x12,	0x21,	0x2A,	0x14,	0x23,	0x2B,	0x14,
	0x24,	0x27,	0x12,	0x21,	0x28,	0x12,	0x21,	0x28,
	0x12,	0x21,	0x26,	0x11,	0x20,	0x28,	0x13,	0x22,
	0x2D,	0x15,	0x25,	0x28,	0x12,	0x21,	0x27,	0x10,
	0x1F,	0x12,	0x5,	0x13,	0x2B,	0x1F,	0x35,	'r',
	'x',	0xBC,	'x',	0x7C,	0xBF,	0x85,	0x89,	0xCF,
	0x94,	0x98,	0xDC,	0x8F,	0x95,	0xDB,	0x8F,	0x95,
	0xDB,	0x8F,	0x95,	0xDB,	0x8F,	0x94,	0xDB,	0x8F,
	0x95,	0xDB,	0x95,	0x9A,	0xDE,	0x60,	'e',	0xAA,
	0x2B,	0x1C,	0x2D,	0xB9,	0x91,	0xA6,	0xEC,	0xE7,
	0xE4,	0xFF,	0xFF,	0xFF,	0xFF,	0xFF,	0xFF,	0xFF,
	0xFF,	0xFF,	0xF9,	0xF9,	0xF8,	0xF6,	0xF4,	0xF3,
	0xF9,	0xF6,	0xF5,	0xE9,	0xE7,	0xE4,	0xD1,	0xB4,
	0xC6,	0xC1,	0x9D,	0xB1,	0x80,	0x5C,	'j',	0x86,
	'e',	'v',	'z',	'X',	'h',	0x29,	0x19,	0x28,
	0x20,	0x14,	0x25,	'H',	'G',	0x7F,	'k',	'r',
	0xB9,	'f',	'o',	0xB6,	'f',	'o',	0xB6,	'e',
	'o',	0xB6,	'f',	'o',	0xB6,	'f',	'o',	0xB6,
	'e',	'o',	0xB6,	'h',	'o',	0xB6,	'd',	'l',
	0xB2,	'B',	0x3C,	'i',	'A',	0x38,	'a',	'A',
	0x38,	'c',	'A',	0x38,	'c',	'A',	0x38,	'c',
	'A',	0x38,	'b',	'A',	0x38,	'c',	'B',	0x3A,
	'f',	0x32,	0x27,	'D',	0x31,	0x21,	0x33,	0x40,
	0x2E,	'A',	0x36,	0x26,	0x38,	0x39,	0x31,	'S',
	0x40,	0x38,	'a',	'W',	'Y',	0xA3,	'n',	'v',
	0xBD,	0x8C,	0x93,	0xD9,	0x93,	0x99,	0xDE,	0x97,
	0x9E,	0xE3,	0x94,	0x98,	0xDE,	0x8F,	0x94,	0xDB,
	0x8F,	0x94,	0xDB,	0x8F,	0x94,	0xDB,	0x8F,	0x94,
	0xDB,	0x8F,	0x95,	0xDB,	0x8F,	0x94,	0xDB,	0x8F,
	0x95,	0xDB,	0x8F,	0x94,	0xDB,	0x8F,	0x95,	0xDB,
	0x8F,	0x95,	0xDB,	0x8F,	0x95,	0xDB,	0x8F,	0x94,
	0xDB,	0x8F,	0x95,	0xDB,	0x8F,	0x95,	0xDB,	0x8F,
	0x95,	0xDB,	0x8F,	0x94,	0xDB,	0x8C,	0x8F,	0xD5,
	0x7C,	0x80,	0xC3,	'r',	'x',	0xBB,	0x29,	0x1E,
	0x32,	0x12,	0x5,	0x13,	0x30,	0x18,	0x28,	0x36,
	0x18,	0x28,	0x33,	0x16,	0x26,	0x33,	0x15,	0x25,
	0x33,	0x15,	0x25,	0x33,	0x15,	0x25,	0x37,	0x16,
	0x26,	0x35,	0x16,	0x26,	0x33,	0x15,	0x25,	0x33,
	0x15,	0x25,	0x2D,	0x14,	0x23,	0x25,	0x11,	0x20,
	0x25,	0x11,	0x20,	0x25,	0x11,	0x20,	0x25,	0x11,
	0x20,	0x25,	0x11,	0x20,	0x25,	0x11,	0x20,	0x25,
	0x11,	0x20,	0x25,	0x11,	0x20,	0x25,	0x11,	0x20,
	0x25,	0x11,	0x20,	0x25,	0x11,	0x20,	0x28,	0x12,
	0x21,	0x28,	0x12,	0x21,	0x28,	0x12,	0x21,	0x28,
	0x13,	0x22,	0x28,	0x13,	0x22,	0x28,	0x13,	0x22,
	0x27,	0x12,	0x21,	0x29,	0x14,	0x23,	0x26,	0x12,
	0x21,	0x28,	0x12,	0x21,	0x26,	0x13,	0x22,	0x28,
	0x13,	0x22,	0x28,	0x12,	0x21,	0x28,	0x12,	0x21,
	0x26,	0x12,	0x21,	0x28,	0x12,	0x21,	0x2B,	0x15,
	0x24,	0x28,	0x12,	0x21,	0x26,	0x12,	0x21,	0x26,
	0x12,	0x21,	0x24,	0x11,	0x20,	0x28,	0x13,	0x22,
	0x2B,	0x15,	0x24,	0x26,	0x12,	0x21,	0x20,	0xE,
	0x1C,	0x21,	0x15,	0x25,	't',	0x7B,	0xBC,	'y',
	0x7E,	0xC1,	0x81,	0x86,	0xCA,	0x8F,	0x95,	0xDB,
	0x8F,	0x95,	0xDB,	0x8F,	0x95,	0xDB,	0x8F,	0x95,
	0xDB,	0x8F,	0x95,	0xDB,	0x8F,	0x95,	0xDB,	0x99,
	0xA1,	0xE5,	0x40,	0x3B,	'i',	0x26,	0x14,	0x1F,
	0xCD,	0xB0,	0xC2,	0xFF,	0xFF,	0xFF,	0xFF,	0xFF,
	0xFF,	0xFF,	0xFF,	0xFF,	0xFF,	0xFF,	0xFF,	0xFF,
	0xFF,	0xFF,	0xFF,	0xFF,	0xFF,	0xFF,	0xFF,	0xFF,
	0xFF,	0xFF,	0xFF,	0xFF,	0xFF,	0xFF,	0xFF,	0xFF,
	0xFF,	0xFF,	0xFF,	0xFF,	0xFF,	0xFF,	0xFF,	0xFF,
	0xFF,	0xFF,	0xFF,	0xFF,	0xFF,	0xDB,	0xC8,	0xD3,
	0xB1,	0x8B,	0xA3,	'o',	'Q',	0x5D,	'v',	'W',
	'f',	'v',	'V',	'g',	'v',	'V',	'g',	'v',
	'V',	'g',	'v',	'V',	'g',	'v',	'V',	'g',
	'v',	'V',	'g',	'w',	'V',	'g',	'r',	'Q',
	'a',	0xA5,	0x7D,	0x91,	0xC7,	0xA3,	0xB7,	0xC2,
	0xA0,	0xB4,	0xC2,	0xA0,	0xB4,	0xC2,	0xA0,	0xB4,
	0xC2,	0xA0,	0xB4,	0xC2,	0xA0,	0xB4,	0xC2,	0x9F,
	0xB4,	0xC3,	0xA1,	0xB6,	0xE4,	0xDE,	0xDE,	0xF5,
	0xF4,	0xF3,	0xE9,	0xE7,	0xE4,	0xC6,	0xA3,	0xB7,
	0xBC,	0x95,	0xAD,	0x7E,	0x5B,	'j',	'M',	0x35,
	'A',	0x22,	0x15,	0x28,	0x28,	0x1D,	0x32,	'A',
	0x3C,	'j',	0x7B,	0x82,	0xC7,	0x94,	0x9A,	0xDF,
	0x96,	0x9B,	0xE2,	0x95,	0x9A,	0xDF,	0x8F,	0x95,
	0xDB,	0x8F,	0x95,	0xDB,	0x8F,	0x95,	0xDB,	0x8F,
	0x95,	0xDB,	0x8F,	0x95,	0xDB,	0x8F,	0x95,	0xDB,
	0x8F,	0x95,	0xDB,	0x8F,	0x94,	0xDB,	0x8F,	0x95,
	0xDB,	0x8F,	0x95,	0xDB,	0x8F,	0x95,	0xDB,	0x8F,
	0x95,	0xDB,	0x8F,	0x95,	0xDB,	0x8F,	0x95,	0xDB,
	0x81,	0x86,	0xCA,	'y',	0x7E,	0xC2,	'k',	'q',
	0xB3,	0x21,	0x14,	0x25,	0x20,	0xD,	0x1B,	0x36,
	0x18,	0x28,	0x33,	0x16,	0x26,	0x33,	0x15,	0x25,
	0x33,	0x15,	0x25,	0x33,	0x15,	0x25,	0x33,	0x15,
	0x25,	0x35,	0x16,	0x25,	0x33,	0x15,	0x25,	0x33,
	0x15,	0x25,	0x2D,	0x14,	0x24,	0x25,	0x11,	0x20,
	0x25,	0x11,	0x20,	0x26,	0x12,	0x21,	0x26,	0x12,
	0x21,	0x25,	0x11,	0x20,	0x25,	0x11,	0x20,	0x25,
	0x11,	0x20,	0x25,	0x11,	0x20,	0x25,	0x11,	0x20,
	0x25,	0x11,	0x20,	0x25,	0x11,	0x20,	0x28,	0x12,
	0x21,	0x28,	0x13,	0x22,	0x28,	0x12,	0x21,	0x28,
	0x13,	0x22,	0x28,	0x13,	0x22,	0x28,	0x13,	0x22,
	0x26,	0x12,	0x21,	0x29,	0x14,	0x23,	0x27,	0x12,
	0x21,	0x28,	0x12,	0x21,	0x26,	0x12,	0x21,	0x28,
	0x13,	0x22,	0x28,	0x13,	0x22,	0x28,	0x12,	0x21,
	0x26,	0x12,	0x21,	0x28,	0x12,	0x21,	0x29,	0x14,
	0x23,	0x2A,	0x13,	0x22,	0x26,	0x12,	0x21,	0x26,
	0x12,	0x21,	0x25,	0x11,	0x20,	0x28,	0x12,	0x21,
	0x28,	0x12,	0x21,	0x1F,	0xC,	0x1B,	0x12,	0x5,
	0x13,	0x39,	0x2F,	'Q',	0x7D,	0x81,	0xC6,	'y',
	0x7E,	0xC1,	0x8E,	0x94,	0xD9,	0x8E,	0x95,	0xDB,
	0x8E,	0x95,	0xDB,	0x8F,	0x95,	0xDB,	0x8E,	0x95,
	0xDB,	0x8E,	0x95,	0xDB,	0x93,	0x98,	0xDC,	'O',
	'P',	0x92,	0x33,	0x1F,	0x2E,	0xD1,	0xB6,	0xC7,
	0xFF,	0xFF,	0xFF,	0xFF,	0xFF,	0xFF,	0xFF,	0xFF,
	0xFF,	0xC0,	0x9D,	0xB5,	0xC7,	0xA8,	0xBF,	0xFF,
	0xFF,	0xFF,	0xFF,	0xFF,	0xFF,	0xFF,	0xFF,	0xFF,
	0xFF,	0xFF,	0xFF,	0xFF,	0xFF,	0xFF,	0xFF,	0xFF,
	0xFF,	0xFF,	0xFF,	0xFF,	0xFF,	0xFF,	0xFF,	0xFF,
	0xFF,	0xFF,	0xFF,	0xFF,	0xFF,	0xFF,	0xFF,	0xFF,
	0xFF,	0xFF,	0xFF,	0xFF,	0xFF,	0xFF,	0xFF,	0xFF,
	0xFF,	0xFF,	0xFF,	0xFF,	0xFF,	0xFF,	0xFF,	0xFF,
	0xFF,	0xFF,	0xFF,	0xFF,	0xFF,	0xFF,	0xFF,	0xFF,
	0xFF,	0xFF,	0xFF,	0xFF,	0xFF,	0xFF,	0xFF,	0xFF,
	0xFF,	0xFF,	0xFF,	0xFF,	0xFF,	0xFF,	0xFF,	0xFF,
	0xFF,	0xFF,	0xFF,	0xFF,	0xFF,	0xFF,	0xFF,	0xFF,
	0xFF,	0xFF,	0xFF,	0xFF,	0xFF,	0xFF,	0xFF,	0xFF,
	0xFF,	0xFF,	0xFF,	0xFF,	0xFF,	0xFF,	0xFF,	0xFF,
	0xFF,	0xFF,	0xFF,	0xFF,	0xFF,	0xFF,	0xFF,	0xFF,
	0xFF,	0xFF,	0xFF,	0xFF,	0xFF,	0xFF,	0xEC,	0xEB,
	0xE9,	0xBB,	0x95,	0xAD,	0x8C,	'f',	'r',	'G',
	0x2D,	0x36,	0x30,	0x21,	0x36,	0x35,	0x2B,	'E',
	'D',	0x3F,	'q',	'c',	'k',	0xAF,	0x93,	0x98,
	0xDE,	0x96,	0x9B,	0xE2,	0x93,	0x98,	0xDC,	0x8E,
	0x95,	0xDB,	0x8F,	0x95,	0xDB,	0x8F,	0x95,	0xDB,
	0x8F,	0x95,	0xDB,	0x8F,	0x95,	0xDB,	0x8F,	0x95,
	0xDB,	0x8F,	0x95,	0xDB,	0x8E,	0x95,	0xDB,	0x8F,
	0x95,	0xDB,	0x8E,	0x95,	0xDB,	0x90,	0x98,	0xDC,
	0x87,	0x8B,	0xD0,	's',	0x7B,	0xBD,	0x7D,	0x84,
	0xC6,	'K',	'G',	0x7B,	0x14,	0x7,	0x14,	0x36,
	0x18,	0x28,	0x33,	0x16,	0x26,	0x33,	0x15,	0x25,
	0x33,	0x15,	0x25,	0x33,	0x15,	0x25,	0x33,	0x15,
	0x25,	0x33,	0x15,	0x25,	0x33,	0x15,	0x25,	0x33,
	0x15,	0x25,	0x2F,	0x15,	0x24,	0x28,	0x12,	0x21,
	0x26,	0x12,	0x21,	0x28,	0x12,	0x21,	0x28,	0x12,
	0x21,	0x28,	0x12,	0x21,	0x26,	0x12,	0x21,	0x28,
	0x12,	0x21,	0x26,	0x12,	0x21,	0x24,	0x11,	0x20,
	0x26,	0x12,	0x21,	0x26,	0x12,	0x21,	0x28,	0x14,
	0x23,	0x28,	0x14,	0x23,	0x28,	0x13,	0x22,	0x26,
	0x12,	0x21,	0x28,	0x12,	0x21,	0x26,	0x12,	0x21,
	0x28,	0x13,	0x22,	0x2B,	0x14,	0x23,	0x26,	0x12,
	0x21,	0x28,	0x12,	0x21,	0x26,	0x12,	0x21,	0x28,
	0x12,	0x21,	0x28,	0x12,	0x21,	0x28,	0x12,	0x21,
	0x28,	0x12,	0x21,	0x28,	0x12,	0x21,	0x28,	0x13,
	0x22,	0x2B,	0x14,	0x23,	0x23,	0xF,	0x1F,	0x1B,
	0xC,	0x1A,	0x18,	0x9,	0x16,	0x14,	0x6,	0x15,
	0x1D,	0x5,	0x13,	0x2B,	0x5,	0x13,	0x16,	0x8,
	0x16,	'Y',	'Z',	0x9F,	0x7B,	0x80,	0xC2,	0x80,
	0x84,	0xC8,	0x8F,	0x95,	0xDB,	0x8E,	0x95,	0xDB,
	0x8F,	0x95,	0xDB,	0x8E,	0x95,	0xDB,	0x8E,	0x95,
	0xDB,	0x96,	0xA2,	0xE3,	'X',	'Z',	0xA3,	0x1F,
	0xF,	0x1B,	0xDF,	0xD2,	0xD8,	0xFF,	0xFF,	0xFF,
	0xFF,	0xFF,	0xFF,	0xFF,	0xFF,	0xFF,	0xFF,	0xFF,
	0xFF,	0xD4,	0xBA,	0xCB,	0x3C,	0x26,	0x30,	0x9E,
	'y',	0x91,	0xEC,	0xEB,	0xE9,	0xFB,	0xFB,	0xFB,
	0xFF,	0xFF,	0xFF,	0xFF,	0xFF,	0xFF,	0xFF,	0xFF,
	0xFF,	0xFF,	0xFF,	0xFF,	0xFF,	0xFF,	0xFF,	0xFF,
	0xFF,	0xFF,	0xFF,	0xFF,	0xFF,	0xFF,	0xFF,	0xFF,
	0xFF,	0xFF,	0xFF,	0xFF,	0xFF,	0xFF,	0xFF,	0xFF,
	0xFF,	0xFF,	0xFF,	0xFF,	0xFF,	0xFF,	0xFF,	0xFF,
	0xFF,	0xFF,	0xFF,	0xFF,	0xFF,	0xFF,	0xFF,	0xFF,
	0xFF,	0xFF,	0xFF,	0xFF,	0xFF,	0xFF,	0xFF,	0xFF,
	0xFF,	0xFF,	0xFF,	0xFF,	0xFF,	0xFF,	0xFF,	0xFF,
	0xFF,	0xFF,	0xFF,	0xFF,	0xFF,	0xFF,	0xFF,	0xFF,
	0xFF,	0xFF,	0xFF,	0xFF,	0xFF,	0xFF,	0xFF,	0xFF,
	0xFF,	0xFF,	0xFF,	0xFF,	0xFF,	0xFF,	0xFF,	0xFF,
	0xFF,	0xFF,	0xFF,	0xFF,	0xFF,	0xFF,	0xFF,	0xFF,
	0xFF,	0xFF,	0xFF,	0xFF,	0xFF,	0xFF,	0xFF,	0xFF,
	0xFF,	0xFF,	0xFF,	0xFF,	0xFF,	0xFF,	0xFF,	0xFF,
	0xFB,	0xFB,	0xEC,	0xEB,	0xE7,	0xD8,	0xBE,	0xCD,
	0xA4,	0x7D,	0x91,	'J',	0x32,	0x3F,	0x32,	0x26,
	0x3F,	'J',	'J',	0x87,	0x84,	0x89,	0xCF,	0x96,
	0x9B,	0xE2,	0x90,	0x98,	0xDC,	0x8E,	0x95,	0xDB,
	0x8F,	0x95,	0xDB,	0x8E,	0x95,	0xDB,	0x8E,	0x95,
	0xDB,	0x8F,	0x95,	0xDB,	0x8E,	0x95,	0xDB,	0x8F,
	0x95,	0xDB,	0x8E,	0x95,	0xDB,	0x8E,	0x95,	0xDB,
	0x8D,	0x94,	0xD9,	0x7C,	0x84,	0xC7,	'w',	0x7C,
	0xBF,	's',	0x7B,	0xBC,	0x20,	0x12,	0x23,	0x16,
	0x8,	0x15,	0x31,	0x16,	0x26,	0x33,	0x16,	0x26,
	0x33,	0x16,	0x25,	0x33,	0x15,	0x25,	0x33,	0x16,
	0x25,	0x33,	0x15,	0x25,	0x33,	0x16,	0x25,	0x30,
	0x15,	0x24,	0x30,	0x16,	0x25,	0x2B,	0x14,	0x23,
	0x28,	0x12,	0x21,	0x2A,	0x13,	0x22,	0x2A,	0x13,
	0x22,	0x2A,	0x13,	0x22,	0x2A,	0x13,	0x22,	0x2A,
	0x13,	0x22,	0x28,	0x12,	0x21,	0x2A,	0x14,	0x23,
	0x2A,	0x14,	0x23,	0x2A,	0x13,	0x22,	0x28,	0x13,
	0x22,	0x28,	0x13,	0x22,	0x26,	0x12,	0x21,	0x26,
	0x12,	0x21,	0x26,	0x12,	0x21,	0x26,	0x12,	0x21,
	0x28,	0x13,	0x22,	0x26,	0x12,	0x21,	0x26,	0x12,
	0x21,	0x28,	0x12,	0x21,	0x28,	0x12,	0x21,	0x28,
	0x12,	0x21,	0x28,	0x12,	0x21,	0x26,	0x12,	0x21,
	0x26,	0x12,	0x21,	0x1E,	0xC,	0x1B,	0x15,	0x7,
	0x14,	0x12,	0x5,	0x13,	0x20,	0x5,	0x13,	0x36,
	0x5,	0x14,	'X',	0x5,	0x13,	'o',	0x5,	0x13,
	0xA6,	0x5,	0x13,	'm',	0x8,	0x16,	'O',	'P',
	0x91,	'y',	0x7F,	0xC2,	0x7B,	0x80,	0xC3,	0x8D,
	0x94,	0xD9,	0x8E,	0x95,	0xDB,	0x8E,	0x95,	0xDB,
	0x8E,	0x95,	0xDB,	0x8E,	0x95,	0xDB,	0x94,	0x9A,
	0xDF,	'R',	'S',	0x99,	0x36,	0x23,	0x32,	0xD9,
	0xC8,	0xD1,	0xFF,	0xFF,	0xFF,	0xFF,	0xFF,	0xFF,
	0xFF,	0xFF,	0xFF,	0xFF,	0xFF,	0xFF,	0xFF,	0xFF,
	0xFF,	0xFF,	0xFF,	0xFF,	0xD9,	0xC7,	0xD0,	'q',
	'Q',	0x5D,	'L',	0x33,	0x3C,	'I',	0x2F,	0x3A,
	'k',	'L',	'X',	't',	'U',	0x60,	0xC7,	0xA6,
	0xBD,	0xE9,	0xE7,	0xE5,	0xFF,	0xFF,	0xFF,	0xFF,
	0xFF,	0xFF,	0xFF,	0xFF,	0xFF,	0xFF,	0xFF,	0xFF,
	0xFF,	0xFF,	0xFF,	0xFF,	0xFF,	0xFF,	0xFF,	0xFF,
	0xFF,	0xFF,	0xFF,	0xFF,	0xFF,	0xFF,	0xFF,	0xFF,
	0xFF,	0xFF,	0xFF,	0xFF,	0xFF,	0xFF,	0xFF,	0xFF,
	0xFF,	0xFF,	0xFF,	0xFF,	0xFF,	0xFF,	0xFF,	0xFF,
	0xFF,	0xFF,	0xFF,	0xFF,	0xFF,	0xFF,	0xFF,	0xFF,
	0xFF,	0xFF,	0xFF,	0xFF,	0xFF,	0xFF,	0xFF,	0xFF,
	0xFF,	0xFF,	0xFF,	0xFF,	0xFF,	0xFF,	0xFF,	0xFF,
	0xFF,	0xFF,	0xFF,	0xFF,	0xFF,	0xFF,	0xFF,	0xFF,
	0xFF,	0xFF,	0xFB,	0xFB,	0xFB,	0xD6,	0xBF,	0xCE,
	0xCA,	0xAF,	0xC1,	0xCA,	0xAF,	0xC1,	0xF1,	0xEF,
	0xEE,	0xFF,	0xFF,	0xFF,	0xFF,	0xFF,	0xFF,	0xFF,
	0xFF,	0xFF,	0xFF,	0xFF,	0xFF,	0xFF,	0xFF,	0xFF,
	0xFF,	0xFF,	0xFF,	0xFA,	0xF9,	0xF9,	0xD9,	0xC8,
	0xCF,	'r',	'R',	0x5E,	0x2D,	0x1E,	0x2C,	0x3A,
	0x34,	0x5D,	0x92,	0x99,	0xDE,	0x94,	0x9A,	0xDF,
	0x8E,	0x95,	0xDB,	0x8E,	0x95,	0xDB,	0x8E,	0x95,
	0xDB,	0x8E,	0x95,	0xDB,	0x8E,	0x96,	0xDB,	0x8E,
	0x95,	0xDB,	0x8E,	0x95,	0xDB,	0x8E,	0x95,	0xDB,
	0x8E,	0x96,	0xDB,	0x8C,	0x94,	0xD8,	'y',	0x7E,
	0xC2,	0x7C,	0x82,	0xC3,	'L',	'H',	0x80,	0x15,
	0x9,	0x16,	0x15,	0x6,	0x14,	0x31,	0x16,	0x26,
	0x31,	0x17,	0x26,	0x2F,	0x16,	0x25,	0x31,	0x16,
	0x25,	0x30,	0x16,	0x25,	0x30,	0x16,	0x25,	0x30,
	0x15,	0x24,	0x30,	0x15,	0x24,	0x2D,	0x15,	0x24,
	0x2A,	0x13,	0x22,	0x2A,	0x13,	0x22,	0x28,	0x12,
	0x21,	0x28,	0x12,	0x21,	0x2A,	0x13,	0x22,	0x28,
	0x12,	0x21,	0x26,	0x12,	0x21,	0x28,	0x12,	0x21,
	0x28,	0x12,	0x21,	0x28,	0x13,	0x22,	0x24,	0x11,
	0x1F,	0x24,	0x10,	0x1F,	0x24,	0x11,	0x20,	0x25,
	0x11,	0x20,	0x26,	0x12,	0x21,	0x2A,	0x13,	0x22,
	0x26,	0x12,	0x21,	0x26,	0x12,	0x21,	0x28,	0x12,
	0x21,	0x26,	0x12,	0x21,	0x26,	0x12,	0x21,	0x28,
	0x12,	0x21,	0x28,	0x12,	0x21,	0x21,	0xF,	0x1D,
	0x15,	0x7,	0x15,	0x13,	0x6,	0x13,	0x2C,	0x6,
	0x13,	'L',	0x5,	0x13,	0x81,	0x5,	0x13,	0xB9,
	0x5,	0x14,	0xB9,	0x5,	0x14,	0xB9,	0x5,	0x13,
	0xA8,	0x6,	0x13,	0x2C,	0x11,	0x21,	'o',	0x7C,
	0xBF,	0x7B,	0x80,	0xC2,	0x8B,	0x94,	0xD6,	0x8E,
	0x95,	0xDB,	0x8E,	0x95,	0xDB,	0x8E,	0x96,	0xDB,
	0x8E,	0x95,	0xDB,	0x8E,	0x95,	0xDB,	0x95,	0x9B,
	0xDF,	0x25,	0x1C,	0x32,	0x8A,	'd',	'n',	0xFF,
	0xFF,	0xFF,	0xFF,	0xFF,	0xFF,	0xFF,	0xFF,	0xFF,
	0xFF,	0xFF,	0xFF,	0xFF,	0xFF,	0xFF,	0xFF,	0xFF,
	0xFF,	0xFF,	0xFF,	0xFF,	0xFF,	0xFF,	0xFF,	0xFF,
	0xFF,	0xFF,	0xF4,	0xF3,	0xF1,	0x9D,	'y',	0x91,
	'y',	'W',	'e',	'T',	0x39,	'E',	0x28,	0x16,
	0x21,	0xB6,	0x94,	0xAB,	0xFF,	0xFF,	0xFF,	0xFF,
	0xFF,	0xFF,	0xFF,	0xFF,	0xFF,	0xFF,	0xFF,	0xFF,
	0xFF,	0xFF,	0xFF,	0xFF,	0xFF,	0xFF,	0xFF,	0xFF,
	0xFF,	0xFF,	0xFF,	0xFF,	0xFF,	0xFF,	0xFF,	0xFF,
	0xFF,	0xFF,	0xFF,	0xFF,	0xFF,	0xFF,	0xFF,	0xFF,
	0xFF,	0xFF,	0xFF,	0xFF,	0xFF,	0xFF,	0xFF,	0xFF,
	0xFF,	0xFF,	0xFF,	0xFF,	0xFF,	0xFF,	0xFF,	0xFF,
	0xFF,	0xFF,	0xFF,	0xFF,	0xFF,	0xFF,	0xFF,	0xFF,
	0xFF,	0xFF,	0xFF,	0xFF,	0xFF,	0xFF,	0xFF,	0xFF,
	0xFF,	0xFF,	0xFF,	0xFF,	0xFF,	0xFF,	0xFF,	0xFF,
	0xFF,	0xFF,	0xF9,	0xF9,	0xF8,	'U',	0x3A,	'D',
	0x2E,	0x1A,	0x25,	0x2C,	0x19,	0x25,	'N',	0x36,
	0x40,	0xA0,	0x7D,	0x95,	0xE9,	0xE7,	0xE5,	0xFB,
	0xFB,	0xFB,	0xFF,	0xFF,	0xFF,	0xFF,	0xFF,	0xFF,
	0xFF,	0xFF,	0xFF,	0xFF,	0xFF,	0xFF,	0xFF,	0xFF,
	0xFF,	0xFF,	0xFF,	0xFF,	0xD9,	0xC9,	0xD1,	0x3A,
	0x23,	0x2F,	0x32,	0x28,	'G',	't',	0x7C,	0xC1,
	0x95,	0xA2,	0xE3,	0x8E,	0x96,	0xDB,	0x8E,	0x95,
	0xDB,	0x8E,	0x96,	0xDB,	0x8E,	0x96,	0xDB,	0x8E,
	0x96,	0xDB,	0x8E,	0x96,	0xDB,	0x8E,	0x96,	0xDB,
	0x8E,	0x95,	0xDB,	0x8E,	0x95,	0xDB,	0x7C,	0x84,
	0xC7,	'w',	0x7D,	0xBF,	0x7C,	0x84,	0xC6,	0x2F,
	0x21,	0x37,	0x17,	0x6,	0x14,	0x17,	0x9,	0x16,
	0x31,	0x17,	0x26,	0x31,	0x16,	0x25,	0x33,	0x17,
	0x26,	0x33,	0x17,	0x26,	0x33,	0x16,	0x25,	0x30,
	0x15,	0x24,	0x30,	0x15,	0x24,	0x30,	0x16,	0x25,
	0x2D,	0x15,	0x24,	0x28,	0x13,	0x22,	0x28,	0x12,
	0x21,	0x28,	0x12,	0x21,	0x28,	0x13,	0x22,	0x28,
	0x13,	0x22,	0x26,	0x12,	0x21,	0x26,	0x12,	0x21,
	0x28,	0x13,	0x22,	0x26,	0x13,	0x22,	0x28,	0x13,
	0x22,	0x25,	0x11,	0x20,	0x26,	0x12,	0x21,	0x26,
	0x12,	0x21,	0x26,	0x12,	0x21,	0x29,	0x13,	0x22,
	0x28,	0x12,	0x21,	0x28,	0x12,	0x21,	0x29,	0x13,
	0x22,	0x26,	0x12,	0x21,	0x26,	0x11,	0x20,	0x26,
	0x11,	0x20,	0x1A,	0xB,	0x18,	0x17,	0x6,	0x14,
	0x31,	0x6,	0x14,	0x87,	0x6,	0x14,	0xB5,	0x6,
	0x14,	0xB9,	0x6,	0x14,	0xB9,	0x6,	0x14,	0xB9,
	0x6,	0x14,	0xB9,	0x6,	0x14,	0xB5,	0x6,	0x13,
	0x31,	0x6,	0x14,	0x28,	0x20,	0x36,	'y',	0x7E,
	0xC2,	0x8A,	0x91,	0xD4,	0x8E,	0x96,	0xDB,	0x8D,
	0x95,	0xD9,	0x8D,	0x95,	0xD9,	0x8D,	0x95,	0xD9,
	0x8D,	0x95,	0xD9,	0x8D,	0x96,	0xDB,	0x7F,	0x85,
	0xCB,	0x1A,	0xD,	0x1C,	0xCD,	0xB1,	0xC2,	0xFF,
	0xFF,	0xFF,	0xFF,	0xFF,	0xFF,	0xFF,	0xFF,	0xFF,
	0xFF,	0xFF,	0xFF,	0xFF,	0xFF,	0xFF,	0xFF,	0xFF,
	0xFF,	0xFF,	0xFF,	0xFF,	0xFF,	0xFF,	0xFF,	0xFF,
	0xFF,	0xFF,	0xFF,	0xFF,	0xFF,	0xFF,	0xFF,	0xFF,
	0xFF,	0xFF,	0xFF,	0xFF,	0xFF,	0xFF,	0xF5,	0xF4,
	0xF3,	0xFA,	0xF9,	0xF9,	0xFF,	0xFF,	0xFF,	0xFF,
	0xFF,	0xFF,	0xFF,	0xFF,	0xFF,	0xFF,	0xFF,	0xFF,
	0xFF,	0xFF,	0xFF,	0xFF,	0xFF,	0xFF,	0xFF,	0xFF,
	0xFF,	0xFF,	0xFF,	0xFF,	0xFF,	0xFF,	0xFF,	0xFF,
	0xFF,	0xFF,	0xFF,	0xFF,	0xFF,	0xFF,	0xFF,	0xFF,
	0xFF,	0xFF,	0xFF,	0xFF,	0xFF,	0xFF,	0xFF,	0xFF,
	0xFF,	0xFF,	0xFF,	0xFF,	0xFF,	0xFF,	0xFF,	0xFF,
	0xFF,	0xFF,	0xFF,	0xFF,	0xFF,	0xFF,	0xFF,	0xFF,
	0xFF,	0xFF,	0xFF,	0xFF,	0xFF,	0xFF,	0xFF,	0xFF,
	0xFF,	0xFF,	0xFF,	0xFF,	0xFF,	0xFF,	0xFF,	0xFF,
	0xFF,	0xFF,	0xFF,	0xFF,	0xFF,	0xF6,	0xF6,	0xF5,
	0xF5,	0xF4,	0xF3,	0xF4,	0xF3,	0xF1,	0xC7,	0xA6,
	0xBD,	'q',	'R',	0x5F,	'K',	0x33,	0x3C,	'R',
	0x38,	'B',	0xB5,	0x91,	0xA9,	0xF5,	0xF4,	0xF3,
	0xFF,	0xFF,	0xFF,	0xFF,	0xFF,	0xFF,	0xFF,	0xFF,
	0xFF,	0xFF,	0xFF,	0xFF,	0xFF,	0xFF,	0xFF,	0xF3,
	0xF1,	0xEF,	0xB7,	0x92,	0xA7,	0x30,	0x20,	0x30,
	'Q',	'V',	0x9D,	0x93,	0x9B,	0xDE,	0x8D,	0x96,
	0xDB,	0x8E,	0x96,	0xDB,	0x8E,	0x96,	0xDB,	0x8E,
	0x96,	0xDB,	0x8E,	0x96,	0xDB,	0x8E,	0x96,	0xDB,
	0x8E,	0x96,	0xDB,	0x8D,	0x96,	0xDB,	0x84,	0x8A,
	0xCF,	'w',	0x7C,	0xBD,	'x',	0x80,	0xC3,	0x35,
	0x22,	0x39,	't',	0x6,	0x13,	0x3E,	0x6,	0x13,
	0x14,	0x6,	0x13,	0x1A,	0xA,	0x17,	0x30,	0x15,
	0x24,	0x34,	0x17,	0x26,	0x33,	0x16,	0x25,	0x33,
	0x16,	0x25,	0x33,	0x16,	0x25,	0x34,	0x16,	0x25,
	0x33,	0x16,	0x25,	0x2B,	0x14,	0x23,	0x26,	0x12,
	0x21,	0x26,	0x12,	0x21,	0x26,	0x12,	0x21,	0x26,
	0x12,	0x21,	0x26,	0x12,	0x21,	0x26,	0x12,	0x21,
	0x25,	0x12,	0x20,	0x26,	0x12,	0x21,	0x28,	0x14,
	0x23,	0x26,	0x13,	0x22,	0x28,	0x14,	0x23,	0x28,
	0x14,	0x23,	0x28,	0x14,	0x23,	0x28,	0x14,	0x23,
	0x28,	0x13,	0x22,	0x2A,	0x14,	0x23,	0x27,	0x13,
	0x22,	0x27,	0x13,	0x22,	0x24,	0x11,	0x1F,	0x13,
	0x7,	0x14,	0x21,	0x6,	0x13,	0x84,	0x6,	0x14,
	0xB9,	0x6,	0x14,	0xB9,	0x6,	0x13,	0xB9,	0x6,
	0x14,	0xB9,	0x6,	0x13,	0xB9,	0x6,	0x14,	0xB9,
	0x6,	0x14,	0xB9,	0x6,	0x14,	'T',	0x6,	0x14,
	0x27,	0x22,	0x39,	'p',	'y',	0xBC,	0x80,	0x87,
	0xCB,	0x8D,	0x95,	0xD9,	0x8C,	0x95,	0xD9,	0x8D,
	0x94,	0xD9,	0x8C,	0x94,	0xD9,	0x8C,	0x94,	0xD9,
	0x8C,	0x94,	0xD9,	0x93,	0x9B,	0xE1,	'O',	'R',
	0x99,	'c',	'G',	'P',	0xFA,	0xF9,	0xF8,	0xFF,
	0xFF,	0xFF,	0xFF,	0xFF,	0xFF,	0xFF,	0xFF,	0xFF,
	0xFF,	0xFF,	0xFF,	0xFF,	0xFF,	0xFF,	0xFF,	0xFF,
	0xFF,	0xFF,	0xFF,	0xFF,	0xFF,	0xFF,	0xFF,	0xFF,
	0xFF,	0xFF,	0xFF,	0xFF,	0xFF,	0xFF,	0xFF,	0xFF,
	0xFF,	0xFF,	0xFF,	0xFF,	0xFF,	0xFF,	0xFF,	0xFF,
	0xFF,	0xFF,	0xFF,	0xFF,	0xFF,	0xFF,	0xFF,	0xFF,
	0xFF,	0xFF,	0xFF,	0xFF,	0xFF,	0xFF,	0xFF,	0xFF,
	0xFF,	0xFF,	0xFF,	0xFF,	0xFF,	0xFF,	0xFF,	0xFF,
	0xFF,	0xFF,	0xFF,	0xFF,	0xFF,	0xFF,	0xFF,	0xFF,
	0xFF,	0xFF,	0xFF,	0xFF,	0xFF,	0xFF,	0xFF,	0xFF,
	0xFF,	0xFF,	0xFF,	0xFF,	0xFF,	0xFF,	0xFF,	0xFF,
	0xFF,	0xFF,	0xFF,	0xFF,	0xFF,	0xFF,	0xFF,	0xFF,
	0xFF,	0xFF,	0xFF,	0xFF,	0xFF,	0xFF,	0xFF,	0xFF,
	0xFF,	0xFF,	0xFF,	0xFF,	0xFF,	0xFF,	0xFF,	0xFF,
	0xFF,	0xFF,	0xFF,	0xFF,	0xFF,	0xFF,	0xFF,	0xFF,
	0xFF,	0xFF,	0xFF,	0xFF,	0xFF,	0xFF,	0xFF,	0xFF,
	0xFF,	0xFF,	0xFF,	0xFF,	0xFF,	0xFF,	0xFF,	0xFF,
	0xFF,	0xFF,	0xFF,	0xFF,	0xF5,	0xF4,	0xF3,	0xD8,
	0xC4,	0xCF,	'v',	'U',	'c',	0xD4,	0xBC,	0xCB,
	0xFF,	0xFF,	0xFF,	0xFF,	0xFF,	0xFF,	0xFF,	0xFF,
	0xFF,	0xFF,	0xFF,	0xFF,	0xFF,	0xFF,	0xFF,	0xFF,
	0xFF,	0xFF,	0xFF,	0xFF,	0xFF,	0xC1,	0x9E,	0xB4,
	0x2E,	0x1A,	0x25,	0x5E,	'f',	0xAA,	0x95,	0x9F,
	0xE3,	0x8E,	0x96,	0xDB,	0x8E,	0x96,	0xDB,	0x8D,
	0x96,	0xDB,	0x8E,	0x96,	0xDB,	0x8E,	0x96,	0xDB,
	0x8E,	0x96,	0xDB,	0x8D,	0x96,	0xDB,	0x8A,	0x94,
	0xD8,	'y',	0x7E,	0xC1,	'z',	0x82,	0xC6,	0x39,
	0x3B,	'c',	'Y',	0x6,	0x14,	0xB9,	0x6,	0x13,
	0x87,	0x6,	0x13,	0x3C,	0x6,	0x14,	0x1C,	0x6,
	0x14,	0x17,	0x8,	0x15,	0x2A,	0x13,	0x21,	0x33,
	0x18,	0x27,	0x32,	0x16,	0x25,	0x32,	0x18,	0x27,
	0x30,	0x17,	0x26,	0x2A,	0x14,	0x23,	0x28,	0x14,
	0x23,	0x26,	0x13,	0x22,	0x26,	0x13,	0x22,	0x26,
	0x12,	0x21,	0x27,	0x13,	0x22,	0x28,	0x14,	0x23,
	0x26,	0x12,	0x21,	0x26,	0x13,	0x21,	0x26,	0x13,
	0x22,	0x26,	0x13,	0x22,	0x25,	0x14,	0x23,	0x28,
	0x14,	0x23,	0x26,	0x13,	0x22,	0x26,	0x13,	0x22,
	0x26,	0x13,	0x22,	0x25,	0x13,	0x22,	0x26,	0x13,
	0x22,	0x25,	0x12,	0x21,	0x14,	0x8,	0x14,	0x28,
	0x6,	0x13,	0xA3,	0x6,	0x14,	0xB9,	0x6,	0x13,
	0xB9,	0x6,	0x13,	0xB9,	0x6,	0x14,	0xB9,	0x6,
	0x14,	0xB9,	0x6,	0x14,	0xB9,	0x6,	0x14,	0xB9,
	0x6,	0x13,	'T',	0x6,	0x13,	0x10,	0x6,	0x14,
	'J',	'I',	0x80,	0x7D,	0x83,	0xC7,	0x89,	0x90,
	0xD5,	0x8C,	0x94,	0xD9,	0x8B,	0x91,	0xD9,	0x8B,
	0x91,	0xD9,	0x8B,	0x91,	0xD9,	0x8B,	0x91,	0xD9,
	0x8B,	0x91,	0xD9,	0x93,	0x97,	0xE1,	'J',	'J',
	0x90,	0xA5,	0x7F,	0x96,	0xFF,	0xFF,	0xFF,	0xFF,
	0xFF,	0xFF,	0xFF,	0xFF,	0xFF,	0xFF,	0xFF,	0xFF,
	0xFF,	0xFF,	0xFF,	0xFF,	0xFF,	0xFF,	0xFF,	0xFF,
	0xFF,	0xFF,	0xFF,	0xFF,	0xFF,	0xFF,	0xFF,	0xFF,
	0xFF,	0xFF,	0xFF,	0xFF,	0xFF,	0xFF,	0xFF,	0xFF,
	0xFF,	0xFF,	0xFF,	0xFF,	0xFF,	0xFF,	0xFF,	0xFF,
	0xFF,	0xF1,	0xEF,	0xEC,	0xF1,	0xEF,	0xEC,	0xF1,
	0xEF,	0xEC,	0xF1,	0xEF,	0xEC,	0xF1,	0xEF,	0xEC,
	0xF1,	0xEF,	0xEC,	0xF1,	0xEF,	0xEC,	0xF1,	0xEF,
	0xEC,	0xF1,	0xEF,	0xEC,	0xF1,	0xEF,	0xEC,	0xF1,
	0xEF,	0xEC,	0xF1,	0xEF,	0xEC,	0xF1,	0xEF,	0xEC,
	0xF1,	0xEF,	0xEC,	0xF1,	0xEF,	0xEC,	0xF1,	0xEE,
	0xEC,	0xF6,	0xF4,	0xF3,	0xFA,	0xF9,	0xF9,	0xF9,
	0xF9,	0xF8,	0xFF,	0xFF,	0xFF,	0xFF,	0xFF,	0xFF,
	0xFF,	0xFF,	0xFF,	0xFF,	0xFF,	0xFF,	0xFF,	0xFF,
	0xFF,	0xFF,	0xFF,	0xFF,	0xFF,	0xFF,	0xFF,	0xFF,
	0xFF,	0xFF,	0xFF,	0xFF,	0xFF,	0xFF,	0xFF,	0xFF,
	0xFF,	0xFF,	0xFF,	0xFF,	0xFF,	0xFF,	0xFF,	0xFF,
	0xFF,	0xFF,	0xFF,	0xFF,	0xFF,	0xFF,	0xFF,	0xFF,
	0xFF,	0xFF,	0xFF,	0xFF,	0xFF,	0xFF,	0xFF,	0xFF,
	0xFF,	0xFF,	0xFF,	0xFF,	0xFF,	0xFF,	0xFF,	0xFF,
	0xFF,	0xFF,	0xFF,	0xFF,	0xFF,	0xFF,	0xFF,	0xFF,
	0xFF,	0xFF,	0xFF,	0xFF,	0xFF,	0xFF,	0xFF,	0xFF,
	0xBB,	0x96,	0xAC,	0x24,	0x19,	0x2C,	0x7F,	0x88,
	0xCD,	0x8F,	0x99,	0xDE,	0x8C,	0x95,	0xD9,	0x8C,
	0x95,	0xD9,	0x8D,	0x96,	0xDB,	0x8D,	0x96,	0xDB,
	0x8D,	0x96,	0xDB,	0x8D,	0x96,	0xDB,	0x8D,	0x96,
	0xDB,	0x83,	0x8A,	0xCF,	'z',	0x81,	0xC2,	'U',
	'Z',	0x9C,	0x19,	0x7,	0x15,	0x9D,	0x6,	0x14,
	0xB9,	0x6,	0x14,	0xB7,	0x6,	0x14,	0xA5,	0x6,
	0x13,	0x2B,	0x6,	0x14,	0x10,	0x6,	0x14,	0x14,
	0x8,	0x15,	0x24,	0x10,	0x1F,	0x2C,	0x16,	0x25,
	0x2A,	0x15,	0x24,	0x25,	0x13,	0x22,	0x28,	0x14,
	0x23,	0x28,	0x14,	0x23,	0x28,	0x14,	0x23,	0x28,
	0x14,	0x23,	0x2A,	0x15,	0x24,	0x28,	0x14,	0x23,
	0x28,	0x14,	0x23,	0x28,	0x14,	0x23,	0x25,	0x13,
	0x22,	0x28,	0x14,	0x23,	0x26,	0x14,	0x23,	0x28,
	0x14,	0x23,	0x28,	0x14,	0x23,	0x28,	0x14,	0x23,
	0x25,	0x14,	0x22,	0x28,	0x13,	0x22,	0x28,	0x14,
	0x23,	0x14,	0x8,	0x14,	0x30,	0x6,	0x13,	0xAF,
	0x6,	0x14,	0xB9,	0x6,	0x14,	0xB9,	0x6,	0x13,
	0xB9,	0x6,	0x14,	0xB9,	0x6,	0x14,	0xB9,	0x6,
	0x14,	0xB7,	0x6,	0x14,	0xB9,	0x6,	0x13,	0x95,
	0x6,	0x14,	0x25,	0x12,	0x22,	'G',	'F',	0x7C,
	'v',	'y',	0xBD,	'z',	0x7F,	0xC6,	0x8B,	0x90,
	0xD9,	0x8B,	0x8E,	0xD9,	0x8B,	0x8C,	0xD9,	0x8B,
	0x8B,	0xD9,	0x8B,	0x8B,	0xD9,	0x8B,	0x8A,	0xD9,
	0x8B,	0x8A,	0xD9,	0x91,	0x8F,	0xE1,	'K',	'F',
	0x8E,	0x94,	'r',	0x80,	0xFB,	0xFA,	0xF9,	0xF5,
	0xF3,	0xF1,	0xF1,	0xF1,	0xEC,	0xCD,	0xB3,	0xC2,
	0xC7,	0xA7,	0xB9,	0xCA,	0xAD,	0xBD,	0xA5,	0x81,
	0x95,	's',	'U',	'e',	'z',	0x5C,	'k',	'z',
	0x5B,	'k',	'z',	0x5B,	'k',	'z',	0x5C,	'k',
	'z',	0x5B,	'k',	0x7E,	0x5F,	'm',	0x5B,	0x40,
	'O',	0x35,	0x26,	0x39,	0x3A,	0x2B,	0x40,	0x38,
	0x2B,	0x40,	0x38,	0x2B,	0x40,	0x39,	0x2B,	0x40,
	0x39,	0x2B,	0x40,	0x38,	0x2B,	0x40,	0x39,	0x2B,
	0x40,	0x38,	0x2B,	0x40,	0x38,	0x2B,	0x40,	0x38,
	0x2B,	0x40,	0x38,	0x2B,	0x40,	0x39,	0x2B,	0x40,
	0x38,	0x2B,	0x40,	0x39,	0x2B,	0x40,	0x38,	0x2B,
	0x40,	'A',	0x2F,	0x3E,	'C',	0x2D,	0x39,	0x40,
	0x2B,	0x36,	0x7E,	0x5F,	'p',	'z',	0x5B,	'k',
	'z',	0x5B,	'k',	'z',	0x5B,	'k',	'z',	0x5C,
	'k',	's',	'U',	0x60,	0xB1,	0x8B,	0xA2,	0xCA,
	0xAD,	0xBD,	0xC7,	0xA7,	0xB9,	0xC7,	0xA7,	0xB9,
	0xC7,	0xA8,	0xB9,	0xE7,	0xE5,	0xE3,	0xF5,	0xF4,
	0xF3,	0xF4,	0xF3,	0xF1,	0xFF,	0xFF,	0xFB,	0xFF,
	0xFF,	0xFF,	0xFF,	0xFF,	0xFF,	0xFF,	0xFF,	0xFF,
	0xFF,	0xFF,	0xFF,	0xFF,	0xFF,	0xFF,	0xFF,	0xFF,
	0xFF,	0xFF,	0xFF,	0xFF,	0xFF,	0xFF,	0xFF,	0xFF,
	0xFF,	0xFF,	0xFF,	0xFF,	0xFF,	0xFF,	0xFF,	0xFF,
	0xFF,	0xFF,	0xFF,	'Q',	0x37,	0x3E,	0x2D,	0x25,
	'A',	0x93,	0x9B,	0xDF,	0x8C,	0x95,	0xD9,	0x8C,
	0x95,	0xD9,	0x8C,	0x95,	0xD9,	0x8C,	0x96,	0xD9,
	0x8C,	0x95,	0xD9,	0x8C,	0x96,	0xD9,	0x8D,	0x97,
	0xDB,	0x84,	0x8A,	0xCF,	'v',	0x7D,	0xBF,	'x',
	0x7F,	0xC1,	0x1F,	0x18,	0x2A,	'F',	0x6,	0x14,
	0xB9,	0x6,	0x13,	0xB9,	0x6,	0x13,	0xB9,	0x6,
	0x14,	0xB3,	0x6,	0x14,	0x7C,	0x6,	0x14,	0x35,
	0x6,	0x14,	0x1C,	0x6,	0x14,	0x1E,	0xD,	0x1C,
	0x26,	0x12,	0x21,	0x25,	0x13,	0x21,	0x28,	0x14,
	0x23,	0x26,	0x13,	0x22,	0x25,	0x13,	0x21,	0x27,
	0x14,	0x22,	0x28,	0x14,	0x23,	0x25,	0x14,	0x22,
	0x29,	0x14,	0x23,	0x27,	0x14,	0x23,	0x25,	0x13,
	0x21,	0x25,	0x13,	0x21,	0x25,	0x14,	0x27,	0x25,
	0x14,	0x27,	0x25,	0x13,	0x27,	0x25,	0x13,	0x27,
	0x25,	0x13,	0x26,	0x27,	0x13,	0x26,	0x1B,	0xC,
	0x1D,	0x2A,	0x6,	0x16,	0x9F,	0x6,	0x16,	0xB9,
	0x6,	0x16,	0xB9,	0x6,	0x16,	0xB9,	0x6,	0x16,
	0xB9,	0x6,	0x16,	0xB9,	0x6,	0x17,	0xB9,	0x6,
	0x17,	0x87,	0x6,	0x16,	'k',	0x6,	0x14,	0x5B,
	0x6,	0x14,	0x3C,	'C',	'u',	0x81,	0x83,	0xCA,
	'v',	'w',	0xC1,	0x80,	0x80,	0xCD,	0x8B,	0x87,
	0xD9,	0x8B,	0x85,	0xD9,	0x8B,	0x83,	0xD9,	0x8A,
	0x7F,	0xD8,	0x8A,	0x7E,	0xD9,	0x8A,	0x7D,	0xD9,
	0x8A,	0x7B,	0xD8,	0x8F,	0x83,	0xDE,	'T',	'E',
	0x9C,	0x25,	0x14,	0x24,	0x3F,	0x2B,	'C',	0x3F,
	0x2B,	0x40,	0x3A,	0x25,	0x3B,	0x2B,	0x1C,	0x35,
	0x3F,	0x2F,	0x5E,	0x3D,	0x2E,	0x5D,	0x3F,	0x30,
	'f',	0x5B,	'S',	0xAE,	0x5F,	'T',	0xB0,	0x5F,
	'T',	0xB0,	0x5F,	'S',	0xB0,	0x5F,	'V',	0xB0,
	0x5F,	'Y',	0xB0,	0x5E,	'Z',	0xB0,	'c',	'd',
	0xB4,	0x83,	0x87,	0xD1,	0x89,	0x8E,	0xD9,	0x87,
	0x90,	0xD9,	0x87,	0x91,	0xD9,	0x87,	0x92,	0xD9,
	0x89,	0x92,	0xD9,	0x89,	0x95,	0xD9,	0x89,	0x95,
	0xD9,	0x89,	0x94,	0xD9,	0x89,	0x95,	0xD9,	0x89,
	0x95,	0xD9,	0x89,	0x95,	0xD9,	0x89,	0x94,	0xD9,
	0x89,	0x95,	0xD9,	0x89,	0x95,	0xD9,	0x8B,	0x96,
	0xD9,	'v',	0x7F,	0xC4,	'f',	'p',	0xB4,	'i',
	'r',	0xB7,	'b',	'l',	0xB2,	'b',	'l',	0xB2,
	'b',	'l',	0xB2,	'b',	'l',	0xB2,	'd',	'p',
	0xB6,	'M',	'N',	0x94,	0x39,	0x33,	'W',	'A',
	0x38,	0x5F,	0x40,	0x37,	0x5F,	0x40,	0x38,	'a',
	0x39,	0x33,	'S',	0x34,	0x25,	0x37,	0x40,	0x2E,
	'A',	0x3A,	0x2A,	0x3B,	'X',	0x3D,	'I',	0x8B,
	'j',	'y',	0x82,	'a',	'p',	0xC1,	0x9F,	0xB4,
	0xDC,	0xCE,	0xD4,	0xF5,	0xF4,	0xF3,	0xFB,	0xFB,
	0xFB,	0xFF,	0xFF,	0xFF,	0xFF,	0xFF,	0xFF,	0xFF,
	0xFF,	0xFF,	0xFF,	0xFF,	0xFF,	0xFF,	0xFF,	0xFF,
	0xFF,	0xFF,	0xFF,	0xDD,	0xCE,	0xD5,	0x35,	0x23,
	0x30,	'v',	0x7C,	0xC4,	0x8D,	0x96,	0xDD,	0x8A,
	0x92,	0xD9,	0x8C,	0x94,	0xD9,	0x8C,	0x94,	0xD9,
	0x8C,	0x95,	0xD9,	0x8C,	0x96,	0xD9,	0x8C,	0x96,
	0xDB,	0x86,	0x8D,	0xD4,	'v',	0x7C,	0xBF,	'z',
	0x81,	0xC3,	'L',	'M',	0x86,	0x18,	0x9,	0x16,
	0x8E,	0x6,	0x13,	0xB9,	0x6,	0x14,	0xB9,	0x6,
	0x14,	0xB9,	0x6,	0x14,	0xB9,	0x6,	0x13,	0xB9,
	0x6,	0x14,	0x7D,	0x6,	0x13,	0x1C,	0x6,	0x14,
	0x18,	0xA,	0x18,	0x2A,	0x15,	0x24,	0x2A,	0x15,
	0x24,	0x2A,	0x15,	0x24,	0x2A,	0x15,	0x24,	0x2A,
	0x15,	0x24,	0x2A,	0x14,	0x23,	0x2A,	0x14,	0x23,
	0x28,	0x14,	0x23,	0x28,	0x14,	0x23,	0x2F,	0x19,
	0x28,	0x2F,	0x1A,	0x2A,	0x2F,	0x1A,	0x29,	0x2F,
	0x1A,	0x2A,	0x2D,	0x19,	0x28,	0x2B,	0x17,	0x26,
	0x2C,	0x17,	0x26,	0x2C,	0x16,	0x25,	0x13,	0x7,
	0x15,	'o',	0x6,	0x14,	0xB9,	0x6,	0x14,	0xB9,
	0x6,	0x14,	0xB9,	0x6,	0x13,	0xB9,	0x6,	0x13,
	0xB9,	0x6,	0x14,	0xB9,	0x6,	0x14,	0xB9,	0x6,
	0x14,	0x8A,	0x6,	0x14,	0x1F,	0x6,	0x14,	0x20,
	0x6,	0x14,	'O',	'N',	0x93,	0x7B,	'z',	0xC6,
	'v',	'r',	0xC2,	0x85,	0x80,	0xD4,	0x8A,	0x7E,
	0xD8,	0x89,	'y',	0xD8,	0x89,	'w',	0xD6,	0x88,
	's',	0xD6,	0x88,	'r',	0xD9,	0x88,	'q',	0xD9,
	0x88,	'p',	0xD8,	0x8B,	'q',	0xD9,	0x7C,	'd',
	0xCB,	's',	'Y',	0xC1,	0x7F,	'j',	0xD1,	0x7F,
	'i',	0xCF,	0x7F,	'l',	0xD0,	0x87,	'v',	0xD6,
	0x8F,	0x7B,	0xDD,	0x8D,	0x7B,	0xDC,	0x8E,	'z',
	0xDC,	0x8D,	'x',	0xDC,	0x8D,	'x',	0xDC,	0x8D,
	'x',	0xDC,	0x8D,	'y',	0xDC,	0x8D,	0x7B,	0xDC,
	0x8D,	0x7E,	0xDD,	0x8D,	0x83,	0xDD,	0x8D,	0x87,
	0xDC,	0x8D,	0x87,	0xD9,	0x8B,	0x8D,	0xD9,	0x8A,
	0x91,	0xD9,	0x8C,	0x95,	0xDB,	0x8C,	0x96,	0xDB,
	0x8C,	0x96,	0xDB,	0x8D,	0x97,	0xDB,	0x8E,	0x9A,
	0xDC,	0x8D,	0x97,	0xDB,	0x8D,	0x97,	0xDB,	0x8D,
	0x97,	0xDB,	0x8D,	0x97,	0xDB,	0x8D,	0x97,	0xDB,
	0x8D,	0x97,	0xDB,	0x8D,	0x97,	0xDB,	0x8D,	0x97,
	0xDB,	0x91,	0x9B,	0xDE,	0x92,	0x9C,	0xDF,	0x92,
	0x9C,	0xDF,	0x93,	0x9C,	0xDF,	0x92,	0x9C,	0xDF,
	0x92,	0x9C,	0xDF,	0x92,	0x9C,	0xDF,	0x92,	0x9C,
	0xDF,	0x94,	0x9D,	0xDF,	0x94,	0x9D,	0xE3,	0x92,
	0x9D,	0xE1,	0x93,	0x9C,	0xE1,	0x92,	0x9C,	0xE1,
	0x91,	0x9A,	0xDF,	0x84,	0x8C,	0xD4,	0x82,	0x88,
	0xD1,	0x82,	0x85,	0xD0,	0x5E,	0x5D,	0xAE,	'X',
	'U',	0xA9,	0x35,	0x2A,	'T',	0x19,	0xD,	0x1C,
	0x19,	0xD,	0x1A,	0x2F,	0x1D,	0x28,	'N',	0x36,
	0x3C,	0xDB,	0xCB,	0xCF,	0xEC,	0xEB,	0xE7,	0xFF,
	0xFF,	0xFF,	0xFF,	0xFF,	0xFF,	0xFF,	0xFF,	0xFF,
	0xFF,	0xFF,	0xFF,	0xFF,	0xFF,	0xFF,	'k',	'M',
	'W',	'C',	0x3E,	'z',	0x92,	0x95,	0xE2,	0x8A,
	0x8E,	0xD9,	0x8A,	0x8E,	0xD9,	0x8A,	0x91,	0xD9,
	0x8A,	0x92,	0xD9,	0x8B,	0x92,	0xD9,	0x8C,	0x95,
	0xD9,	0x8C,	0x96,	0xD9,	0x7B,	0x83,	0xC7,	'z',
	0x7F,	0xC3,	0x3B,	0x3B,	'c',	0x20,	0x7,	0x14,
	0xAB,	0x6,	0x13,	0xB9,	0x6,	0x14,	0xB9,	0x6,
	0x14,	0xB9,	0x6,	0x14,	0xB9,	0x6,	0x14,	0xB9,
	0x6,	0x14,	0xB9,	0x6,	0x14,	0x92,	0x6,	0x14,
	0x1D,	0x6,	0x14,	0x2C,	0x18,	0x27,	0x35,	0x1F,
	0x2E,	0x33,	0x1D,	0x2D,	0x3A,	0x1F,	0x2F,	0x35,
	0x1C,	0x2B,	0x33,	0x1B,	0x2B,	0x36,	0x1D,	0x2C,
	0x35,	0x1D,	0x2C,	0x31,	0x1A,	0x2A,	0x38,	0x22,
	0x35,	0x3B,	0x24,	0x37,	0x35,	0x21,	0x34,	0x3B,
	0x23,	0x36,	0x3B,	0x23,	0x36,	0x3A,	0x23,	0x35,
	0x36,	0x21,	0x34,	0x21,	0x11,	0x21,	0x1B,	0x7,
	0x17,	0xA6,	0x7,	0x17,	0xB9,	0x7,	0x16,	0xB9,
	0x7,	0x17,	0xB9,	0x7,	0x16,	0xB9,	0x7,	0x16,
	0xB9,	0x7,	0x16,	0xB9,	0x7,	0x16,	0xB9,	0x7,
	0x16,	0xB5,	0x7,	0x16,	0x21,	0x7,	0x16,	0x12,
	0xE,	0x1F,	'o',	's',	0xC6,	'x',	'x',	0xCF,
	0x7D,	'v',	0xD5,	0x86,	0x7C,	0xE1,	0x88,	0x7B,
	0xE5,	0x88,	't',	0xE4,	0x88,	'l',	0xD6,	0x88,
	'j',	0xD6,	0x88,	'j',	0xD9,	0x88,	'i',	0xD8,
	0x89,	'i',	0xD8,	0x88,	'i',	0xD6,	0x8B,	'j',
	0xD9,	0x8A,	'm',	0xD9,	0x8B,	'j',	0xD9,	0x8A,
	'l',	0xD9,	0x8A,	'l',	0xD9,	0x88,	'l',	0xD6,
	0x88,	'n',	0xD8,	0x88,	'l',	0xD6,	0x89,	'l',
	0xD6,	0x88,	'l',	0xD6,	0x88,	'l',	0xD6,	0x88,
	'l',	0xD6,	0x88,	'l',	0xD6,	0x88,	'n',	0xD8,
	0x88,	'p',	0xD5,	0x89,	's',	0xD6,	0x88,	'y',
	0xD8,	0x89,	0x80,	0xD8,	0x8A,	0x85,	0xD9,	0x8A,
	0x8C,	0xD9,	0x8A,	0x91,	0xD9,	0x8C,	0x95,	0xD9,
	0x8C,	0x96,	0xD9,	0x8C,	0x96,	0xD9,	0x8D,	0x97,
	0xDB,	0x8D,	0x97,	0xDB,	0x8D,	0x97,	0xDB,	0x8D,
	0x97,	0xDB,	0x8D,	0x97,	0xDB,	0x8D,	0x97,	0xDB,
	0x8D,	0x97,	0xDB,	0x8D,	0x97,	0xDB,	0x8D,	0x97,
	0xDB,	0x8D,	0x97,	0xDB,	0x8D,	0x97,	0xDB,	0x8D,
	0x97,	0xDB,	0x8D,	0x97,	0xDB,	0x8D,	0x97,	0xDB,
	0x8D,	0x97,	0xDB,	0x8D,	0x97,	0xDB,	0x8D,	0x97,
	0xDB,	0x8D,	0x97,	0xDB,	0x8D,	0x97,	0xDB,	0x8C,
	0x96,	0xD9,	0x8C,	0x96,	0xD9,	0x8C,	0x96,	0xD9,
	0x8C,	0x95,	0xD9,	0x8D,	0x91,	0xD9,	0x8D,	0x8D,
	0xDB,	0x8D,	0x8B,	0xD9,	0x8D,	0x88,	0xDC,	0x8F,
	0x86,	0xDE,	0x8A,	0x7F,	0xD9,	0x83,	'v',	0xD3,
	'g',	'Y',	0xB5,	'N',	'A',	0x97,	0x34,	0x25,
	'O',	0x34,	0x24,	'E',	0x2B,	0x1B,	0x29,	'a',
	'E',	'P',	0xB9,	0x97,	0xAA,	0xEF,	0xEC,	0xEB,
	0xFF,	0xFF,	0xFF,	0xFF,	0xFF,	0xFF,	0xD1,	0xBA,
	0xC7,	0x22,	0x15,	0x26,	'y',	'u',	0xC7,	0x8D,
	0x8B,	0xDB,	0x8A,	0x87,	0xD9,	0x8A,	0x8C,	0xD9,
	0x8A,	0x8D,	0xD9,	0x8A,	0x8E,	0xD9,	0x8A,	0x91,
	0xD9,	0x8A,	0x92,	0xD9,	0x8D,	0x96,	0xDD,	'z',
	0x85,	0xC8,	0x14,	0x10,	0x20,	'D',	0x6,	0x14,
	0xB9,	0x6,	0x14,	0xB9,	0x6,	0x14,	0xB9,	0x6,
	0x14,	0xB9,	0x6,	0x14,	0xB9,	0x6,	0x14,	0xB9,
	0x6,	0x14,	0xB9,	0x6,	0x14,	0xB9,	0x6,	0x14,
	'T',	0x6,	0x14,	0x18,	0xA,	0x17,	0x3B,	0x22,
	0x32,	0x3B,	0x20,	0x30,	0x3D,	0x22,	0x32,	0x33,
	0x1D,	0x2C,	0x33,	0x1C,	0x2B,	0x38,	0x1E,	0x2D,
	0x39,	0x1F,	0x2E,	0x35,	0x1D,	0x2C,	0x34,	0x23,
	0x35,	0x3B,	0x27,	0x39,	0x34,	0x21,	0x34,	0x36,
	0x24,	0x36,	0x3B,	0x25,	0x37,	0x38,	0x24,	0x37,
	0x3B,	0x23,	0x36,	0x12,	0x9,	0x18,	0x3F,	0x7,
	0x16,	0xB9,	0x7,	0x17,	0xB9,	0x7,	0x16,	0xB9,
	0x7,	0x17,	0xB9,	0x7,	0x16,	0xB9,	0x7,	0x16,
	0xB9,	0x7,	0x16,	0xB9,	0x7,	0x16,	0xB9,	0x7,
	0x16,	0xB9,	0x7,	0x17,	0x5E,	0x7,	0x17,	0x17,
	0xF,	0x20,	'q',	'q',	0xC9,	'y',	'q',	0xD3,
	0x84,	'u',	0xDE,	0x88,	'u',	0xE4,	0x88,	'p',
	0xE5,	0x88,	'o',	0xE4,	0x88,	'h',	0xE4,	0x88,
	'h',	0xE4,	0x88,	'e',	0xE3,	0x88,	'e',	0xE3,
	0x88,	'e',	0xE3,	0x88,	'e',	0xE3,	0x88,	'e',
	0xE3,	0x88,	'e',	0xE3,	0x85,	'd',	0xE3,	0x88,
	'h',	0xE4,	0x88,	'e',	0xE3,	0x88,	'h',	0xE4,
	0x88,	'h',	0xE4,	0x88,	'h',	0xE4,	0x88,	'e',
	0xE3,	0x85,	'd',	0xE3,	0x88,	'e',	0xD6,	0x88,
	'h',	0xD8,	0x88,	'e',	0xD6,	0x88,	'h',	0xD8,
	0x88,	'j',	0xD8,	0x88,	'j',	0xD9,	0x88,	'n',
	0xD8,	0x88,	'v',	0xD6,	0x89,	0x7B,	0xD8,	0x8A,
	0x86,	0xD9,	0x8A,	0x8C,	0xD9,	0x8A,	0x91,	0xD9,
	0x8C,	0x95,	0xD9,	0x8C,	0x96,	0xD9,	0x8C,	0x96,
	0xD9,	0x8C,	0x97,	0xDB,	0x8D,	0x97,	0xDB,	0x8D,
	0x97,	0xDB,	0x8D,	0x97,	0xDB,	0x8D,	0x97,	0xDB,
	0x8C,	0x97,	0xDB,	0x8D,	0x97,	0xDB,	0x8D,	0x97,
	0xDB,	0x8D,	0x97,	0xDB,	0x8C,	0x97,	0xDB,	0x8C,
	0x97,	0xDB,	0x8D,	0x97,	0xDB,	0x8C,	0x97,	0xDB,
	0x8D,	0x97,	0xDB,	0x8C,	0x97,	0xDB,	0x8D,	0x97,
	0xDB,	0x8C,	0x97,	0xDB,	0x8D,	0x97,	0xDB,	0x8B,
	0x96,	0xD9,	0x8B,	0x95,	0xD9,	0x8A,	0x92,	0xD9,
	0x8A,	0x8E,	0xD9,	0x8A,	0x87,	0xD9,	0x8A,	0x84,
	0xD9,	0x89,	0x7E,	0xD8,	0x88,	'w',	0xD6,	0x88,
	's',	0xD6,	0x88,	'r',	0xD9,	0x8A,	'r',	0xD9,
	0x8B,	't',	0xDB,	0x8D,	'v',	0xDD,	0x8E,	'w',
	0xDC,	0x8A,	'w',	0xD9,	0x7C,	'h',	0xCB,	'Q',
	0x40,	0x9E,	0x2B,	0x1B,	0x3C,	0x2E,	0x1C,	0x30,
	0x8A,	'm',	'v',	0xFA,	0xF9,	0xF9,	0xFA,	0xF9,
	0xF9,	0x25,	0x15,	0x20,	'U',	'E',	0xA1,	0x8F,
	0x7F,	0xDD,	0x89,	0x7E,	0xD8,	0x89,	0x80,	0xD8,
	0x8A,	0x84,	0xD9,	0x8A,	0x85,	0xD9,	0x8A,	0x8B,
	0xD9,	0x8D,	0x91,	0xDB,	0x7C,	0x84,	0xCB,	0x32,
	0x27,	'C',	'J',	0x6,	0x14,	0xAF,	0x6,	0x13,
	0xB9,	0x6,	0x14,	0xB9,	0x6,	0x14,	0xB9,	0x6,
	0x14,	0xB9,	0x6,	0x14,	0xB9,	0x6,	0x14,	0xB9,
	0x6,	0x14,	0xB9,	0x6,	0x14,	0xB9,	0x6,	0x14,
	0x96,	0x6,	0x14,	0x17,	0x6,	0x14,	0x21,	0x14,
	0x21,	0x30,	0x22,	0x32,	0x33,	0x24,	0x34,	0x2E,
	0x1E,	0x2D,	0x29,	0x1B,	0x2B,	0x2B,	0x1B,	0x2A,
	0x2B,	0x19,	0x28,	0x2B,	0x19,	0x28,	0x33,	0x23,
	0x35,	0x39,	0x27,	0x39,	0x39,	0x27,	0x3A,	0x39,
	0x27,	0x39,	0x36,	0x23,	0x36,	0x33,	0x23,	0x36,
	0x26,	0x17,	0x27,	0x28,	0x7,	0x16,	0xAF,	0x7,
	0x17,	0xB9,	0x7,	0x16,	0xB9,	0x7,	0x16,	0xB9,
	0x7,	0x16,	0xB9,	0x7,	0x17,	0xB9,	0x7,	0x17,
	0xB9,	0x7,	0x16,	0xB9,	0x7,	0x17,	0xB9,	0x7,
	0x16,	0xB9,	0x7,	0x17,	0x96,	0x7,	0x16,	0x1D,
	0xF,	0x1F,	'p',	'k',	0xCC,	0x7C,	'l',	0xD5,
	0x86,	'r',	0xE1,	0x88,	'o',	0xE4,	0x88,	'j',
	0xE3,	0x88,	'j',	0xE3,	0x85,	'd',	0xE3,	0x86,
	'd',	0xE3,	0x88,	'e',	0xE3,	0x89,	'h',	0xE4,
	0x7B,	'W',	0xE1,	0x7D,	0x5B,	0xE0,	0x89,	'h',
	0xE4,	0x85,	'd',	0xE3,	'e',	'B',	0xDA,	0x82,
	0x5E,	0xE1,	0x89,	'h',	0xE4,	0x88,	'e',	0xE3,
	0x89,	'h',	0xE4,	0x89,	'h',	0xE4,	0x82,	0x5E,
	0xE1,	0x5D,	0x3B,	0xDA,	'z',	'U',	0xD4,	0x89,
	'h',	0xD8,	0x88,	'e',	0xD6,	0x88,	'e',	0xD6,
	0x88,	'e',	0xD6,	0x88,	'h',	0xD8,	0x88,	'j',
	0xD8,	0x88,	'l',	0xD6,	0x88,	's',	0xD6,	0x89,
	0x7E,	0xD8,	0x8A,	0x86,	0xD9,	0x8A,	0x8D,	0xD9,
	0x8A,	0x93,	0xD9,	0x8B,	0x97,	0xD9,	0x8B,	0x96,
	0xD9,	0x8C,	0x97,	0xDB,	0x8C,	0x97,	0xDB,	0x8C,
	0x97,	0xDB,	0x8D,	0x97,	0xDB,	0x8D,	0x97,	0xDB,
	0x8C,	0x97,	0xDB,	0x8D,	0x97,	0xDB,	0x8C,	0x98,
	0xDB,	0x8C,	0x97,	0xDB,	0x8D,	0x97,	0xDB,	0x8D,
	0x97,	0xDB,	0x8D,	0x97,	0xDB,	0x8C,	0x97,	0xDB,
	0x8C,	0x97,	0xDB,	0x8C,	0x97,	0xDB,	0x8C,	0x97,
	0xDB,	0x8D,	0x97,	0xDB,	0x8B,	0x96,	0xD9,	0x8B,
	0x96,	0xD9,	0x8A,	0x92,	0xD9,	0x8A,	0x8E,	0xD9,
	0x8A,	0x87,	0xD9,	0x89,	0x80,	0xD8,	0x88,	'w',
	0xD8,	0x88,	'r',	0xD9,	0x88,	'l',	0xD6,	0x88,
	'j',	0xD6,	0x88,	'j',	0xD8,	0x88,	'h',	0xD8,
	0x88,	'h',	0xD8,	0x88,	'h',	0xD8,	0x88,	'i',
	0xD8,	0x88,	'k',	0xD9,	0x8A,	'l',	0xD9,	0x8B,
	'r',	0xDB,	0x8C,	'r',	0xDC,	'u',	'Z',	0xC7,
	0x26,	0x16,	0x33,	0x2E,	0x1B,	0x25,	0xD9,	0xCB,
	0xCF,	'f',	'J',	'R',	0x2F,	0x1E,	'J',	0x8E,
	'w',	0xDE,	0x88,	'r',	0xD9,	0x88,	'w',	0xD6,
	0x88,	'w',	0xD8,	0x89,	0x7B,	0xD8,	0x8A,	0x84,
	0xD9,	0x8D,	0x8B,	0xDD,	0x2E,	0x2C,	'O',	0x2B,
	0x6,	0x14,	0xB9,	0x6,	0x14,	0xB9,	0x6,	0x14,
	0xB9,	0x6,	0x14,	0xB9,	0x6,	0x14,	0xB9,	0x6,
	0x14,	0xB9,	0x6,	0x14,	0xB9,	0x6,	0x14,	0xB9,
	0x6,	0x14,	0xB9,	0x6,	0x14,	0xB9,	0x6,	0x14,
	0xB2,	0x6,	0x14,	0x1F,	0x6,	0x14,	0x1C,	0x11,
	0x1F,	0x30,	0x25,	0x35,	0x2F,	0x24,	0x34,	0x2A,
	0x20,	0x2F,	0x2A,	0x20,	0x2F,	0x29,	0x1F,	0x2E,
	0x28,	0x1D,	0x2C,	0x27,	0x1C,	0x2C,	0x3D,	0x29,
	0x3D,	0x39,	0x27,	0x3A,	0x3B,	0x29,	0x3D,	0x39,
	0x27,	0x3A,	0x3D,	0x2A,	0x3E,	0x3B,	0x28,	0x3A,
	0x1E,	0x11,	0x20,	'M',	0x7,	0x17,	0xB9,	0x7,
	0x17,	0xB9,	0x7,	0x16,	0xB9,	0x7,	0x17,	0xB9,
	0x7,	0x16,	0xB9,	0x7,	0x16,	0xB9,	0x7,	0x16,
	0xB9,	0x7,	0x17,	0xB9,	0x7,	0x17,	0xB9,	0x7,
	0x16,	0xB9,	0x7,	0x17,	0x94,	0x7,	0x16,	0x1C,
	0xD,	0x1D,	'g',	0x5E,	0xC2,	0x82,	'm',	0xDB,
	0x88,	'o',	0xE4,	0x88,	'l',	0xE4,	0x89,	'm',
	0xE4,	0x89,	'm',	0xE4,	'r',	'P',	0xDC,	'e',
	'E',	0xDA,	0x88,	'j',	0xE3,	0x89,	'l',	0xE4,
	'w',	'X',	0xE0,	'i',	'J',	0xDB,	0x89,	'h',
	0xD8,	0x88,	'e',	0xD6,	'e',	'B',	0xDA,	'i',
	'G',	0xDB,	0x88,	'e',	0xE3,	0x89,	'h',	0xE4,
	'z',	'U',	0xD3,	0x83,	0x5F,	0xD5,	0x89,	'h',
	0xD8,	'l',	'J',	0xD0,	'l',	'J',	0xD0,	0x89,
	'j',	0xD8,	0x88,	'e',	0xD6,	0x82,	0x5E,	0xD6,
	0x88,	'e',	0xD6,	0x88,	'e',	0xD6,	0x88,	'h',
	0xD8,	0x88,	'j',	0xD8,	0x88,	'n',	0xD8,	0x88,
	'x',	0xD8,	0x8A,	0x84,	0xD9,	0x8A,	0x8C,	0xD9,
	0x8A,	0x91,	0xD9,	0x8B,	0x96,	0xD9,	0x8B,	0x96,
	0xD9,	0x8C,	0x98,	0xDB,	0x8C,	0x98,	0xDB,	0x8C,
	0x98,	0xDB,	0x8C,	0x97,	0xDB,	0x8C,	0x97,	0xDB,
	0x8C,	0x98,	0xDB,	0x8C,	0x97,	0xDB,	0x8C,	0x97,
	0xDB,	0x8C,	0x97,	0xDB,	0x8C,	0x98,	0xDB,	0x8C,
	0x98,	0xDB,	0x8C,	0x97,	0xDB,	0x8C,	0x98,	0xDB,
	0x8C,	0x98,	0xDB,	0x8C,	0x97,	0xDB,	0x8C,	0x98,
	0xDB,	0x8B,	0x97,	0xD9,	0x8B,	0x97,	0xD9,	0x8B,
	0x95,	0xD9,	0x8A,	0x92,	0xD9,	0x8A,	0x8C,	0xD9,
	0x8A,	0x85,	0xD9,	0x88,	'y',	0xD8,	0x88,	'r',
	0xD9,	0x88,	'l',	0xD6,	0x88,	'j',	0xD8,	0x88,
	'h',	0xD8,	0x88,	'e',	0xD6,	0x88,	'e',	0xD6,
	0x88,	'e',	0xD6,	0x89,	'h',	0xD8,	0x89,	'h',
	0xD8,	0x88,	'e',	0xD6,	0x88,	'h',	0xD8,	0x88,
	'h',	0xD8,	0x88,	'h',	0xD8,	0x8B,	'k',	0xDC,
	0x83,	'e',	0xD3,	0x33,	0x21,	'Q',	0x37,	0x23,
	0x31,	0xA2,	0x80,	0x92,	0x2F,	0x1D,	0x35,	0x84,
	'e',	0xD3,	0x8A,	'm',	0xD9,	0x88,	'l',	0xD6,
	0x88,	'p',	0xD8,	0x88,	'w',	0xD6,	0x8A,	0x7E,
	0xD9,	'w',	'p',	0xC7,	0x1F,	0xA,	0x17,	'p',
	0x6,	0x14,	0xB9,	0x6,	0x14,	0xB9,	0x6,	0x14,
	0xB9,	0x6,	0x14,	0xB9,	0x6,	0x14,	0xB9,	0x6,
	0x14,	0xB9,	0x6,	0x14,	0xB9,	0x6,	0x14,	0xB9,
	0x6,	0x14,	0xB9,	0x6,	0x14,	0xB9,	0x6,	0x14,
	0xB9,	0x6,	0x14,	0x37,	0x6,	0x14,	0x13,	0x9,
	0x15,	0x29,	0x1F,	0x2E,	0x26,	0x17,	0x26,	0x29,
	0x17,	0x25,	0x29,	0x17,	0x25,	0x29,	0x17,	0x25,
	0x2B,	0x17,	0x26,	0x2B,	0x17,	0x26,	0x3A,	0x2A,
	0x3D,	0x3A,	0x2A,	0x3E,	0x34,	0x27,	0x39,	0x3C,
	0x2B,	0x3E,	0x3C,	0x2C,	0x3F,	0x36,	0x27,	0x38,
	0x10,	0x8,	0x17,	'v',	0x7,	0x16,	0xB9,	0x7,
	0x17,	0xB9,	0x7,	0x17,	0xB9,	0x7,	0x17,	0xB9,
	0x7,	0x16,	0xB9,	0x7,	0x17,	0xB9,	0x7,	0x17,
	0xB9,	0x7,	0x16,	0xB9,	0x7,	0x16,	0xB9,	0x7,
	0x16,	0xB9,	0x7,	0x16,	0xB7,	0x7,	0x16,	'H',
	0x7,	0x17,	'H',	'A',	0xA4,	0x84,	'o',	0xE0,
	0x88,	'm',	0xE4,	0x88,	'j',	0xE3,	0x7D,	0x5F,
	0xE0,	0x7B,	0x5B,	0xE0,	0x88,	'j',	0xE3,	'b',
	'C',	0xDB,	0x7B,	0x5C,	0xE0,	0x89,	'm',	0xE4,
	0x84,	'h',	0xE3,	0x60,	'B',	0xDB,	'w',	'W',
	0xE0,	0x8A,	'j',	0xD8,	'u',	'S',	0xE0,	'Y',
	0x37,	0xD8,	0x81,	0x5E,	0xE1,	0x88,	'j',	0xE4,
	'i',	'H',	0xDB,	'd',	'B',	0xCE,	0x89,	'h',
	0xD8,	'u',	'R',	0xD4,	0x5D,	0x3D,	0xCE,	0x81,
	0x5E,	0xD5,	0x85,	'd',	0xD6,	'g',	'E',	0xD0,
	0x88,	'e',	0xD6,	'y',	'T',	0xD4,	'j',	'H',
	0xCF,	0x88,	'h',	0xD8,	0x88,	'j',	0xD8,	0x88,
	't',	0xD6,	0x89,	0x7B,	0xD8,	0x8A,	0x86,	0xD9,
	0x8A,	0x8E,	0xD9,	0x8B,	0x96,	0xD9,	0x8B,	0x97,
	0xD9,	0x8B,	0x96,	0xD9,	0x8B,	0x98,	0xDB,	0x8C,
	0x98,	0xDB,	0x8C,	0x98,	0xDB,	0x8C,	0x98,	0xDB,
	0x8C,	0x98,	0xDB,	0x8C,	0x98,	0xDB,	0x8C,	0x98,
	0xDB,	0x8C,	0x98,	0xDB,	0x8C,	0x98,	0xDB,	0x8C,
	0x98,	0xDB,	0x8C,	0x97,	0xDB,	0x8C,	0x98,	0xDB,
	0x8C,	0x98,	0xDB,	0x8C,	0x98,	0xDB,	0x8C,	0x98,
	0xDB,	0x8B,	0x97,	0xD9,	0x8B,	0x97,	0xD9,	0x8A,
	0x93,	0xD9,	0x8A,	0x8E,	0xD9,	0x8A,	0x86,	0xD9,
	0x89,	0x7B,	0xD8,	0x88,	'r',	0xD9,	0x88,	'k',
	0xD6,	0x88,	'h',	0xD8,	0x88,	'e',	0xD6,	0x88,
	'e',	0xD6,	0x88,	'e',	0xD6,	0x88,	'e',	0xD6,
	0x88,	'h',	0xD8,	'z',	'Y',	0xD4,	's',	'P',
	0xD1,	0x88,	'e',	0xD6,	0x88,	'h',	0xD8,	0x88,
	'h',	0xD8,	0x88,	'e',	0xD6,	0x88,	'h',	0xD8,
	0x84,	'a',	0xD8,	0x81,	0x5C,	0xD9,	'V',	0x3B,
	0xA4,	0x2B,	0x1A,	0x2A,	0x18,	0xC,	0x17,	'e',
	'I',	0xB4,	0x8B,	'l',	0xDC,	0x88,	'h',	0xD8,
	0x88,	'j',	0xD8,	0x88,	'k',	0xD6,	0x8A,	'r',
	0xDB,	't',	'f',	0xC7,	0x2D,	0xB,	0x19,	0x96,
	0x6,	0x14,	0xB9,	0x6,	0x14,	0xB9,	0x6,	0x14,
	0xB9,	0x7,	0x14,	0xB9,	0x6,	0x14,	0xB9,	0x6,
	0x14,	0xB9,	0x6,	0x14,	0xB9,	0x7,	0x14,	0xB9,
	0x7,	0x14,	0xB9,	0x6,	0x14,	0xB9,	0x6,	0x14,
	0xB9,	0x7,	0x14,	0xA5,	0x7,	0x14,	0x2A,	0x6,
	0x14,	0x1E,	0x13,	0x20,	0x27,	0x16,	0x24,	0x2E,
	0x17,	0x26,	0x30,	0x1A,	0x29,	0x2F,	0x1B,	0x2A,
	0x2F,	0x19,	0x28,	0x2F,	0x1A,	0x29,	0x34,	0x27,
	0x39,	0x37,	0x2A,	0x3C,	0x34,	0x28,	0x3A,	0x3C,
	0x2D,	'A',	0x37,	0x29,	0x3C,	0x2A,	0x1F,	0x30,
	0x15,	0x7,	0x16,	0x9B,	0x7,	0x16,	0xB9,	0x7,
	0x17,	0xB9,	0x7,	0x16,	0xB9,	0x7,	0x17,	0xB9,
	0x7,	0x17,	0xB9,	0x7,	0x16,	0xB9,	0x7,	0x17,
	0xB9,	0x7,	0x16,	0xB9,	0x7,	0x17,	0xB9,	0x7,
	0x16,	0xB9,	0x7,	0x17,	0xB9,	0x7,	0x17,	'b',
	0x7,	0x16,	0x33,	0x2A,	'a',	0x7E,	'c',	0xD9,
	0x88,	'j',	0xE3,	0x88,	'j',	0xE3,	'l',	'M',
	0xDC,	'c',	'D',	0xDA,	0x87,	'j',	0xE3,	'w',
	'X',	0xE0,	0x5D,	0x40,	0xDA,	0x83,	'd',	0xE1,
	0x88,	'p',	0xE4,	'i',	'L',	0xDB,	0x5D,	0x40,
	0xDA,	0x87,	'j',	0xE3,	0x83,	0x5F,	0xE1,	'Y',
	0x38,	0xD8,	'l',	'J',	0xDC,	0x89,	'j',	0xE4,
	0x7B,	'W',	0xE1,	'Y',	0x38,	0xD8,	0x81,	0x5E,
	0xE1,	0x83,	0x5F,	0xE1,	'X',	0x37,	0xCB,	'k',
	'J',	0xD0,	0x88,	'e',	0xD6,	'c',	0x40,	0xCE,
	0x7E,	0x5C,	0xD5,	0x7B,	'W',	0xD4,	0x5D,	0x3B,
	0xCE,	0x83,	'b',	0xD6,	0x87,	'j',	0xD8,	0x88,
	'q',	0xD8,	0x87,	'x',	0xD8,	0x8A,	0x85,	0xD9,
	0x8A,	0x8D,	0xD9,	0x8A,	0x93,	0xD9,	0x8A,	0x97,
	0xD9,	0x8B,	0x97,	0xD9,	0x8C,	0x98,	0xDB,	0x8B,
	0x98,	0xDB,	0x8B,	0x98,	0xDB,	0x8C,	0x98,	0xDB,
	0x8C,	0x98,	0xDB,	0x8B,	0x98,	0xDB,	0x8C,	0x98,
	0xDB,	0x8B,	0x98,	0xDB,	0x8C,	0x98,	0xDB,	0x8B,
	0x98,	0xDB,	0x8C,	0x98,	0xDB,	0x8B,	0x98,	0xDB,
	0x8B,	0x98,	0xDB,	0x8B,	0x98,	0xDB,	0x8B,	0x98,
	0xDB,	0x8B,	0x97,	0xD9,	0x8B,	0x96,	0xD9,	0x8A,
	0x8F,	0xD9,	0x89,	0x88,	0xD9,	0x88,	0x80,	0xD8,
	0x88,	'w',	0xD6,	0x88,	'k',	0xD6,	0x88,	'h',
	0xD8,	0x88,	'h',	0xD8,	0x88,	'e',	0xD6,	0x85,
	'e',	0xD6,	0x84,	'b',	0xD6,	0x87,	'e',	0xD6,
	0x88,	'e',	0xD6,	'e',	'B',	0xCE,	'q',	'N',
	0xD1,	0x88,	'h',	0xD8,	0x81,	0x5E,	0xD5,	0x7E,
	0x5B,	0xD5,	0x88,	'h',	0xD8,	0x84,	'e',	0xD6,
	'd',	'B',	0xCE,	'l',	'J',	0xD0,	0x8D,	'n',
	0xDD,	'g',	'J',	0xB9,	0x1F,	0x10,	0x2A,	0x23,
	0x14,	0x2D,	0x84,	'e',	0xD3,	0x84,	'b',	0xD8,
	'e',	'D',	0xCE,	'z',	'U',	0xD4,	0x8B,	'm',
	0xD9,	0x8A,	'r',	0xDB,	0x23,	0x19,	0x36,	0x5F,
	0x7,	0x14,	0xB9,	0x7,	0x14,	0xB9,	0x7,	0x14,
	0xB9,	0x7,	0x14,	0xB9,	0x7,	0x14,	0xB9,	0x7,
	0x14,	0xB9,	0x6,	0x14,	0xB9,	0x7,	0x14,	0xB9,
	0x7,	0x14,	0xB9,	0x7,	0x14,	0xB9,	0x6,	0x14,
	0xB9,	0x7,	0x14,	0xB9,	0x6,	0x14,	'V',	0x7,
	0x14,	0x1A,	0xF,	0x1C,	0x27,	0x1A,	0x29,	0x31,
	0x21,	0x30,	0x33,	0x22,	0x31,	0x36,	0x23,	0x32,
	0x35,	0x20,	0x2F,	0x33,	0x21,	0x30,	0x32,	0x25,
	0x38,	0x3C,	0x2E,	'B',	0x3C,	0x2E,	'B',	0x3C,
	0x31,	'E',	0x36,	0x2B,	0x3E,	0x1A,	0x12,	0x21,
	0x1C,	0x7,	0x16,	0xA7,	0x7,	0x17,	0xB9,	0x7,
	0x17,	0xB9,	0x7,	0x16,	0xB9,	0x7,	0x16,	0xB9,
	0x7,	0x17,	0xB9,	0x7,	0x17,	0xB9,	0x7,	0x16,
	0xB9,	0x7,	0x16,	0xB9,	0x7,	0x16,	0xB9,	0x7,
	0x17,	0xB9,	0x7,	0x16,	0xB9,	0x7,	0x17,	0x9C,
	0x7,	0x17,	0x12,	0x7,	0x17,	0x3A,	0x2C,	'm',
	0x8A,	'q',	0xE6,	0x88,	'j',	0xE3,	0x89,	'm',
	0xE4,	'b',	'C',	0xD9,	'u',	'U',	0xDE,	0x87,
	'j',	0xE3,	0x5D,	0x3F,	0xDA,	'k',	'N',	0xDC,
	0x89,	'p',	0xE4,	'v',	'X',	0xE0,	'W',	0x39,
	0xD8,	0x7D,	0x60,	0xE0,	0x88,	'j',	0xE4,	'i',
	'H',	0xDB,	'c',	0x40,	0xDA,	0x88,	'h',	0xE4,
	0x84,	'e',	0xE3,	0x5D,	0x3B,	0xDA,	'v',	'T',
	0xE0,	0x85,	'e',	0xE3,	0x5C,	0x3A,	0xD9,	'c',
	0x40,	0xDA,	0x88,	'j',	0xE4,	'k',	'K',	0xD0,
	'v',	'T',	0xD4,	0x84,	'e',	0xD6,	'Z',	0x3A,
	0xCD,	0x81,	0x5E,	0xD5,	0x87,	'j',	0xD8,	0x87,
	'm',	0xD6,	0x87,	'x',	0xD6,	0x89,	0x85,	0xD9,
	0x89,	0x8D,	0xD9,	0x89,	0x93,	0xD9,	0x8B,	0x97,
	0xD9,	0x8B,	0x97,	0xD9,	0x8B,	0x98,	0xDB,	0x8B,
	0x98,	0xDB,	0x8C,	0x98,	0xDB,	0x8B,	0x99,	0xDB,
	0x8B,	0x98,	0xDB,	0x8B,	0x98,	0xDB,	0x8B,	0x98,
	0xDB,	0x8B,	0x98,	0xDB,	0x8B,	0x99,	0xDB,	0x8B,
	0x98,	0xDB,	0x8C,	0x98,	0xDB,	0x8B,	0x99,	0xDB,
	0x8B,	0x98,	0xDB,	0x8B,	0x99,	0xDB,	0x8B,	0x98,
	0xDB,	0x8A,	0x98,	0xD9,	0x8A,	0x97,	0xD9,	0x89,
	0x8E,	0xD9,	0x89,	0x86,	0xD9,	0x88,	0x7F,	0xD8,
	0x87,	's',	0xD5,	0x87,	'j',	0xD8,	0x87,	'f',
	0xD6,	'z',	'U',	0xD3,	0x84,	'e',	0xD6,	0x81,
	0x5E,	0xD5,	'k',	'J',	0xD0,	0x89,	'h',	0xD8,
	0x83,	'b',	0xD6,	0x5D,	0x3D,	0xCE,	0x7D,	0x5B,
	0xD5,	0x88,	'h',	0xD8,	'i',	'H',	0xCF,	't',
	'P',	0xD1,	0x8A,	'j',	0xD8,	0x7E,	0x5B,	0xD5,
	'W',	0x36,	0xCB,	'y',	'U',	0xD3,	0x88,	'j',
	0xD8,	0x84,	'b',	0xDB,	'I',	0x2C,	0xAB,	0x1B,
	0xE,	0x23,	0x81,	0x60,	0xCF,	'y',	'V',	0xD4,
	0x60,	0x3F,	0xCF,	0x84,	'e',	0xD6,	0x7E,	0x5F,
	0xCD,	0x87,	'j',	0xD6,	0x27,	0x19,	0x39,	'd',
	0x7,	0x14,	0xB9,	0x7,	0x14,	0xB9,	0x7,	0x14,
	0xB9,	0x7,	0x14,	0xB9,	0x7,	0x14,	0xB9,	0x7,
	0x14,	0xB9,	0x7,	0x14,	0xB9,	0x7,	0x14,	0xB9,
	0x7,	0x14,	0xB9,	0x7,	0x14,	0xB9,	0x7,	0x14,
	0xB9,	0x7,	0x14,	0xB9,	0x7,	0x14,	'W',	0x7,
	0x14,	0x1A,	0xF,	0x1D,	0x29,	0x1C,	0x2B,	0x34,
	0x23,	0x33,	0x39,	0x24,	0x34,	0x37,	0x21,	0x30,
	0x37,	0x21,	0x30,	0x3A,	0x24,	0x33,	0x39,	0x2C,
	'E',	0x3E,	0x31,	'K',	0x35,	0x2E,	'E',	0x39,
	0x33,	'K',	0x3A,	0x35,	'M',	0x1B,	0x15,	0x26,
	0x2F,	0x9,	0x1B,	0xB7,	0x9,	0x1B,	0xB9,	0x9,
	0x1B,	0xB9,	0x9,	0x1B,	0xB9,	0x9,	0x1B,	0xB9,
	0x9,	0x1B,	0xB9,	0x9,	0x1B,	0xB9,	0x9,	0x1B,
	0xB9,	0x9,	0x1B,	0xB9,	0x9,	0x1B,	0xB9,	0x9,
	0x1B,	0xB9,	0x9,	0x1B,	0xB9,	0x7,	0x1B,	0x9D,
	0x7,	0x1B,	0x20,	0x7,	0x1B,	0x28,	0xE,	0x27,
	'y',	0x60,	0xE3,	0x88,	'm',	0xF2,	0x88,	'm',
	0xF1,	'v',	'X',	0xED,	'Z',	0x3D,	0xE6,	0x7E,
	0x60,	0xEE,	0x7B,	0x5E,	0xED,	'a',	'C',	0xE8,
	0x84,	'h',	0xE3,	0x87,	'j',	0xE3,	'i',	'L',
	0xDB,	0x5F,	'B',	0xDB,	0x82,	'd',	0xE1,	0x87,
	'j',	0xE3,	'b',	'D',	0xDB,	'z',	0x5C,	0xE0,
	0x88,	'm',	0xE4,	'n',	'P',	0xDC,	'f',	'I',
	0xDB,	0x88,	'p',	0xE4,	'n',	'L',	0xDC,	'Z',
	0x39,	0xD9,	0x84,	'e',	0xE3,	'n',	'L',	0xDC,
	0x5D,	0x3D,	0xCE,	0x83,	'b',	0xD6,	'v',	'T',
	0xD4,	0x84,	'e',	0xD6,	0x87,	'h',	0xD8,	0x87,
	'o',	0xD8,	0x87,	'x',	0xD6,	0x89,	0x85,	0xD9,
	0x89,	0x8C,	0xD9,	0x89,	0x94,	0xD9,	0x8A,	0x96,
	0xD9,	0x8A,	0x98,	0xD9,	0x8B,	0x99,	0xDB,	0x8B,
	0x99,	0xDB,	0x8B,	0x99,	0xDB,	0x8B,	0x99,	0xDB,
	0x8B,	0x99,	0xDB,	0x8B,	0x99,	0xDB,	0x8B,	0x99,
	0xDB,	0x8B,	0x99,	0xDB,	0x8B,	0x99,	0xDB,	0x8B,
	0x99,	0xDB,	0x8B,	0x99,	0xDB,	0x8B,	0x99,	0xDB,
	0x8B,	0x98,	0xDB,	0x8B,	0x99,	0xDB,	0x8A,	0x98,
	0xDB,	0x8A,	0x98,	0xD9,	0x89,	0x94,	0xD9,	0x89,
	0x8F,	0xD9,	0x89,	0x85,	0xD9,	0x87,	'z',	0xD8,
	0x87,	'o',	0xD8,	0x87,	'j',	0xD8,	0x81,	0x5E,
	0xD5,	'Z',	0x3A,	0xCD,	0x81,	0x5F,	0xD5,	0x7B,
	'Y',	0xD4,	'h',	'F',	0xCF,	0x89,	'j',	0xD8,
	'i',	'H',	0xCF,	0x5C,	0x3A,	0xCD,	0x84,	'b',
	0xD6,	0x7D,	0x5C,	0xD5,	'Y',	0x38,	0xCB,	0x7D,
	0x5B,	0xD4,	0x88,	'j',	0xD8,	'i',	'H',	0xCF,
	'Z',	0x39,	0xCD,	0x83,	'b',	0xD6,	0x87,	'f',
	0xD6,	0x5F,	0x3E,	0xCE,	'i',	'H',	0xCD,	0x7B,
	0x5C,	0xCA,	0x83,	'e',	0xD6,	'c',	'B',	0xCE,
	'v',	'S',	0xD4,	0x88,	'h',	0xD5,	0x22,	0x13,
	0x2B,	0x20,	0x12,	0x27,	0x21,	0x18,	0x34,	0x40,
	0x7,	0x14,	0xB9,	0x7,	0x14,	0xB9,	0x7,	0x14,
	0xB9,	0x7,	0x14,	0xB9,	0x7,	0x14,	0xB9,	0x7,
	0x14,	0xB9,	0x7,	0x14,	0xB9,	0x7,	0x14,	0xB9,
	0x7,	0x14,	0xB9,	0x7,	0x14,	0xB9,	0x7,	0x14,
	0xB9,	0x7,	0x14,	0xB9,	0x7,	0x14,	'W',	0x7,
	0x14,	0x1A,	0xF,	0x1D,	0x27,	0x1B,	0x2A,	0x36,
	0x25,	0x35,	0x3A,	0x27,	0x37,	0x3F,	0x24,	0x34,
	0x39,	0x21,	0x30,	0x37,	0x21,	0x30,	0x40,	0x36,
	'N',	0x39,	0x32,	'I',	0x39,	0x34,	'L',	0x39,
	0x35,	'M',	0x3E,	0x39,	'R',	0x1D,	0x16,	0x27,
	0x2F,	0x9,	0x1B,	0xB6,	0x9,	0x1B,	0xB9,	0x9,
	0x1B,	0xB9,	0x9,	0x1B,	0xB9,	0x9,	0x1B,	0xB9,
	0x9,	0x1B,	0xB9,	0x9,	0x1B,	0xB9,	0x9,	0x1B,
	0xB9,	0x9,	0x1B,	0xB9,	0x9,	0x1B,	0xB9,	0x9,
	0x1B,	0xB9,	0x9,	0x1B,	0xB9,	0x9,	0x1B,	0x99,
	0x9,	0x1B,	'O',	0x9,	0x1B,	'J',	0x9,	0x1B,
	'M',	0x40,	0xB4,	0x8A,	'q',	0xF5,	0x87,	'j',
	0xF0,	0x87,	'j',	0xF0,	't',	'X',	0xED,	0x7D,
	0x60,	0xED,	0x88,	'm',	0xF1,	'f',	'I',	0xE8,
	'h',	'K',	0xDB,	0x88,	'p',	0xE4,	0x7D,	0x5E,
	0xE1,	'W',	0x39,	0xD6,	't',	'V',	0xDE,	0x89,
	'p',	0xE4,	's',	'U',	0xDE,	0x5C,	0x40,	0xDA,
	0x83,	'i',	0xE3,	0x83,	'g',	0xE3,	'c',	'D',
	0xDB,	0x84,	'h',	0xE3,	0x80,	0x5F,	0xE1,	'q',
	'N',	0xDE,	0x84,	'e',	0xE3,	0x7C,	0x5B,	0xE0,
	'X',	0x38,	0xD8,	0x7D,	'Y',	0xD5,	0x89,	'j',
	0xD8,	0x87,	'f',	0xD6,	0x87,	'h',	0xD8,	0x87,
	'q',	0xD8,	0x87,	'y',	0xD8,	0x89,	0x86,	0xD9,
	0x89,	0x8E,	0xD9,	0x89,	0x94,	0xD9,	0x8A,	0x98,
	0xD9,	0x8B,	0x99,	0xDB,	0x8B,	0x99,	0xDB,	0x8B,
	0x99,	0xDB,	0x8B,	0x99,	0xDB,	0x8B,	0x99,	0xDB,
	0x8B,	0x99,	0xDB,	0x8B,	0x99,	0xDB,	0x8B,	0x99,
	0xDB,	0x8B,	0x99,	0xDB,	0x8B,	0x99,	0xDB,	0x8B,
	0x99,	0xDB,	0x8B,	0x99,	0xDB,	0x8B,	0x99,	0xDB,
	0x8B,	0x99,	0xDB,	0x8B,	0x99,	0xDB,	0x8B,	0x99,
	0xDB,	0x8A,	0x98,	0xD9,	0x89,	0x94,	0xD9,	0x89,
	0x8E,	0xD9,	0x89,	0x85,	0xD9,	0x87,	'y',	0xD6,
	0x87,	'o',	0xD8,	0x89,	'k',	0xD9,	'v',	'T',
	0xD4,	0x5C,	0x3E,	0xCD,	0x87,	'i',	0xD8,	'n',
	'L',	0xD0,	'q',	'N',	0xD1,	0x87,	'f',	0xD6,
	0x5C,	0x3B,	0xCE,	'b',	'A',	0xCE,	0x88,	'j',
	0xD8,	'n',	'K',	0xD0,	0x5E,	0x3E,	0xCE,	0x87,
	'f',	0xD6,	0x83,	'b',	0xD6,	0x5D,	0x3D,	0xCE,
	'n',	'K',	0xD0,	0x89,	'k',	0xD8,	'v',	'T',
	0xD4,	'X',	0x36,	0xCB,	0x7D,	0x5B,	0xD5,	0x8A,
	'k',	0xD9,	'i',	'I',	0xCF,	0x5D,	0x3E,	0xCE,
	0x87,	'f',	0xD6,	'y',	'W',	0xD8,	0x31,	0x1C,
	'c',	0xF,	0x7,	0x14,	0x1B,	0x8,	0x16,	0x17,
	0x7,	0x14,	0x8C,	0x7,	0x14,	0xB9,	0x7,	0x14,
	0xB9,	0x7,	0x14,	0xB9,	0x7,	0x14,	0xB9,	0x7,
	0x14,	0xB9,	0x7,	0x14,	0xB9,	0x7,	0x14,	0xB9,
	0x7,	0x14,	0xB9,	0x7,	0x14,	0xB9,	0x7,	0x14,
	0xB9,	0x7,	0x14,	0xB9,	0x7,	0x14,	'X',	0x7,
	0x14,	0x18,	0xE,	0x1B,	0x2A,	0x1E,	0x2C,	0x3B,
	0x29,	0x38,	0x3F,	0x28,	0x38,	0x3D,	0x26,	0x36,
	0x3D,	0x24,	0x33,	0x37,	0x20,	0x2F,	0x3E,	0x36,
	'O',	0x3B,	0x36,	'N',	0x3F,	0x3B,	0x5D,	0x40,
	0x3C,	'a',	0x3E,	0x3B,	0x60,	0x1C,	0x16,	0x2B,
	0x2F,	0x9,	0x1F,	0xB6,	0x9,	0x1F,	0xB9,	0x9,
	0x1F,	0xB9,	0x9,	0x1F,	0xB9,	0x9,	0x1F,	0xB9,
	0x9,	0x1F,	0xB9,	0x9,	0x1F,	0xB9,	0x9,	0x1F,
	0xB9,	0x9,	0x1F,	0xB9,	0x9,	0x1F,	0xB9,	0x9,
	0x1F,	0xB9,	0x9,	0x1F,	0xB9,	0x9,	0x1B,	0x9A,
	0x9,	0x1B,	'N',	0x9,	0x1B,	'o',	0x9,	0x1B,
	0x3A,	0x31,	0x7B,	0x8A,	'w',	0xF6,	0x87,	'o',
	0xF0,	0x87,	'o',	0xF0,	0x87,	'n',	0xF1,	0x87,
	'k',	0xF0,	0x87,	'm',	0xF1,	'z',	0x5E,	0xED,
	'Z',	0x3E,	0xD9,	0x83,	'h',	0xE3,	0x86,	'k',
	0xE3,	0x5C,	0x3F,	0xDA,	'n',	'P',	0xDC,	0x88,
	'm',	0xE4,	0x83,	'g',	0xE3,	0x7D,	0x60,	0xE1,
	0x83,	'h',	0xE3,	0x87,	'k',	0xE3,	'k',	'P',
	0xDC,	0x83,	'h',	0xE3,	0x86,	'i',	0xE4,	0x88,
	'i',	0xE4,	0x87,	'i',	0xE4,	0x80,	0x5F,	0xE1,
	'd',	'B',	0xDA,	0x83,	'b',	0xD6,	0x87,	'f',
	0xD6,	0x87,	'i',	0xD8,	0x87,	'k',	0xD9,	0x87,
	'u',	0xD6,	0x87,	0x7D,	0xD8,	0x89,	0x88,	0xD9,
	0x88,	0x8F,	0xD9,	0x8A,	0x97,	0xD9,	0x8A,	0x98,
	0xD9,	0x8B,	0x99,	0xDB,	0x8A,	0x99,	0xDB,	0x8B,
	0x99,	0xDB,	0x8B,	0x99,	0xDB,	0x8B,	0x99,	0xDB,
	0x8A,	0x99,	0xDB,	0x8B,	0x99,	0xDB,	0x8A,	0x99,
	0xDB,	0x8B,	0x99,	0xDB,	0x8A,	0x99,	0xDB,	0x8B,
	0x99,	0xDB,	0x8A,	0x99,	0xDB,	0x8B,	0x99,	0xDB,
	0x8B,	0x99,	0xDB,	0x8A,	0x99,	0xDB,	0x8B,	0x98,
	0xDB,	0x8A,	0x97,	0xD9,	0x88,	0x94,	0xD9,	0x88,
	0x8E,	0xD9,	0x89,	0x85,	0xD9,	0x87,	'x',	0xD6,
	0x87,	'n',	0xD6,	0x88,	'k',	0xD8,	'z',	'W',
	0xD5,	'h',	'F',	0xCF,	0x80,	0x5F,	0xD5,	0x5B,
	0x3A,	0xCD,	'y',	'X',	0xD5,	0x82,	'b',	0xD6,
	'Y',	0x39,	0xCB,	's',	'P',	0xD1,	0x87,	'j',
	0xD8,	'a',	'A',	0xCF,	'i',	'I',	0xCF,	0x89,
	'k',	0xD8,	'z',	'Y',	0xD5,	'a',	0x40,	0xCF,
	0x86,	'f',	0xD6,	0x84,	'e',	0xD6,	'b',	'A',
	0xCF,	'i',	'H',	0xCF,	0x88,	'i',	0xD8,	0x82,
	'b',	0xD6,	0x5C,	0x3B,	0xCE,	0x7D,	0x5C,	0xD5,
	0x7C,	0x5B,	0xD5,	'Y',	0x39,	0xCB,	'z',	'Y',
	0xD5,	0x33,	0x25,	'U',	0x5B,	0x7,	0x14,	'm',
	0x7,	0x14,	0x1A,	0x7,	0x14,	'N',	0x7,	0x14,
	0xB0,	0x7,	0x14,	0xB7,	0x7,	0x14,	0xB9,	0x7,
	0x14,	0xB9,	0x7,	0x14,	0xB9,	0x7,	0x14,	0xB9,
	0x7,	0x14,	0xB9,	0x7,	0x14,	0xB9,	0x7,	0x14,
	0xB9,	0x7,	0x14,	0xB9,	0x7,	0x14,	'M',	0x7,
	0x14,	0x19,	0xF,	0x1D,	0x29,	0x1F,	0x2E,	0x39,
	0x27,	0x37,	0x37,	0x22,	0x30,	0x3E,	0x25,	0x34,
	0x3C,	0x23,	0x32,	0x3C,	0x22,	0x31,	0x39,	0x32,
	'J',	0x3E,	0x38,	'P',	0x3A,	0x36,	'U',	0x3F,
	0x3C,	0x60,	0x3C,	0x39,	'Z',	0x16,	0x10,	0x25,
	0x2A,	0x9,	0x1F,	0xB4,	0x9,	0x1F,	0xB9,	0x9,
	0x1F,	0xB9,	0x9,	0x1F,	0xB9,	0x9,	0x1F,	0xB9,
	0x9,	0x1F,	0xB9,	0x9,	0x1F,	0xB9,	0x9,	0x1F,
	0xB9,	0x9,	0x1F,	0xB9,	0x9,	0x1F,	0xB9,	0x9,
	0x1F,	0xB9,	0x9,	0x1F,	0xB9,	0x9,	0x1B,	0xB0,
	0x9,	0x1B,	0xA4,	0x9,	0x1B,	'm',	0x9,	0x1B,
	0x3B,	0x34,	0x80,	0x88,	'v',	0xF4,	0x86,	's',
	0xF1,	0x87,	'o',	0xF0,	0x86,	'o',	0xF0,	0x87,
	'o',	0xF0,	0x87,	'k',	0xF0,	0x82,	'g',	0xF0,
	'd',	'F',	0xDA,	0x7C,	0x5E,	0xE1,	0x88,	'n',
	0xE4,	't',	'X',	0xE0,	'y',	'Y',	0xE0,	0x88,
	'n',	0xE4,	0x87,	'k',	0xE3,	0x87,	'n',	0xE4,
	0x86,	'k',	0xE3,	0x86,	'k',	0xE3,	0x86,	'k',
	0xE3,	0x86,	'k',	0xE3,	0x86,	'f',	0xE3,	0x86,
	'f',	0xE3,	0x86,	'f',	0xE3,	0x86,	'f',	0xE3,
	0x84,	'e',	0xE3,	0x86,	'f',	0xD6,	0x86,	'f',
	0xD6,	0x86,	'k',	0xD8,	0x87,	'o',	0xD8,	0x86,
	'y',	0xD6,	0x87,	0x81,	0xD8,	0x88,	0x8D,	0xD9,
	0x89,	0x90,	0xD9,	0x89,	0x97,	0xD9,	0x89,	0x98,
	0xD9,	0x8A,	0x99,	0xDB,	0x8A,	0x99,	0xDB,	0x8A,
	0x99,	0xDB,	0x8A,	0x99,	0xDB,	0x8B,	0x99,	0xDB,
	0x8B,	0x99,	0xDB,	0x8A,	0x99,	0xDB,	0x8A,	0x99,
	0xDB,	0x8A,	0x99,	0xDB,	0x8A,	0x99,	0xDB,	0x8A,
	0x99,	0xDB,	0x8B,	0x99,	0xDB,	0x8A,	0x99,	0xDB,
	0x8A,	0x99,	0xDB,	0x8A,	0x99,	0xDB,	0x8A,	0x99,
	0xDB,	0x89,	0x98,	0xD9,	0x88,	0x94,	0xD9,	0x88,
	0x8E,	0xD9,	0x88,	0x86,	0xD9,	0x87,	'y',	0xD8,
	0x87,	'o',	0xD8,	0x86,	'i',	0xD8,	0x86,	'f',
	0xD6,	0x87,	'i',	0xD8,	'v',	'S',	0xD4,	'W',
	0x38,	0xCB,	0x80,	0x5F,	0xD5,	'z',	'X',	0xD4,
	0x5C,	0x3B,	0xCE,	0x80,	0x5F,	0xD5,	0x82,	0x60,
	0xD5,	'a',	0x40,	0xCF,	0x83,	'b',	0xD6,	0x83,
	'e',	0xD6,	'a',	0x40,	0xCF,	't',	'Q',	0xD3,
	0x88,	'k',	0xD8,	'n',	'L',	0xD0,	'V',	0x36,
	0xCB,	0x7C,	0x5C,	0xD4,	0x88,	'k',	0xD8,	'p',
	'O',	0xD1,	'f',	'E',	0xCE,	0x87,	'k',	0xD8,
	'p',	'O',	0xD1,	'd',	'C',	0xCE,	0x89,	'i',
	0xDB,	'q',	'V',	0xC2,	0x26,	0xE,	0x1E,	0x5C,
	0x7,	0x14,	0x8D,	0x7,	0x14,	'H',	0x7,	0x14,
	0x30,	0x7,	0x14,	0x92,	0x7,	0x14,	0xB9,	0x7,
	0x14,	0xB9,	0x7,	0x14,	0xB9,	0x7,	0x14,	0xB9,
	0x7,	0x14,	0xB9,	0x7,	0x14,	0xB9,	0x7,	0x14,
	0xB9,	0x7,	0x14,	0xA9,	0x7,	0x14,	0x29,	0x7,
	0x14,	0x23,	0x1A,	0x28,	0x27,	0x1C,	0x2B,	0x39,
	0x27,	0x37,	0x3A,	0x26,	0x36,	0x39,	0x23,	0x32,
	0x36,	0x20,	0x2E,	0x32,	0x1B,	0x2A,	0x39,	0x35,
	'S',	0x3F,	0x3A,	'Z',	0x38,	0x35,	'T',	0x3E,
	0x3B,	0x60,	0x3B,	0x37,	'X',	0x35,	0x27,	'B',
	0x17,	0x9,	0x1F,	0x9C,	0x9,	0x1F,	0xB9,	0x9,
	0x1F,	0xB9,	0x9,	0x1F,	0xB8,	0xA,	0x1F,	0xB9,
	0x9,	0x1F,	0xB9,	0x9,	0x1F,	0xB8,	0x9,	0x1F,
	0xB9,	0x9,	0x1F,	0xB9,	0x9,	0x1F,	0xB9,	0x9,
	0x1F,	0xB9,	0x9,	0x1F,	0xB8,	0xA,	0x1F,	0xB8,
	0xA,	0x1F,	0xB9,	0x9,	0x1F,	'n',	0xA,	0x1F,
	0x38,	0x34,	0x82,	0x88,	0x7E,	0xF5,	0x86,	'v',
	0xF2,	0x86,	'u',	0xF1,	0x86,	's',	0xFB,	0x86,
	's',	0xFB,	0x86,	's',	0xF1,	0x86,	's',	0xF1,
	0x86,	's',	0xF1,	0x83,	'k',	0xF0,	0x86,	'n',
	0xF1,	0x88,	'q',	0xF0,	0x86,	'q',	0xF0,	0x86,
	'p',	0xF1,	0x86,	'p',	0xF1,	0x86,	'p',	0xF1,
	0x86,	'p',	0xE4,	0x86,	'p',	0xE3,	0x86,	'p',
	0xE4,	0x86,	'n',	0xE4,	0x86,	'n',	0xE4,	0x86,
	'n',	0xE4,	0x86,	'n',	0xE4,	0x86,	'n',	0xE4,
	0x86,	'n',	0xE4,	0x86,	'k',	0xD8,	0x86,	'l',
	0xD9,	0x86,	'r',	0xD8,	0x86,	'x',	0xD6,	0x87,
	0x80,	0xD8,	0x88,	0x87,	0xD9,	0x88,	0x90,	0xD9,
	0x88,	0x94,	0xD9,	0x89,	0x99,	0xD9,	0x89,	0x9F,
	0xD9,	0x8A,	0xA1,	0xDB,	0x8A,	0x99,	0xDB,	0x8A,
	0x9A,	0xDB,	0x8A,	0x99,	0xDB,	0x8A,	0x99,	0xDB,
	0x8A,	0x99,	0xDB,	0x8A,	0x9A,	0xDB,	0x8A,	0x9A,
	0xDB,	0x8A,	0x99,	0xDB,	0x8A,	0x99,	0xDB,	0x8A,
	0x99,	0xDB,	0x8A,	0x99,	0xDB,	0x8A,	0x9A,	0xDB,
	0x8A,	0x99,	0xDB,	0x8A,	0x99,	0xDB,	0x89,	0x98,
	0xD9,	0x89,	0x98,	0xD9,	0x88,	0x94,	0xD9,	0x88,
	0x8F,	0xD9,	0x88,	0x87,	0xD9,	0x87,	0x7D,	0xD8,
	0x86,	's',	0xD9,	0x86,	'k',	0xD6,	0x86,	'i',
	0xD8,	0x87,	'i',	0xD8,	'y',	'V',	0xD4,	'a',
	0x3F,	0xCF,	0x84,	'e',	0xD6,	0x86,	'g',	0xD6,
	0x83,	'f',	0xD6,	0x86,	'i',	0xD8,	0x7D,	0x5C,
	0xD5,	'j',	'K',	0xD0,	0x87,	'k',	0xD8,	0x7C,
	0x5D,	0xD5,	'f',	'E',	0xCE,	0x82,	0x60,	0xD5,
	0x87,	'i',	0xD8,	'h',	'F',	0xCF,	'a',	0x40,
	0xCF,	0x86,	'f',	0xD6,	0x80,	0x5F,	0xD5,	'Y',
	0x3B,	0xCD,	0x7C,	0x5B,	0xD4,	0x87,	'i',	0xD8,
	0x83,	'e',	0xD6,	0x86,	'f',	0xD6,	0x86,	'f',
	0xD6,	0x8C,	'o',	0xDD,	0x3F,	0x2F,	'v',	0x1B,
	0x7,	0x14,	0xAC,	0x7,	0x14,	0xB9,	0x7,	0x14,
	0xA9,	0x7,	0x14,	0xB4,	0x7,	0x14,	0xB9,	0x7,
	0x14,	0xB8,	0x7,	0x14,	0xB9,	0x7,	0x14,	0xB9,
	0x7,	0x14,	0xB9,	0x7,	0x14,	0xB8,	0x7,	0x14,
	0xB9,	0x7,	0x14,	'L',	0x7,	0x14,	0x10,	0x8,
	0x15,	0x2D,	0x24,	0x33,	0x29,	0x1A,	0x28,	0x35,
	0x25,	0x34,	0x38,	0x24,	0x33,	0x37,	0x22,	0x30,
	0x34,	0x1E,	0x2D,	0x33,	0x1D,	0x2C,	0x36,	0x32,
	'P',	0x3F,	0x3B,	0x5B,	0x3A,	0x37,	'X',	0x3E,
	0x3B,	0x5E,	0x2E,	0x2B,	'I',	0xE1,	0xE8,	0xFC,
	0x10,	0xB,	0x23,	'k',	0xA,	0x23,	0xB9,	0xA,
	0x23,	0xB8,	0xA,	0x23,	0xB8,	0xA,	0x23,	0xB8,
	0xA,	0x23,	0xB8,	0xA,	0x1F,	0xB8,	0xA,	0x1F,
	0xB8,	0xA,	0x1F,	0xB9,	0x9,	0x1F,	0xB9,	0xA,
	0x1F,	0xB9,	0x9,	0x1F,	0xB8,	0xA,	0x1F,	0xB8,
	0xA,	0x1F,	0xB8,	0xA,	0x1F,	'K',	0x9,	0x1F,
	0xE,	0xC,	0x22,	'n',	'k',	0xE3,	0x89,	0x84,
	0xF5,	0x86,	0x7C,	0xF1,	0x86,	'z',	0xFB,	0x86,
	'x',	0xFA,	0x86,	'x',	0xFA,	0x86,	'x',	0xF0,
	0x85,	'z',	0xF1,	0x86,	'z',	0xF1,	0x89,	0x80,
	0xF5,	0x89,	0x7F,	0xF5,	0x88,	0x7B,	0xF2,	0x88,
	0x7B,	0xF2,	0x88,	0x7B,	0xF2,	0x88,	0x7B,	0xF2,
	0x88,	0x7B,	0xE6,	0x88,	'x',	0xE6,	0x88,	'v',
	0xE6,	0x88,	'u',	0xE5,	0x86,	's',	0xE3,	0x86,
	'r',	0xE3,	0x86,	'q',	0xE5,	0x86,	'r',	0xE5,
	0x86,	's',	0xE3,	0x86,	'p',	0xD8,	0x85,	's',
	0xD5,	0x86,	'y',	0xD6,	0x87,	0x7F,	0xD8,	0x88,
	0x87,	0xD9,	0x88,	0x8F,	0xD9,	0x88,	0x93,	0xD9,
	0x89,	0x98,	0xD9,	0x89,	0x99,	0xD9,	0x89,	0x9F,
	0xD9,	0x8A,	0xA1,	0xDB,	0x8A,	0x9A,	0xDB,	0x8A,
	0x9A,	0xDB,	0x8A,	0x99,	0xDB,	0x8A,	0x9A,	0xDB,
	0x8A,	0x9A,	0xDB,	0x8A,	0x9A,	0xDB,	0x8A,	0x9A,
	0xDB,	0x8A,	0x9A,	0xDB,	0x8A,	0x9A,	0xDB,	0x8A,
	0x9A,	0xDB,	0x8A,	0x9A,	0xDB,	0x8A,	0x9A,	0xDB,
	0x8A,	0x9A,	0xDB,	0x8A,	0x99,	0xDB,	0x89,	0x99,
	0xD9,	0x89,	0x99,	0xD9,	0x88,	0x94,	0xD9,	0x88,
	0x90,	0xD9,	0x88,	0x88,	0xD9,	0x87,	0x81,	0xD8,
	0x86,	'x',	0xD6,	0x86,	'n',	0xD6,	0x86,	'i',
	0xD8,	0x86,	'f',	0xD6,	0x86,	'g',	0xD6,	0x82,
	'c',	0xD6,	0x86,	'g',	0xD6,	0x86,	'f',	0xD6,
	0x86,	'g',	0xD6,	0x86,	'g',	0xD6,	0x86,	'f',
	0xD6,	0x83,	'f',	0xD6,	0x86,	'g',	0xD6,	0x86,
	'g',	0xD6,	0x87,	'i',	0xD8,	0x86,	'g',	0xD6,
	0x85,	'g',	0xD6,	'd',	'C',	0xCE,	't',	'R',
	0xD3,	0x88,	'k',	0xD8,	'q',	'O',	0xD1,	0x5C,
	0x3D,	0xCE,	0x84,	'e',	0xD6,	0x86,	'g',	0xD6,
	0x86,	'g',	0xD6,	0x86,	'g',	0xD6,	0x86,	'g',
	0xD6,	0x86,	'g',	0xD8,	0x86,	'i',	0xD9,	0x30,
	0x1A,	0x3A,	0x9A,	0x7,	0x14,	0xB8,	0x7,	0x14,
	0xB8,	0x7,	0x14,	0xB8,	0x7,	0x14,	0xB8,	0x7,
	0x14,	0xB8,	0x7,	0x14,	0xB9,	0x7,	0x14,	0xB8,
	0x7,	0x14,	0xB8,	0x7,	0x14,	0xB8,	0x7,	0x14,
	0xB8,	0x7,	0x14,	'F',	0x7,	0x14,	0x13,	0xA,
	0x17,	0x2D,	0x24,	0x33,	0x2A,	0x1A,	0x28,	0x38,
	0x25,	0x34,	0x34,	0x21,	0x2F,	0x3A,	0x22,	0x30,
	0x3E,	0x23,	0x32,	0x3B,	0x22,	0x30,	0x3B,	0x33,
	0x5B,	0x39,	0x36,	0x5D,	0x3F,	0x3D,	'g',	0x3D,
	0x3A,	'd',	0x38,	0x36,	0x5D,	0xFF,	0xF6,	0xFF,
	'B',	0x37,	'W',	'Q',	0xA,	0x23,	0xB8,	0xA,
	0x24,	0xB8,	0xA,	0x23,	0xB8,	0xA,	0x23,	0xB8,
	0xA,	0x23,	0xB8,	0xA,	0x24,	0xB8,	0xA,	0x23,
	0xB8,	0xA,	0x23,	0xB8,	0xA,	0x23,	0xB8,	0xA,
	0x23,	0xB8,	0xA,	0x24,	0xB8,	0xA,	0x1F,	0xB8,
	0xA,	0x1F,	0xB8,	0xA,	0x1F,	0x36,	0xA,	0x1F,
	0x24,	0x25,	'M',	0x82,	0x8A,	0xF7,	0x88,	0x8C,
	0xFB,	0x86,	0x86,	0xFB,	0x86,	0x84,	0xFA,	0x85,
	0x84,	0xFA,	0x84,	0x83,	0xFA,	0x82,	0x80,	0xFA,
	0x81,	0x80,	0xF0,	0x80,	0x81,	0xF0,	0x5F,	'Z',
	0xC9,	'f',	'e',	0xD1,	0x7B,	0x7F,	0xE9,	0x7B,
	0x7F,	0xE8,	0x7B,	'w',	0xE7,	0x7B,	'w',	0xE7,
	0x7B,	'w',	0xDA,	0x7B,	'v',	0xDB,	0x7B,	's',
	0xDB,	'y',	'q',	0xDA,	0x86,	0x7D,	0xE6,	0x8B,
	0x81,	0xEB,	0x8B,	0x7F,	0xE8,	0x8B,	0x7F,	0xE8,
	0x8B,	0x82,	0xE8,	0x8A,	0x83,	0xE8,	0x8A,	0x81,
	0xDD,	0x8A,	0x87,	0xDD,	0x8A,	0x89,	0xE7,	0x88,
	0x8F,	0xE5,	0x88,	0x91,	0xE5,	0x88,	0x95,	0xE5,
	0x89,	0x99,	0xD9,	0x89,	0x9F,	0xD9,	0x8A,	0x9A,
	0xDB,	0x91,	0xA0,	0xDF,	0x8F,	0x9D,	0xDE,	0x8A,
	0x9A,	0xDB,	0x8A,	0x9A,	0xDB,	0x8A,	0x9A,	0xDB,
	0x8A,	0x9A,	0xDB,	0x8A,	0x9A,	0xDB,	0x8A,	0x9A,
	0xDB,	0x8A,	0x9A,	0xDB,	0x8A,	0x9A,	0xDB,	0x8A,
	0x9A,	0xDB,	0x8A,	0x9A,	0xDB,	0x8A,	0x9A,	0xDB,
	0x8A,	0x9A,	0xDB,	0x8A,	0x9A,	0xDB,	0x89,	0x99,
	0xD9,	0x89,	0x99,	0xD9,	0x89,	0x98,	0xD9,	0x88,
	0x94,	0xD9,	0x88,	0x8E,	0xD9,	0x88,	0x86,	0xD9,
	0x86,	'y',	0xD8,	0x86,	'r',	0xD8,	0x86,	'l',
	0xD6,	0x85,	'j',	0xD8,	0x86,	'g',	0xD6,	0x85,
	'g',	0xD6,	0x86,	'g',	0xD6,	0x86,	'g',	0xD6,
	0x85,	'g',	0xD6,	0x86,	'g',	0xD6,	0x85,	'g',
	0xD6,	0x86,	'g',	0xD6,	0x86,	'g',	0xD6,	0x86,
	'g',	0xD6,	0x86,	'g',	0xD6,	0x86,	'g',	0xD6,
	0x86,	'g',	0xD6,	0x82,	0x60,	0xD5,	0x83,	'f',
	0xD6,	0x85,	'i',	0xD8,	0x7B,	'Z',	0xD5,	0x7B,
	0x5C,	0xD4,	0x85,	'g',	0xD6,	0x86,	'g',	0xD6,
	0x86,	'g',	0xD6,	0x85,	'g',	0xD6,	0x86,	'g',
	0xD6,	0x86,	'g',	0xD6,	0x8A,	'm',	0xDD,	0x3C,
	0x30,	't',	0x5D,	0x7,	0x14,	0xB8,	0x7,	0x14,
	0xB8,	0x7,	0x14,	0xB8,	0x7,	0x14,	0xB8,	0x7,
	0x14,	0xB8,	0x7,	0x14,	0xB8,	0x7,	0x14,	0xB8,
	0x7,	0x14,	0xB8,	0x7,	0x14,	0xB9,	0x7,	0x14,
	0xB8,	0x7,	0x14,	'H',	0x7,	0x14,	0x12,	0xA,
	0x16,	0x27,	0x1F,	0x2E,	0x2A,	0x1A,	0x28,	0x39,
	0x24,	0x33,	0x37,	0x22,	0x31,	0x39,	0x23,	0x31,
	0x3E,	0x24,	0x32,	0x3A,	0x22,	0x30,	0x40,	0x37,
	0x5E,	0x38,	0x35,	0x5D,	0x3A,	0x38,	'a',	0x3C,
	0x39,	'd',	'B',	0x3E,	'm',	0x32,	0x2F,	'T',
	0x1F,	0x1B,	0x38,	0x32,	0xA,	0x24,	0xB2,	0xA,
	0x24,	0xB8,	0xA,	0x23,	0xB8,	0xA,	0x24,	0xB8,
	0xA,	0x23,	0xB8,	0xA,	0x23,	0xB8,	0xA,	0x23,
	0xB8,	0xA,	0x23,	0xB8,	0xA,	0x23,	0xB8,	0xA,
	0x23,	0xB8,	0xA,	0x23,	0xB8,	0xA,	0x24,	0xB8,
	0xA,	0x23,	'h',	0xA,	0x23,	0x16,	0xC,	0x26,
	'o',	0x85,	0xF4,	0x8C,	0xA2,	0xFF,	0x88,	0x9A,
	0xFB,	0x88,	0x94,	0xFB,	0x81,	0x90,	0xFB,	0x82,
	0x90,	0xFB,	0x88,	0x94,	0xFB,	0x9E,	0xA5,	0xFE,
	0xAC,	0xB2,	0xFB,	0xD1,	0xE0,	0xFF,	0xA2,	0x96,
	0xC2,	0x3D,	0x31,	'E',	0x3E,	0x33,	'O',	0x3E,
	0x34,	'O',	0x3E,	0x33,	'O',	0x3E,	0x33,	'O',
	0x3E,	0x31,	'G',	0x3E,	0x31,	'G',	0x3E,	0x31,
	'G',	0x3E,	0x30,	'G',	0x3E,	0x31,	0x5B,	0x3D,
	0x34,	'f',	0x3C,	0x32,	'c',	0x3C,	0x32,	'd',
	0x39,	0x31,	0x60,	'K',	'H',	0xA4,	0x5C,	0x5E,
	0xB9,	'V',	0x5C,	0xB4,	'o',	'y',	0xD0,	0x8A,
	0x95,	0xE7,	0x87,	0x95,	0xE5,	0x89,	0x99,	0xE6,
	0x89,	0x99,	0xD9,	0x89,	0x9F,	0xD9,	0x89,	0x99,
	0xD9,	'K',	'N',	0x87,	'j',	'y',	0xB9,	0x8F,
	0xA0,	0xDE,	0x8A,	0x9B,	0xDB,	0x8A,	0x9A,	0xDB,
	0x8A,	0x9A,	0xDB,	0x8A,	0x9B,	0xDB,	0x8A,	0x9B,
	0xDB,	0x8A,	0x9B,	0xDB,	0x8A,	0x9A,	0xDB,	0x8A,
	0x9A,	0xDB,	0x8A,	0x9B,	0xDB,	0x8A,	0x9A,	0xDB,
	0x8E,	0x9D,	0xDC,	0x8F,	0x9F,	0xDE,	0x89,	0x99,
	0xD9,	0x89,	0x99,	0xD9,	0x89,	0x99,	0xD9,	0x88,
	0x95,	0xD9,	0x88,	0x90,	0xD9,	0x88,	0x8A,	0xD9,
	0x86,	0x82,	0xD8,	0x85,	'z',	0xD6,	0x86,	't',
	0xD9,	0x85,	'n',	0xD6,	0x85,	'k',	0xD8,	0x85,
	'j',	0xD8,	0x86,	'j',	0xD8,	0x86,	'g',	0xD6,
	0x85,	'g',	0xD6,	0x85,	'g',	0xD6,	0x86,	'g',
	0xD6,	0x86,	'g',	0xD6,	0x85,	'g',	0xD6,	0x85,
	'g',	0xD6,	0x86,	'g',	0xD6,	0x85,	'g',	0xD6,
	0x86,	'g',	0xD6,	0x85,	'g',	0xD6,	0x85,	'g',
	0xD6,	0x85,	'g',	0xD6,	0x86,	'j',	0xD8,	0x87,
	'j',	0xD8,	0x85,	'g',	0xD6,	0x85,	'g',	0xD6,
	0x86,	'g',	0xD6,	0x85,	'g',	0xD6,	0x85,	'g',
	0xD6,	0x86,	'g',	0xD6,	0x8C,	'r',	0xDD,	'M',
	'D',	0xA8,	'V',	0x7,	0x14,	0xB8,	0x7,	0x14,
	0xB8,	0x7,	0x14,	0xB8,	0x7,	0x14,	0xB8,	0x7,
	0x14,	0xB8,	0x7,	0x14,	0xB8,	0x7,	0x14,	0xB8,
	0x7,	0x14,	0xB8,	0x7,	0x14,	0xB8,	0x7,	0x14,
	0xB8,	0x7,	0x14,	0x3F,	0x7,	0x14,	0x12,	0xA,
	0x16,	0x2A,	0x22,	0x31,	0x28,	0x19,	0x27,	0x39,
	0x22,	0x30,	0x34,	0x20,	0x2E,	0x39,	0x23,	0x32,
	0x3E,	0x24,	0x32,	0x37,	0x20,	0x2E,	0x38,	0x2F,
	'T',	0x3B,	0x33,	'Z',	0x34,	0x30,	'V',	0x39,
	0x37,	0x5F,	0x37,	0x35,	0x5D,	0x37,	0x35,	0x5C,
	0x32,	0x32,	0x5F,	0x2F,	0xC,	0x29,	0xB2,	0xB,
	0x29,	0xB8,	0xC,	0x29,	0xB7,	0xC,	0x29,	0xB8,
	0xC,	0x29,	0xB8,	0xB,	0x29,	0xB8,	0xB,	0x29,
	0xB8,	0xA,	0x24,	0xB7,	0xA,	0x23,	0xB8,	0xA,
	0x24,	0xB8,	0xA,	0x24,	0xB8,	0xA,	0x24,	0xAD,
	0xA,	0x24,	0x1F,	0xA,	0x23,	0x1E,	0x20,	'F',
	0x89,	0xAD,	0xFF,	0x89,	0xAD,	0xFF,	0x88,	0xA9,
	0xFF,	0x89,	0xAA,	0xFF,	0xB7,	0xD4,	0xFF,	0xDE,
	0xEF,	0xFF,	0xEB,	0xF9,	0xFF,	0xF8,	0xFF,	0xFF,
	0xFB,	0xFF,	0xFF,	0xFF,	0xFF,	0xFF,	0xFF,	0xFF,
	0xFF,	0xF9,	0xFF,	0xFF,	0xF5,	0xFF,	0xFF,	0xF5,
	0xFF,	0xFF,	0xF5,	0xFF,	0xFF,	0xF5,	0xFF,	0xFF,
	0xF5,	0xFF,	0xFF,	0xF5,	0xFF,	0xFF,	0xF5,	0xFF,
	0xFF,	0xF6,	0xFF,	0xFF,	0xDB,	0xDE,	0xEB,	0xCA,
	0xBC,	0xD5,	0xCE,	0xC1,	0xD9,	0xCE,	0xC5,	0xDA,
	0xC7,	0xB3,	0xC2,	0x7D,	'f',	'w',	0x7B,	'd',
	'w',	0x7B,	'd',	's',	0x81,	0x7D,	0xB9,	0x89,
	0x99,	0xEA,	0x89,	0x99,	0xE6,	0x89,	0x99,	0xE6,
	0x8A,	0x9B,	0xE7,	0x81,	0x90,	0xD0,	'u',	0x82,
	0xC2,	0x1E,	0x16,	0x25,	'M',	'S',	0x92,	0x91,
	0xA4,	0xE3,	0x8A,	0x9A,	0xDB,	0x89,	0x9B,	0xDB,
	0x8A,	0x9A,	0xDB,	0x89,	0x9B,	0xDB,	0x8A,	0x9B,
	0xDB,	0x8A,	0x9A,	0xDB,	0x8A,	0x9B,	0xDB,	0x8A,
	0x9B,	0xDB,	0x8A,	0x9A,	0xDB,	0x8E,	0x9D,	0xDE,
	's',	0x82,	0xC2,	'e',	's',	0xB1,	0x8E,	0x9F,
	0xDF,	0x89,	0x99,	0xD9,	0x89,	0x99,	0xD9,	0x89,
	0x98,	0xD9,	0x88,	0x94,	0xD9,	0x88,	0x8F,	0xD8,
	0x88,	0x88,	0xD9,	0x86,	0x81,	0xD8,	0x85,	0x7B,
	0xD8,	0x85,	'x',	0xD6,	0x85,	'r',	0xD8,	0x85,
	'p',	0xD8,	0x85,	'n',	0xD6,	0x85,	'm',	0xD6,
	0x85,	'l',	0xD6,	0x86,	'k',	0xD8,	0x85,	'j',
	0xD8,	0x85,	'j',	0xD8,	0x85,	'g',	0xD6,	0x85,
	'g',	0xD6,	0x86,	'g',	0xD6,	0x85,	'g',	0xD6,
	0x85,	'g',	0xD6,	0x85,	'g',	0xD6,	0x85,	'g',
	0xD6,	0x85,	'g',	0xD6,	0x85,	'g',	0xD6,	0x85,
	'g',	0xD6,	0x86,	'g',	0xD6,	0x85,	'g',	0xD6,
	0x85,	'g',	0xD6,	0x85,	'g',	0xD6,	0x86,	'j',
	0xD8,	0x89,	'o',	0xD9,	'p',	'Y',	0xC2,	0x20,
	0x16,	0x2E,	's',	0x7,	0x14,	0xB8,	0x7,	0x14,
	0xB8,	0x7,	0x14,	0xB8,	0x7,	0x14,	0xB8,	0x7,
	0x14,	0xB8,	0x7,	0x14,	0xB8,	0x7,	0x14,	0xB8,
	0x7,	0x14,	0xB8,	0x7,	0x14,	0xB8,	0x7,	0x14,
	0x9B,	0x7,	0x14,	0x18,	0x7,	0x14,	0x1A,	0x12,
	0x1D,	0x2B,	0x23,	0x32,	0x30,	0x20,	0x2F,	'I',
	0x31,	0x40,	0x3C,	0x26,	0x34,	0x31,	0x1E,	0x2C,
	0x3A,	0x22,	0x31,	0x33,	0x1E,	0x2C,	0x30,	0x2C,
	'W',	0x35,	0x32,	0x60,	0x36,	0x33,	0x60,	0x3B,
	0x39,	'h',	0x33,	0x33,	'a',	0x33,	0x32,	0x60,
	0x1F,	0x1C,	0x3F,	0x1B,	0xC,	0x29,	0x8F,	0xC,
	0x29,	0xB8,	0xC,	0x29,	0xB8,	0xB,	0x29,	0xB8,
	0xC,	0x29,	0xB7,	0xC,	0x29,	0xB8,	0xC,	0x29,
	0xB8,	0xC,	0x29,	0xB7,	0xC,	0x29,	0xB8,	0xB,
	0x29,	0xB7,	0xC,	0x29,	0xB7,	0xC,	0x29,	0xA2,
	0xB,	0x29,	0x12,	0xB,	0x29,	'F',	'R',	0xB1,
	0x8F,	0xB7,	0xFF,	0x89,	0xAF,	0xFF,	0x89,	0xAD,
	0xFF,	'i',	0x82,	0xDE,	0xF1,	0xFF,	0xFF,	0xFF,
	0xFF,	0xFF,	0xFF,	0xFF,	0xFF,	0xFF,	0xFF,	0xFF,
	0xFF,	0xFF,	0xFF,	0xFF,	0xFF,	0xFF,	0xFF,	0xFF,
	0xFF,	0xFF,	0xFF,	0xFF,	0xFF,	0xFF,	0xFF,	0xFF,
	0xFF,	0xFF,	0xFF,	0xFF,	0xFF,	0xFF,	0xFF,	0xFF,
	0xFF,	0xFF,	0xFF,	0xFF,	0xFF,	0xFF,	0xFF,	0xFF,
	0xFF,	0xFF,	0xFF,	0xFF,	0xFF,	0xFF,	0xFF,	0xFF,
	0xFF,	0xFF,	0xF1,	0xFA,	0xFF,	0xF3,	0xFA,	0xFF,
	0xFF,	0xFF,	0xFF,	0xFF,	0xFF,	0xFF,	0xFF,	0xFF,
	0xFF,	0xFF,	0xFF,	0xFF,	0xE7,	0xEC,	0xFF,	0x88,
	0x98,	0xE6,	0x88,	0x99,	0xE6,	0x88,	0x99,	0xE6,
	0x89,	0x9B,	0xE7,	0x7B,	0x8A,	0xC8,	's',	0x80,
	0xBF,	0x1F,	0x17,	0x27,	'K',	'O',	0x8C,	0x8F,
	0xA0,	0xDE,	0x89,	0x9B,	0xDB,	0x8A,	0x9E,	0xDC,
	0x8A,	0x9E,	0xDC,	0x8E,	0x9D,	0xDC,	0x8A,	0x9E,
	0xDC,	0x8B,	0x9E,	0xDC,	0x8E,	0x9E,	0xDC,	0x8A,
	0x9E,	0xDC,	0x89,	0x9B,	0xDB,	0x90,	0xA5,	0xE3,
	'X',	0x60,	0xA2,	0x36,	0x33,	'T',	0x88,	0x99,
	0xD9,	0x89,	0x99,	0xD9,	0x88,	0x99,	0xD9,	0x88,
	0x99,	0xD9,	0x87,	0x96,	0xD9,	0x87,	0x91,	0xD9,
	0x89,	0x8F,	0xDB,	0x8B,	0x8F,	0xDF,	0x8A,	0x87,
	0xDB,	0x86,	0x7D,	0xD8,	0x85,	'z',	0xD8,	0x85,
	'y',	0xD6,	0x85,	'v',	0xD9,	0x85,	't',	0xD9,
	0x85,	'r',	0xD8,	0x85,	'p',	0xD8,	0x85,	'n',
	0xD6,	0x85,	'm',	0xD9,	0x85,	'l',	0xD8,	0x85,
	'l',	0xD8,	0x85,	'j',	0xD8,	0x85,	'j',	0xD8,
	0x85,	'g',	0xD6,	0x85,	'g',	0xD6,	0x85,	'g',
	0xD6,	0x85,	'g',	0xD6,	0x85,	'g',	0xD6,	0x85,
	'g',	0xD6,	0x85,	'j',	0xD8,	0x85,	'j',	0xD8,
	0x85,	'l',	0xD8,	0x85,	'l',	0xD6,	0x87,	'n',
	0xD9,	0x8F,	0x7B,	0xDF,	0x30,	0x28,	'W',	0x1E,
	0x7,	0x14,	0xAA,	0x7,	0x14,	0xB7,	0x7,	0x14,
	0xB7,	0x7,	0x14,	0xB7,	0x7,	0x14,	0xB7,	0x7,
	0x14,	0xB7,	0x7,	0x14,	0xB7,	0x7,	0x14,	0xB7,
	0x7,	0x14,	0xB8,	0x7,	0x14,	0xB7,	0x7,	0x14,
	'z',	0x7,	0x14,	0x11,	0x9,	0x16,	0x13,	0xE,
	0x1A,	0x28,	0x20,	0x2E,	0x31,	0x1F,	0x2D,	'L',
	0x31,	0x40,	'C',	0x2B,	0x3A,	0x36,	0x20,	0x2E,
	0x35,	0x20,	0x2E,	0x36,	0x1F,	0x2E,	0x30,	0x2A,
	'T',	0x38,	0x32,	0x5E,	0x35,	0x31,	0x5D,	0x38,
	0x34,	'a',	0x34,	0x31,	0x5E,	0x1D,	0x19,	0x3A,
	0x17,	0x15,	0x36,	0x1C,	0x23,	'O',	0x37,	0xC,
	0x29,	0xB6,	0xC,	0x29,	0xB8,	0xE,	0x2E,	0xB7,
	0xE,	0x2E,	0xB7,	0xC,	0x29,	0xB7,	0xC,	0x29,
	0xB6,	0xC,	0x29,	0xB7,	0xC,	0x29,	0xB7,	0xC,
	0x29,	0xB7,	0xC,	0x29,	0xB2,	0xC,	0x29,	'I',
	0xC,	0x29,	0x39,	'B',	0x91,	0x8E,	0xB8,	0xFF,
	0x89,	0xB1,	0xFF,	0x8E,	0xB8,	0xFF,	'm',	0x91,
	0xF3,	0x23,	0x1F,	0x39,	0xF1,	0xFF,	0xFF,	0xFF,
	0xFF,	0xFF,	0xFF,	0xFF,	0xFF,	0xFF,	0xFF,	0xFF,
	0xFF,	0xFF,	0xFF,	0xFF,	0xFF,	0xFF,	0xFF,	0xFF,
	0xFF,	0xFF,	0xFF,	0xFF,	0xFF,	0xFF,	0xFF,	0xFF,
	0xFF,	0xFF,	0xFF,	0xFF,	0xFF,	0xFF,	0xFF,	0xFF,
	0xFF,	0xFF,	0xFF,	0xFF,	0xFF,	0xFF,	0xFF,	0xFF,
	0xFF,	0xDD,	0xE7,	0xF2,	'n',	0x60,	'z',	'O',
	0x3F,	'T',	0x25,	0x13,	0x24,	0x20,	0x14,	0x24,
	'R',	'H',	'V',	0xCB,	0xC7,	0xD3,	0xFF,	0xFF,
	0xFF,	0xFF,	0xFF,	0xFF,	0xF8,	0xF9,	0xFF,	0xA4,
	0xAD,	0xEF,	0x85,	0x99,	0xE6,	0x89,	0x9B,	0xE7,
	0x89,	0x9B,	0xE7,	'w',	0x84,	0xC3,	's',	0x81,
	0xBF,	0x21,	0x19,	0x2B,	0x39,	0x35,	'X',	'z',
	0x88,	0xC7,	'v',	0x87,	0xC6,	0x7B,	0x8C,	0xCA,
	0x82,	0x94,	0xD3,	0x85,	0x94,	0xD3,	0x85,	0x94,
	0xD3,	0x85,	0x94,	0xD3,	0x85,	0x94,	0xD3,	0x85,
	0x94,	0xD3,	0x7F,	0x8D,	0xCB,	0x7C,	0x8B,	0xCA,
	0x36,	0x34,	'S',	0x35,	0x31,	'P',	'x',	0x87,
	0xC3,	0x80,	0x8F,	0xCF,	0x88,	0x9A,	0xD9,	0x88,
	0x9A,	0xD9,	0x88,	0x99,	0xD9,	0x89,	0x99,	0xDB,
	0x7F,	0x88,	0xCE,	'R',	'Q',	0x9A,	's',	'v',
	0xC2,	0x8F,	0x94,	0xE2,	0x8B,	0x8F,	0xDF,	0x89,
	0x88,	0xDB,	0x86,	0x82,	0xD8,	0x86,	0x81,	0xD8,
	0x86,	0x7E,	0xD8,	0x85,	0x7C,	0xD8,	0x85,	'z',
	0xD8,	0x85,	'y',	0xD6,	0x85,	'v',	0xD6,	0x85,
	't',	0xD5,	0x85,	'q',	0xD8,	0x85,	'q',	0xD8,
	0x85,	'o',	0xD6,	0x85,	'o',	0xD6,	0x85,	'o',
	0xD6,	0x85,	'o',	0xD6,	0x85,	'o',	0xD6,	0x85,
	'o',	0xD6,	0x85,	'o',	0xD6,	0x85,	'p',	0xD8,
	0x85,	's',	0xD8,	0x87,	'v',	0xD9,	0x83,	'u',
	0xD4,	0x38,	0x2E,	'c',	0x37,	0x7,	0x14,	0xA0,
	0x7,	0x14,	0xB7,	0x7,	0x14,	0xB7,	0x7,	0x14,
	0xB6,	0x7,	0x14,	0xB7,	0x7,	0x14,	0xB8,	0x7,
	0x14,	0xB7,	0x7,	0x14,	0xB7,	0x7,	0x14,	0xB7,
	0x7,	0x14,	0xB7,	0x7,	0x14,	0xB7,	0x7,	0x14,
	'x',	0x7,	0x14,	0x3F,	0x40,	'j',	0x35,	0x35,
	'V',	0x12,	0xB,	0x17,	0x36,	0x21,	0x30,	'd',
	0x36,	'F',	'Y',	0x2D,	0x3D,	0x3A,	0x22,	0x31,
	0x31,	0x1D,	0x2B,	0x30,	0x1B,	0x29,	0x36,	0x2A,
	'T',	0x34,	0x2D,	'W',	0x32,	0x2B,	'U',	0x32,
	0x2D,	'X',	0x38,	0x31,	0x5D,	0x13,	0x14,	0x37,
	'M',	'e',	0xDB,	0x5F,	0x8C,	0xF9,	0x20,	0xE,
	0x31,	0xAD,	0xE,	0x2F,	0xB7,	0xE,	0x2E,	0xB6,
	0xE,	0x2F,	0xB6,	0xF,	0x2E,	0xB7,	0xE,	0x2F,
	0xB7,	0xE,	0x2F,	0xB7,	0xE,	0x2F,	0xB6,	0xF,
	0x2E,	0xB6,	0xE,	0x2F,	0x7C,	0xC,	0x29,	0x1B,
	0x1B,	'A',	0x83,	0xAE,	0xFF,	0x8E,	0xB4,	0xFF,
	0x8F,	0xB8,	0xFF,	'y',	0x9B,	0xF9,	0x16,	0x15,
	0x30,	0x2B,	0x23,	0x3A,	0xF6,	0xFF,	0xFF,	0xFF,
	0xFF,	0xFF,	0xFF,	0xFF,	0xFF,	0xFF,	0xFF,	0xFF,
	0xFF,	0xFF,	0xFF,	0xFF,	0xFF,	0xFF,	0xFF,	0xFF,
	0xFF,	0xFF,	0xFF,	0xFF,	0xFF,	0xFF,	0xFF,	0xFF,
	0xFF,	0xFF,	0xFF,	0xFF,	0xFF,	0xFF,	0xFF,	0xFF,
	0xFF,	0xFF,	0xFF,	0xFA,	0xFF,	0xFF,	'I',	'B',
	0x5F,	0x1E,	0xC,	0x22,	0x38,	0x8,	0x1B,	'k',
	0x8,	0x1B,	0xA4,	0x8,	0x1B,	0x80,	0x8,	0x1B,
	'V',	0x8,	0x17,	0x35,	0xD,	0x1A,	'w',	'n',
	0x7E,	0xEC,	0xF0,	0xF5,	0xFF,	0xFF,	0xFF,	0xD3,
	0xDB,	0xFA,	0x83,	0x99,	0xE6,	0x89,	0x9B,	0xE7,
	0x86,	0x99,	0xE3,	'u',	0x83,	0xC1,	't',	0x83,
	0xC2,	'R',	'Z',	0x9C,	0x21,	0x1B,	0x2D,	'r',
	0x81,	0xC0,	'r',	0x81,	0xBF,	'o',	0x80,	0xBD,
	'r',	0x80,	0xBF,	's',	0x7F,	0xBF,	's',	0x80,
	0xBF,	's',	0x80,	0xBF,	's',	0x80,	0xBD,	'r',
	0x81,	0xBF,	's',	0x81,	0xBF,	'g',	'v',	0xB5,
	0x15,	0xE,	0x1A,	'S',	0x5B,	0x9B,	't',	0x84,
	0xC2,	0x7C,	0x8A,	0xCA,	0x89,	0x9B,	0xDB,	0x88,
	0x9A,	0xD9,	0x88,	0x9A,	0xD9,	0x8E,	0xA1,	0xE1,
	'R',	'Y',	0x9C,	0xE,	0x8,	0x14,	0x17,	0xF,
	0x1C,	0x31,	0x2B,	'L',	'P',	'Q',	0x98,	't',
	'z',	0xC4,	0x90,	0x97,	0xE2,	0x8E,	0x95,	0xE1,
	0x8B,	0x91,	0xDF,	0x8A,	0x8F,	0xDF,	0x8A,	0x8E,
	0xDF,	0x89,	0x8B,	0xDE,	0x89,	0x89,	0xDD,	0x89,
	0x87,	0xDD,	0x89,	0x82,	0xDC,	0x86,	0x7E,	0xD8,
	0x85,	0x7C,	0xD8,	0x89,	0x7E,	0xDB,	0x89,	0x7E,
	0xDC,	0x89,	0x7E,	0xDC,	0x89,	0x7E,	0xDC,	0x8B,
	0x82,	0xDD,	0x8B,	0x82,	0xDD,	0x86,	0x7E,	0xD8,
	0x86,	0x7E,	0xD8,	0x89,	0x87,	0xDD,	0x5C,	'Z',
	0xAE,	0x12,	0x7,	0x14,	0x99,	0x8,	0x14,	0xB7,
	0x7,	0x14,	0xB6,	0x7,	0x14,	0xB6,	0x7,	0x14,
	0xB6,	0x8,	0x14,	0xB6,	0x8,	0x14,	0xB7,	0x7,
	0x14,	0xB7,	0x7,	0x14,	0xB7,	0x7,	0x14,	0xB6,
	0x8,	0x14,	0xB7,	0x7,	0x14,	0xB7,	0x7,	0x14,
	'w',	0x7,	0x14,	0x31,	0x2D,	'K',	'n',	0x81,
	0xBF,	0x13,	0xB,	0x18,	0x1B,	0xF,	0x1B,	'i',
	0x35,	'E',	0x60,	0x31,	0x40,	'W',	0x2D,	0x3D,
	'H',	0x27,	0x35,	0x33,	0x1B,	0x29,	0x2F,	0x26,
	'Q',	0x31,	0x2A,	'W',	0x36,	0x2E,	0x5F,	0x39,
	0x30,	'a',	0x33,	0x2D,	0x5B,	0x1B,	0x1C,	'E',
	0x85,	0xB0,	0xFF,	'd',	0x8F,	0xFA,	0x23,	0xF,
	0x31,	0xAD,	0xF,	0x2F,	0xB6,	0xF,	0x2E,	0xB6,
	0xF,	0x2E,	0xB6,	0xF,	0x2F,	0xB6,	0xF,	0x2E,
	0xB6,	0xF,	0x2F,	0xB6,	0xE,	0x2F,	0xB6,	0xE,
	0x2F,	0xB4,	0xF,	0x2E,	0x3A,	0x10,	0x32,	'A',
	0x5F,	0xD0,	0x8F,	0xC5,	0xFF,	0x89,	0xB2,	0xFF,
	0x90,	0xCB,	0xFF,	'I',	0x5E,	0xC2,	0xE,	0xE,
	0x29,	'k',	'c',	0x91,	0xFF,	0xFF,	0xFF,	0xFF,
	0xFF,	0xFF,	0xFF,	0xFF,	0xFF,	0xFF,	0xFF,	0xFF,
	0xFF,	0xFF,	0xFF,	0xFF,	0xFF,	0xFF,	0xFF,	0xFF,
	0xFF,	0xFF,	0xFF,	0xFF,	0xFF,	0xFF,	0xFF,	0xFF,
	0xFF,	0xFF,	0xFF,	0xFF,	0xFF,	0xFF,	0xFF,	0xFF,
	0xE4,	0xF1,	0xFF,	'S',	'L',	'f',	0x22,	0xA,
	0x1F,	'x',	0xA,	0x1F,	0xB6,	0xA,	0x1B,	0xB6,
	0xA,	0x1B,	0xB6,	0xA,	0x1B,	0xB6,	0xA,	0x1B,
	0xB6,	0x8,	0x1B,	0x92,	0x9,	0x1B,	0x19,	0x9,
	0x1B,	0x7C,	'o',	0x8E,	0xFF,	0xFF,	0xFF,	0xE5,
	0xF0,	0xFF,	0x85,	0xA1,	0xE6,	0x89,	0xA3,	0xE7,
	0x85,	0x9A,	0xE0,	'r',	0x81,	0xBF,	't',	0x83,
	0xC1,	'k',	0x7B,	0xBB,	0x1D,	0x15,	0x25,	'M',
	'T',	0x8F,	'v',	0x85,	0xC2,	'r',	0x81,	0xBF,
	's',	0x81,	0xBF,	'r',	0x81,	0xBF,	'r',	0x81,
	0xBF,	'r',	0x81,	0xBF,	'r',	0x81,	0xBF,	'r',
	0x81,	0xBF,	'w',	0x85,	0xC3,	'U',	0x5D,	0x9D,
	0x15,	0xE,	0x1A,	0x5F,	'k',	0xA9,	't',	0x83,
	0xC1,	0x7B,	0x8C,	0xCA,	0x89,	0x9C,	0xDB,	0x88,
	0x9A,	0xD9,	0x88,	0x9A,	0xD9,	0x89,	0x9B,	0xDB,
	0x7F,	0x8F,	0xCF,	0x27,	0x22,	0x37,	0x12,	0xA,
	0x17,	0xE,	0x8,	0x14,	0xE,	0x8,	0x14,	0x1B,
	0x14,	0x23,	0x35,	0x31,	'T',	0x32,	0x2D,	'N',
	'O',	'P',	0x95,	'f',	'o',	0xB6,	'c',	'j',
	0xB3,	'd',	'g',	0xB3,	'd',	'c',	0xB2,	'a',
	0x60,	0xB1,	'h',	'k',	0xBC,	0x87,	0x87,	0xD8,
	0x86,	0x87,	0xD9,	'm',	'j',	0xBF,	0x60,	0x5C,
	0xB0,	'a',	0x5D,	0xB2,	'a',	0x5D,	0xB2,	0x3B,
	0x32,	'a',	'C',	0x3B,	't',	0x85,	0x88,	0xD8,
	0x86,	0x8A,	0xD9,	0x8B,	0x90,	0xDF,	0x2F,	0x2E,
	'R',	0x2D,	0x8,	0x14,	0xB6,	0x7,	0x14,	0xB6,
	0x8,	0x14,	0xB6,	0x8,	0x14,	0xB6,	0x8,	0x14,
	0xB6,	0x7,	0x14,	0xB6,	0x7,	0x14,	0xB6,	0x7,
	0x14,	0xB6,	0x8,	0x14,	0xB6,	0x8,	0x14,	0xB6,
	0x8,	0x14,	0xB6,	0x8,	0x14,	0xB6,	0x8,	0x14,
	0x99,	0x8,	0x14,	0x18,	0x8,	0x15,	'h',	0x7B,
	0xB9,	'I',	'N',	0x84,	0x12,	0xB,	0x17,	0x60,
	0x31,	0x40,	'Z',	0x2E,	0x3E,	'Z',	0x2E,	0x3E,
	'V',	0x2D,	0x3C,	'A',	0x24,	0x33,	0x29,	0x21,
	'K',	0x29,	0x21,	'K',	0x2C,	0x24,	'O',	0x2F,
	0x27,	'Q',	0x15,	0x13,	0x35,	0x2C,	0x34,	'u',
	0x90,	0xCD,	0xFF,	0x60,	0x8C,	0xF9,	0x1F,	0xF,
	0x31,	0xA9,	0xF,	0x2F,	0xB6,	0xF,	0x2F,	0xB6,
	0x10,	0x2F,	0xB6,	0xF,	0x2F,	0xB6,	0x10,	0x2F,
	0xB6,	0x10,	0x2F,	0xB6,	0xF,	0x2F,	0xB6,	0x10,
	0x2F,	0x8E,	0x10,	0x2F,	0x12,	0xF,	0x30,	'A',
	'U',	0xBB,	0x8F,	0xC5,	0xFF,	0x8D,	0xC2,	0xFF,
	0x7B,	0xA7,	0xFF,	0x1A,	0x1C,	0x3D,	0xE,	0xF,
	0x29,	'j',	'c',	0x94,	0xFF,	0xFF,	0xFF,	0xFF,
	0xFF,	0xFF,	0xFF,	0xFF,	0xFF,	0xFF,	0xFF,	0xFF,
	0xFF,	0xFF,	0xFF,	0xFF,	0xFF,	0xFF,	0xFF,	0xFF,
	0xFF,	0xFF,	0xFF,	0xFF,	0xFF,	0xFF,	0xFF,	0xFF,
	0xFF,	0xFF,	0xFF,	0xFF,	0xFF,	0xFA,	0xFF,	0xFF,
	'T',	0x3F,	'X',	'E',	0xA,	0x1F,	0xAD,	0xA,
	0x1F,	0xB6,	0xA,	0x1F,	0xB6,	0xA,	0x1B,	0xB6,
	0xA,	0x1B,	0xB6,	0xA,	0x1C,	0xB6,	0xA,	0x1B,
	0xB6,	0x8,	0x1B,	0xB6,	0x8,	0x1B,	0xA1,	0x9,
	0x1B,	0x21,	0xB,	0x1C,	0x97,	0x8B,	0xA4,	0xFF,
	0xFF,	0xFF,	0xBA,	0xC9,	0xF2,	0x86,	0xA1,	0xE6,
	0x84,	0x9B,	0xE0,	'r',	0x81,	0xBF,	'r',	0x81,
	0xBF,	'v',	0x85,	0xC3,	'I',	'M',	0x84,	0x15,
	0xD,	0x1A,	0x5B,	'g',	0xA7,	'v',	0x85,	0xC2,
	'r',	0x81,	0xBF,	'r',	0x81,	0xBF,	'r',	0x81,
	0xBF,	'r',	0x81,	0xBF,	'r',	0x81,	0xBF,	'r',
	0x81,	0xBF,	'w',	0x87,	0xC6,	0x2F,	0x2B,	'E',
	0x24,	0x1D,	0x31,	't',	0x83,	0xC1,	'r',	0x81,
	0xBF,	0x7B,	0x8C,	0xCA,	0x89,	0x9C,	0xDB,	0x88,
	0x9B,	0xDB,	0x87,	0x9B,	0xD9,	0x88,	0x9B,	0xD9,
	0x88,	0x9C,	0xDB,	0x89,	0x9B,	0xDB,	't',	0x83,
	0xC4,	'X',	'b',	0xA5,	0x2E,	0x2B,	'F',	0x16,
	0x10,	0x1C,	0x16,	0xF,	0x1B,	0x15,	0xE,	0x1A,
	0xE,	0x8,	0x14,	0xF,	0x8,	0x15,	0xF,	0x8,
	0x15,	0xF,	0x9,	0x15,	0xF,	0x9,	0x15,	0xE,
	0x9,	0x14,	0xF,	0x8,	0x15,	0x1A,	0x12,	0x22,
	0x1B,	0x12,	0x22,	0x12,	0xA,	0x17,	0xF,	0x8,
	0x14,	0xF,	0x8,	0x15,	0xF,	0x8,	0x15,	0xE,
	0x8,	0x14,	0x24,	0x1D,	0x31,	0x84,	0x8F,	0xD5,
	0x89,	0x95,	0xDB,	0x82,	0x92,	0xD9,	0x2E,	0x16,
	0x27,	0x99,	0x8,	0x14,	0xB6,	0x8,	0x14,	0xB6,
	0x8,	0x14,	0xB6,	0x8,	0x14,	0xB6,	0x8,	0x14,
	0xB6,	0x8,	0x14,	0xB6,	0x8,	0x14,	0xB6,	0x8,
	0x14,	0xB6,	0x8,	0x14,	0xB6,	0x8,	0x14,	0xB6,
	0x8,	0x14,	0xB6,	0x8,	0x14,	0xB6,	0x8,	0x14,
	0xB6,	0x8,	0x14,	0x2E,	0x8,	0x14,	0x32,	0x3A,
	0x5D,	0x90,	0xA5,	0xE3,	0x25,	0x21,	0x33,	0x1E,
	0x15,	0x22,	0x2C,	0x21,	0x2F,	0x2D,	0x1F,	0x2D,
	0x30,	0x1F,	0x2D,	0x33,	0x20,	0x2E,	0x28,	0x20,
	'I',	0x28,	0x20,	'I',	0x26,	0x22,	'O',	0x21,
	0x1E,	'I',	0xE,	0x10,	0x35,	'O',	'n',	0xEF,
	0x90,	0xD5,	0xFF,	0x86,	0xC1,	0xFF,	0x2F,	0x3E,
	0x94,	'a',	0x10,	0x35,	0xB6,	0x12,	0x2F,	0xB6,
	0x12,	0x2F,	0xB6,	0xF,	0x2F,	0xB6,	0x10,	0x2F,
	0xB6,	0x10,	0x2F,	0xB6,	0x10,	0x2F,	0xB6,	0x10,
	0x2F,	0xA3,	0x10,	0x2F,	0x2D,	0x1D,	'H',	0x7F,
	0xB3,	0xFF,	0x8C,	0xC0,	0xFF,	0x88,	0xBB,	0xFF,
	0x25,	0x2A,	'a',	0xE,	0xF,	0x2F,	0xE,	0xF,
	0x2F,	0xB2,	0xB8,	0xF5,	0xFF,	0xFF,	0xFF,	0xFF,
	0xFF,	0xFF,	0xFF,	0xFF,	0xFF,	0xFF,	0xFF,	0xFF,
	0xFF,	0xFF,	0xFF,	0xFF,	0xFF,	0xFF,	0xFF,	0xFF,
	0xFF,	0xFF,	0xFF,	0xFF,	0xFF,	0xFF,	0xFF,	0xFF,
	0xFF,	0xFF,	0xFF,	0xFF,	0xFF,	0xC4,	0xCD,	0xF4,
	'K',	0xA,	0x1F,	0xB5,	0xA,	0x1F,	0xB6,	0xA,
	0x1F,	0xB6,	0xA,	0x1F,	0xB6,	0xA,	0x1F,	0xB6,
	0xA,	0x1F,	0xB6,	0xA,	0x1B,	0xB6,	0xA,	0x1B,
	0xB6,	0xA,	0x1B,	0xB6,	0x9,	0x1B,	0xB7,	0x9,
	0x1C,	'o',	0x9,	0x1B,	0x24,	0x16,	0x22,	0xEC,
	0xF0,	0xF4,	0xEB,	0xF5,	0xFF,	0x8A,	0xA4,	0xE7,
	0x85,	0x9D,	0xE1,	't',	0x89,	0xCC,	'r',	0x81,
	0xBF,	'r',	0x81,	0xBF,	'v',	0x85,	0xC3,	0x36,
	0x34,	'T',	0x2A,	0x24,	0x3A,	'v',	0x85,	0xC2,
	'r',	0x81,	0xBF,	'r',	0x81,	0xBF,	'r',	0x81,
	0xBF,	'r',	0x81,	0xBF,	'r',	0x81,	0xBF,	'r',
	0x81,	0xBF,	't',	0x83,	0xC1,	0x40,	0x40,	'j',
	'a',	'o',	0xAE,	't',	0x83,	0xC1,	'r',	0x82,
	0xBF,	0x82,	0x91,	0xD0,	0x88,	0x9C,	0xDB,	0x88,
	0x9B,	0xDB,	0x88,	0x9C,	0xDB,	0x87,	0x9B,	0xD9,
	0x87,	0x9B,	0xD9,	0x87,	0x9B,	0xD9,	0x8D,	0x9F,
	0xDE,	0x8E,	0xA1,	0xE1,	0x8D,	0xA1,	0xDF,	0x84,
	0x96,	0xD5,	0x84,	0x97,	0xD5,	0x81,	0x92,	0xD4,
	0x5E,	'l',	0xAD,	'Y',	'g',	0xA8,	'Y',	'g',
	0xA8,	'Y',	'g',	0xA8,	0x5B,	'g',	0xA9,	'X',
	'b',	0xA5,	0x34,	0x31,	'P',	0x2D,	0x29,	'C',
	0x2C,	0x29,	0x40,	0x3D,	0x3C,	'd',	0x5B,	'g',
	0xAA,	'Y',	'g',	0xA8,	'Y',	'c',	0xA7,	0x5F,
	'l',	0xAD,	0x85,	0x97,	0xD9,	0x88,	0x9B,	0xDB,
	0x88,	0x9B,	0xDB,	0x81,	0x9A,	0xD9,	0x36,	0x17,
	0x26,	0xAD,	0x8,	0x14,	0xB6,	0x8,	0x14,	0xB6,
	0x8,	0x14,	0xB6,	0x8,	0x14,	0xB6,	0x8,	0x14,
	0xB6,	0x8,	0x14,	0xB5,	0x8,	0x14,	0xB6,	0x8,
	0x14,	0xB5,	0x8,	0x14,	0xB6,	0x8,	0x14,	0xB6,
	0x8,	0x14,	0xB6,	0x8,	0x14,	0xB6,	0x8,	0x14,
	0xB6,	0x8,	0x14,	'h',	0x8,	0x14,	0x1D,	0x10,
	0x1E,	0x8A,	0x9F,	0xDE,	'A',	'D',	'q',	0xE,
	0x8,	0x14,	0x22,	0x1B,	0x29,	0x25,	0x1D,	0x2B,
	0x23,	0x1C,	0x29,	0x23,	0x1B,	0x28,	0x28,	0x20,
	'I',	0x27,	0x20,	'I',	0x27,	0x23,	'P',	0x1D,
	0x1A,	'C',	0x13,	0x16,	0x3C,	0x7B,	0xB0,	0xFF,
	0x8D,	0xCA,	0xFF,	0x8E,	0xCE,	0xFF,	'k',	0xAC,
	0xFF,	'S',	0x18,	'A',	0xB5,	0x10,	0x2F,	0xB6,
	0x10,	0x2F,	0xB5,	0x10,	0x2F,	0xB6,	0x10,	0x2F,
	0xB6,	0x10,	0x2F,	0xB5,	0x10,	0x2F,	0xB6,	0x10,
	0x2F,	0xA1,	0x10,	0x2F,	0x2F,	0x21,	'O',	0x84,
	0xBC,	0xFF,	0x8D,	0xC3,	0xFF,	0x7F,	0xAB,	0xFF,
	0x14,	0x14,	0x37,	0xD,	0xF,	0x2E,	0x10,	0x10,
	0x31,	0xCD,	0xDF,	0xFF,	0xFF,	0xFF,	0xFF,	0xFF,
	0xFF,	0xFF,	0xFF,	0xFF,	0xFF,	0xFF,	0xFF,	0xFF,
	0xFF,	0xFF,	0xFF,	0xFF,	0xFF,	0xFF,	0xFF,	0xFF,
	0xFF,	0xFF,	0xFF,	0xFF,	0xFF,	0xFF,	0xFF,	0xFF,
	0xFF,	0xFF,	0xFF,	0xFF,	0xFF,	0xA0,	0x9F,	0xD2,
	0x5F,	0xA,	0x24,	0xB5,	0xA,	0x1F,	0xB6,	0xA,
	0x1F,	0xB5,	0xA,	0x1F,	0xB0,	0xA,	0x1F,	0x85,
	0xA,	0x1F,	'd',	0xA,	0x1F,	0x8E,	0xA,	0x1B,
	0xB5,	0xA,	0x1C,	0xB6,	0xA,	0x1B,	0xB5,	0x9,
	0x1B,	0xB5,	0x9,	0x1B,	'T',	0xA,	0x18,	0xC8,
	0xCA,	0xD3,	0xFB,	0xFF,	0xFF,	0x96,	0xAE,	0xEB,
	0x87,	0xA1,	0xE6,	'v',	0x8B,	0xCF,	'r',	0x86,
	0xC9,	'r',	0x86,	0xCA,	't',	0x84,	0xCC,	'k',
	0x7C,	0xC6,	0x38,	0x36,	0x5F,	'n',	0x81,	0xBD,
	'r',	0x82,	0xBF,	'r',	0x81,	0xBF,	'r',	0x82,
	0xBF,	'r',	0x82,	0xBF,	'r',	0x81,	0xBF,	'r',
	0x82,	0xBF,	'r',	0x81,	0xBF,	'v',	0x86,	0xC2,
	't',	0x83,	0xC1,	'r',	0x82,	0xBF,	'r',	0x81,
	0xBF,	0x84,	0x97,	0xD4,	0x89,	0x9F,	0xDC,	0x88,
	0x9C,	0xDB,	0x88,	0x9C,	0xDB,	0x88,	0x9C,	0xDB,
	0x88,	0x9C,	0xDB,	0x88,	0x9C,	0xDB,	0x87,	0x9B,
	0xD9,	0x87,	0x9B,	0xD9,	0x87,	0x9B,	0xD9,	0x88,
	0x9C,	0xDB,	0x88,	0x9C,	0xDB,	0x88,	0x9C,	0xDB,
	0x8E,	0xA1,	0xDF,	0x8E,	0xA2,	0xE1,	0x8D,	0xA2,
	0xE1,	0x8D,	0xA1,	0xE1,	0x8E,	0xA1,	0xE1,	0x8E,
	0xA1,	0xE1,	0x8E,	0xA2,	0xE1,	0x8E,	0xA2,	0xE1,
	0x8E,	0xA1,	0xE1,	0x8E,	0xA1,	0xE1,	0x8D,	0xA1,
	0xE1,	0x8E,	0xA1,	0xE1,	0x8E,	0xA1,	0xE1,	0x8D,
	0xA2,	0xDF,	0x88,	0x9C,	0xDB,	0x87,	0x9B,	0xD9,
	0x88,	0x9C,	0xDB,	0x81,	0x9A,	0xD9,	0x37,	0x17,
	0x27,	0xB1,	0x8,	0x14,	0xB5,	0x8,	0x14,	0xB5,
	0x8,	0x14,	0xB6,	0x8,	0x14,	0xB5,	0x8,	0x14,
	0xB5,	0x8,	0x14,	0xB5,	0x8,	0x14,	0xB6,	0x8,
	0x14,	0xB6,	0x8,	0x14,	0xB6,	0x8,	0x14,	0xB6,
	0x8,	0x14,	0xB5,	0x8,	0x14,	0xB6,	0x8,	0x14,
	0xB6,	0x8,	0x14,	'Q',	0x8,	0x14,	0x1D,	0x1B,
	0x2B,	0x8E,	0xA2,	0xDF,	0x5F,	'm',	0xAD,	0xE,
	0x8,	0x14,	0x25,	0x16,	0x24,	0x2E,	0x1D,	0x2A,
	0x2E,	0x1C,	0x2A,	0x2F,	0x1C,	0x2A,	0x2B,	0x26,
	'V',	0x2B,	0x27,	'W',	0x2B,	0x26,	'V',	0x13,
	0x14,	0x39,	0x36,	'E',	0xA2,	0x88,	0xC6,	0xFF,
	0x88,	0xD0,	0xFF,	0x88,	0xD1,	0xFF,	0x8F,	0xDD,
	0xFF,	0x36,	'I',	0xA1,	'L',	0x12,	0x36,	0xB5,
	0x12,	0x36,	0xB5,	0x12,	0x36,	0xB5,	0x12,	0x35,
	0xB5,	0x10,	0x35,	0xB5,	0x10,	0x35,	0xB5,	0x10,
	0x35,	0x7C,	0x10,	0x35,	0x38,	'H',	0xA8,	0x8D,
	0xD6,	0xFF,	0x8E,	0xD0,	0xFF,	'I',	'c',	0xDB,
	0xD,	0x10,	0x35,	0xD,	0x10,	0x36,	0x1F,	0x1D,
	0x3F,	0xF3,	0xFF,	0xFF,	0xFF,	0xFF,	0xFF,	0xFF,
	0xFF,	0xFF,	0xFF,	0xFF,	0xFF,	0xFF,	0xFF,	0xFF,
	0xFF,	0xFF,	0xFF,	0xFF,	0xFF,	0xFF,	0xFF,	0xFF,
	0xFF,	0xFF,	0xFF,	0xFF,	0xFF,	0xFF,	0xFF,	0xFF,
	0xFF,	0xFF,	0xEC,	0xFE,	0xFF,	0x26,	0x18,	0x32,
	0xA1,	0xC,	0x24,	0xB5,	0xC,	0x24,	0xB5,	0xC,
	0x24,	0xB1,	0xA,	0x24,	0x32,	0xA,	0x1F,	0xD,
	0xB,	0x1F,	0xD,	0xB,	0x1F,	0x11,	0xA,	0x1F,
	0x5F,	0xA,	0x1B,	0xB5,	0xA,	0x1B,	0xB0,	0xA,
	0x1B,	0xA5,	0xB,	0x1B,	0x40,	0xA,	0x1B,	0xC8,
	0xC9,	0xDE,	0xFF,	0xFF,	0xFF,	0xC1,	0xD2,	0xFE,
	0x83,	0xA2,	0xE7,	0x7F,	0x96,	0xDB,	'r',	0x87,
	0xCA,	'n',	0x86,	0xC9,	'r',	0x81,	0xC9,	'r',
	0x82,	0xCA,	'u',	0x86,	0xCD,	'r',	0x82,	0xCA,
	'r',	0x82,	0xBF,	'r',	0x82,	0xBF,	'r',	0x82,
	0xBF,	'r',	0x82,	0xBF,	'q',	0x82,	0xBF,	'r',
	0x82,	0xBF,	'r',	0x82,	0xBF,	'r',	0x82,	0xBF,
	'r',	0x82,	0xBF,	'r',	0x82,	0xBD,	'w',	0x88,
	0xC6,	0x88,	0x9B,	0xD9,	0x88,	0x9C,	0xDB,	0x88,
	0x9C,	0xDB,	0x88,	0x9C,	0xDB,	0x88,	0x9C,	0xDB,
	0x88,	0x9C,	0xDB,	0x88,	0x9D,	0xDB,	0x88,	0x9D,
	0xDB,	0x88,	0x9D,	0xDB,	0x88,	0x9D,	0xDB,	0x88,
	0x9D,	0xDB,	0x88,	0x9C,	0xDB,	0x88,	0x9C,	0xDB,
	0x88,	0x9C,	0xDB,	0x88,	0x9C,	0xDB,	0x88,	0x9D,
	0xDB,	0x88,	0x9C,	0xDB,	0x88,	0x9D,	0xDB,	0x87,
	0x9C,	0xD9,	0x88,	0x9C,	0xDB,	0x88,	0x9D,	0xDB,
	0x88,	0x9C,	0xDB,	0x88,	0x9D,	0xDB,	0x87,	0x9B,
	0xD9,	0x87,	0x9B,	0xD9,	0x87,	0x9B,	0xD9,	0x88,
	0x9C,	0xDB,	0x88,	0x9D,	0xDB,	0x88,	0x9C,	0xDB,
	0x88,	0x9D,	0xDB,	0x84,	0x9C,	0xD9,	0x2C,	0x18,
	0x29,	0x8D,	0x8,	0x14,	0xB5,	0x8,	0x14,	0xB5,
	0x8,	0x14,	0xB5,	0x8,	0x14,	0xB5,	0x8,	0x14,
	0xB5,	0x8,	0x14,	0xB5,	0x8,	0x14,	0xB5,	0x8,
	0x14,	0xB5,	0x8,	0x14,	0xB6,	0x8,	0x14,	0xB5,
	0x8,	0x14,	0xB6,	0x8,	0x14,	0xB5,	0x8,	0x14,
	0xB3,	0x8,	0x14,	0x28,	0x8,	0x14,	0x32,	0x37,
	'X',	0x90,	0xAA,	0xE3,	0x84,	0x97,	0xD4,	0x21,
	0x1C,	0x2D,	0x1A,	0xF,	0x1A,	0x34,	0x1F,	0x2D,
	0x32,	0x1E,	0x2B,	0x36,	0x1F,	0x2D,	0x29,	0x25,
	'T',	0x24,	0x21,	'N',	0x24,	0x21,	'N',	0x12,
	0x14,	0x3B,	'Y',	0x7F,	0xF6,	0x8E,	0xD6,	0xFF,
	0x88,	0xD1,	0xFF,	0x88,	0xD1,	0xFF,	0x8D,	0xD9,
	0xFF,	'i',	0xA7,	0xFF,	0x23,	0x21,	'M',	0x9F,
	0x12,	0x36,	0xB5,	0x12,	0x35,	0xB5,	0x12,	0x35,
	0xB5,	0x10,	0x35,	0xB5,	0x10,	0x35,	0xB5,	0x10,
	0x36,	0x7C,	0x10,	0x35,	0x3E,	'Q',	0xB9,	0x8E,
	0xD6,	0xFF,	0x8F,	0xD6,	0xFF,	0x2C,	0x37,	0x81,
	0xD,	0x10,	0x36,	0xD,	0x10,	0x35,	0x86,	0x8C,
	0xD2,	0xFF,	0xFF,	0xFF,	0xFF,	0xFF,	0xFF,	0xFF,
	0xFF,	0xFF,	0xFF,	0xFF,	0xFF,	0xFF,	0xFF,	0xFF,
	0xFF,	0xFF,	0xFF,	0xFF,	0xFF,	0xFF,	0xFF,	0xFF,
	0xFF,	0xFF,	0xFF,	0xFF,	0xFF,	0xFF,	0xFF,	0xFF,
	0xFF,	0xFF,	0xEC,	0xFD,	0xFF,	0x18,	0x12,	0x2E,
	0x3D,	0xC,	0x24,	'E',	0xC,	0x24,	'g',	0xC,
	0x24,	'O',	0xC,	0x23,	0xD,	0xB,	0x1F,	0xD,
	0xB,	0x1F,	0xD,	0xB,	0x1F,	0xD,	0xB,	0x1F,
	0xF,	0xB,	0x1F,	0x35,	0xB,	0x1B,	0x21,	0xB,
	0x1B,	0x18,	0xB,	0x1C,	0xD,	0x9,	0x1C,	0x86,
	't',	0x8F,	0xFF,	0xFF,	0xFF,	0xD6,	0xDF,	0xFC,
	0x84,	0x9E,	0xE0,	0x89,	0xA7,	0xE8,	0x84,	0x9D,
	0xE0,	0x7E,	0x94,	0xD9,	'v',	0x88,	0xD1,	'q',
	0x82,	0xCB,	'q',	0x82,	0xCA,	'n',	0x81,	0xC9,
	'n',	0x81,	0xC9,	'm',	0x81,	0xBD,	'n',	0x81,
	0xBD,	'n',	0x81,	0xBD,	'n',	0x81,	0xBD,	'n',
	0x81,	0xBD,	'n',	0x81,	0xBD,	'r',	0x82,	0xBD,
	'q',	0x82,	0xBF,	'v',	0x8A,	0xC7,	0x87,	0x9C,
	0xD9,	0x88,	0x9D,	0xDB,	0x88,	0x9C,	0xDB,	0x88,
	0x9D,	0xDB,	0x88,	0x9C,	0xDB,	0x88,	0x9D,	0xDB,
	0x88,	0x9D,	0xDB,	0x88,	0x9C,	0xDB,	0x88,	0x9D,
	0xDB,	0x88,	0x9D,	0xDB,	0x88,	0x9D,	0xDB,	0x88,
	0x9D,	0xDB,	0x88,	0x9D,	0xDB,	0x88,	0x9D,	0xDB,
	0x88,	0x9C,	0xDB,	0x88,	0x9D,	0xDB,	0x88,	0x9D,
	0xDB,	0x88,	0x9D,	0xDB,	0x88,	0x9D,	0xDB,	0x88,
	0x9D,	0xDB,	0x88,	0x9D,	0xDB,	0x88,	0x9D,	0xDB,
	0x88,	0x9D,	0xDB,	0x88,	0x9D,	0xDB,	0x88,	0x9D,
	0xDB,	0x88,	0x9C,	0xDB,	0x88,	0x9C,	0xDB,	0x88,
	0x9D,	0xDB,	0x88,	0x9D,	0xDB,	0x88,	0x9D,	0xDB,
	0x88,	0x9C,	0xDB,	0x8E,	0xA3,	0xE2,	0x30,	0x38,
	0x5B,	0x3F,	0x8,	0x14,	0xB5,	0x8,	0x14,	0xB5,
	0x8,	0x14,	0xB5,	0x8,	0x14,	0xB5,	0x8,	0x14,
	0xB5,	0x8,	0x14,	0xB5,	0x8,	0x14,	0xB5,	0x8,
	0x14,	0xB5,	0x8,	0x14,	0xB5,	0x8,	0x14,	0xB5,
	0x8,	0x14,	0xB5,	0x8,	0x14,	0xB5,	0x8,	0x14,
	'q',	0x8,	0x14,	0x22,	0x1E,	0x31,	'v',	0x88,
	0xC7,	0x8C,	0xA0,	0xDC,	0x8E,	0xA3,	0xDF,	0x5F,
	'm',	0xAD,	0x15,	0xF,	0x1B,	0x34,	0x1F,	0x2D,
	0x34,	0x1D,	0x2A,	0x32,	0x1C,	0x29,	0x26,	0x22,
	'O',	0x28,	0x24,	'R',	0x29,	0x25,	'Y',	0x1A,
	0x22,	'V',	'v',	0xB4,	0xFF,	0x8C,	0xD7,	0xFF,
	0x88,	0xD1,	0xFF,	0x88,	0xD1,	0xFF,	0x88,	0xD2,
	0xFF,	0x91,	0xDF,	0xFF,	'B',	'i',	0xED,	0x32,
	0x12,	0x3C,	0xAC,	0x13,	0x3C,	0xB5,	0x12,	0x3C,
	0xB5,	0x12,	0x3C,	0xB5,	0x13,	0x3C,	0xB5,	0x13,
	0x3C,	0x7B,	0x12,	0x3C,	0x2C,	0x38,	0x88,	0x8D,
	0xDD,	0xFF,	'j',	0x99,	0xFF,	0x19,	0x1E,	'J',
	0xD,	0x10,	0x36,	0x12,	0x13,	0x37,	0xDC,	0xF8,
	0xFF,	0xFF,	0xFF,	0xFF,	0xFF,	0xFF,	0xFF,	0xFF,
	0xFF,	0xFF,	0xFF,	0xFF,	0xFF,	0xFF,	0xFF,	0xFF,
	0xFF,	0xFF,	0xFF,	0xFF,	0xFF,	0xFF,	0xFF,	0xFF,
	0xFF,	0xFF,	0xFF,	0xFF,	0xFF,	0xFF,	0xFF,	0xFF,
	0xFF,	0xFF,	0xEC,	0xFD,	0xFF,	0x15,	0x13,	0x30,
	0xD,	0xC,	0x24,	0xD,	0xC,	0x24,	0xD,	0xD,
	0x24,	0xD,	0xC,	0x24,	0xD,	0xB,	0x1F,	0xD,
	0xB,	0x1F,	0xD,	0xB,	0x1F,	0xD,	0xB,	0x1F,
	0xD,	0xB,	0x1F,	0xD,	0xB,	0x1F,	0xD,	0xB,
	0x1B,	0xD,	0xB,	0x1C,	0xD,	0x9,	0x1B,	'j',
	'W',	'o',	0xCF,	0xCB,	0xDE,	0x96,	0x83,	0xA3,
	0x8A,	0x94,	0xC9,	0x89,	0xA7,	0xEB,	0x88,	0xA4,
	0xE7,	0x8B,	0xA7,	0xE8,	0x88,	0x9D,	0xE7,	0x85,
	0x9B,	0xE4,	0x80,	0x92,	0xDC,	0x7B,	0x8D,	0xD6,
	0x7D,	0x8F,	0xD8,	0x7D,	0x8F,	0xCB,	0x7D,	0x8F,
	0xCB,	0x7D,	0x8F,	0xCB,	0x7D,	0x8F,	0xCB,	0x7D,
	0x8F,	0xCB,	0x7D,	0x8F,	0xCB,	0x7E,	0x90,	0xCF,
	0x84,	0x9B,	0xD6,	0x87,	0x9C,	0xD9,	0x87,	0x9D,
	0xDB,	0x87,	0x9D,	0xDB,	0x88,	0x9D,	0xDB,	0x88,
	0x9D,	0xDB,	0x88,	0x9D,	0xDB,	0x88,	0x9D,	0xDB,
	0x88,	0x9D,	0xDB,	0x88,	0x9D,	0xDB,	0x88,	0x9D,
	0xDB,	0x88,	0x9D,	0xDB,	0x88,	0x9D,	0xDB,	0x88,
	0x9D,	0xDB,	0x88,	0x9D,	0xDB,	0x88,	0x9D,	0xDB,
	0x88,	0x9D,	0xDB,	0x88,	0x9D,	0xDB,	0x88,	0x9D,
	0xDB,	0x88,	0x9D,	0xDB,	0x88,	0x9D,	0xDB,	0x88,
	0x9D,	0xDB,	0x87,	0x9D,	0xDB,	0x88,	0x9D,	0xDB,
	0x88,	0x9D,	0xDB,	0x88,	0x9D,	0xDB,	0x87,	0x9D,
	0xDB,	0x88,	0x9D,	0xDB,	0x87,	0x9D,	0xDB,	0x88,
	0x9D,	0xDB,	0x88,	0x9D,	0xDB,	0x88,	0x9D,	0xDB,
	0x88,	0x9D,	0xDB,	0x8F,	0xA7,	0xE3,	0x34,	0x3E,
	'f',	0x3D,	0x8,	0x14,	0xB5,	0x8,	0x14,	0xB5,
	0x8,	0x14,	0xB5,	0x8,	0x14,	0xB4,	0x8,	0x14,
	0xB5,	0x8,	0x14,	0xB5,	0x8,	0x14,	0xB5,	0x8,
	0x14,	0xB5,	0x8,	0x14,	0xB5,	0x8,	0x14,	0xB4,
	0x8,	0x14,	0xB5,	0x8,	0x14,	0xB5,	0x8,	0x14,
	'J',	0x9,	0x15,	0x5C,	'z',	0xB9,	0x90,	0xA7,
	0xE3,	0x88,	0x9D,	0xDB,	0x8C,	0xA0,	0xDC,	0x7F,
	0x92,	0xD0,	0x1D,	0x17,	0x25,	0x32,	0x1C,	0x29,
	0x32,	0x1C,	0x29,	0x2F,	0x1B,	0x28,	0x27,	0x26,
	'Z',	0x2B,	0x28,	0x5E,	0x28,	0x26,	'Z',	0x1E,
	0x25,	0x5E,	0x7F,	0xC1,	0xFF,	0x8C,	0xD7,	0xFF,
	0x88,	0xD1,	0xFF,	0x87,	0xD3,	0xFF,	0x87,	0xD2,
	0xFF,	0x8D,	0xD9,	0xFF,	'j',	0xA7,	0xFF,	0x11,
	0x16,	'A',	0x98,	0x12,	0x3C,	0xB5,	0x13,	0x3C,
	0xB5,	0x13,	0x3C,	0xB4,	0x13,	0x3C,	0xB4,	0x13,
	0x3C,	0xA2,	0x13,	0x3C,	0x2C,	0x23,	'X',	0x88,
	0xDA,	0xFF,	'G',	'h',	0xE7,	0xD,	0x13,	0x3C,
	0xD,	0x13,	0x3C,	0x10,	0x13,	0x36,	0xCF,	0xEA,
	0xFF,	0xFF,	0xFF,	0xFF,	0xFF,	0xFF,	0xFF,	0xFF,
	0xFF,	0xFF,	0xFF,	0xFF,	0xFF,	0xFF,	0xFF,	0xFF,
	0xFF,	0xFF,	0xFF,	0xFF,	0xFF,	0xFF,	0xFF,	0xFF,
	0xFF,	0xFF,	0xFF,	0xFF,	0xFF,	0xFF,	0xFF,	0xFF,
	0xFF,	0xFF,	0xEC,	0xFD,	0xFF,	0x16,	0x13,	0x30,
	0xD,	0xD,	0x24,	0x1C,	0x19,	0x2E,	0x1F,	0x1B,
	0x33,	0x1D,	0x1A,	0x30,	0xD,	0xB,	0x1F,	0xD,
	0xB,	0x1F,	0xD,	0xB,	0x1F,	0xD,	0xB,	0x1F,
	0xD,	0xB,	0x1F,	0xD,	0xB,	0x1F,	0xD,	0xB,
	0x1B,	0xD,	0xB,	0x1B,	0xD,	0x9,	0x1B,	0x3C,
	0x30,	'B',	0x94,	0x83,	0xA6,	0x90,	0x7F,	0x9E,
	0x91,	0x9D,	0xD0,	0x88,	0xA7,	0xEC,	0x88,	0xA5,
	0xE7,	0x87,	0xA5,	0xE7,	0x8B,	0xA3,	0xEB,	0x8C,
	0xA4,	0xEC,	0x8C,	0xA3,	0xEC,	0x89,	0xA1,	0xE8,
	0x87,	0x9D,	0xE7,	0x88,	0xA0,	0xDC,	0x89,	0xA0,
	0xDC,	0x89,	0xA0,	0xDC,	0x89,	0xA0,	0xDC,	0x88,
	0xA1,	0xDC,	0x88,	0xA1,	0xDC,	0x88,	0x9D,	0xDB,
	0x88,	0x9D,	0xDB,	0x88,	0x9D,	0xDB,	0x88,	0x9D,
	0xDB,	0x88,	0x9D,	0xDB,	0x88,	0x9D,	0xDB,	0x88,
	0x9D,	0xDB,	0x88,	0x9D,	0xDB,	0x88,	0x9D,	0xDB,
	0x87,	0x9D,	0xDB,	0x88,	0x9D,	0xDB,	0x87,	0x9D,
	0xDB,	0x87,	0x9D,	0xDB,	0x87,	0x9D,	0xDB,	0x88,
	0x9D,	0xDB,	0x88,	0x9D,	0xDB,	0x87,	0x9D,	0xDB,
	0x88,	0x9D,	0xDB,	0x87,	0x9D,	0xDB,	0x88,	0x9D,
	0xDB,	0x88,	0x9D,	0xDB,	0x88,	0x9D,	0xDB,	0x88,
	0x9D,	0xDB,	0x88,	0x9D,	0xDB,	0x88,	0x9D,	0xDB,
	0x88,	0x9D,	0xDB,	0x87,	0x9D,	0xDB,	0x88,	0x9D,
	0xDB,	0x88,	0x9D,	0xDB,	0x88,	0x9D,	0xDB,	0x87,
	0x9D,	0xDB,	0x87,	0x9D,	0xDB,	0x88,	0x9D,	0xDB,
	0x88,	0x9D,	0xDB,	0x8E,	0xA7,	0xE2,	0x3C,	'F',
	's',	0x20,	0x8,	0x14,	0xB0,	0x8,	0x14,	0xB5,
	0x8,	0x14,	0xB4,	0x8,	0x14,	0xB5,	0x8,	0x14,
	0xB4,	0x8,	0x14,	0xB5,	0x8,	0x14,	0xB4,	0x8,
	0x14,	0xB4,	0x8,	0x14,	0xB5,	0x8,	0x14,	0xB4,
	0x8,	0x14,	0xB5,	0x8,	0x14,	0xB5,	0x8,	0x14,
	'O',	0xB,	0x16,	'b',	0x82,	0xC0,	0x8D,	0xA3,
	0xDE,	0x88,	0x9D,	0xDB,	0x8C,	0xA0,	0xDC,	0x83,
	0x96,	0xD4,	0x1D,	0x17,	0x26,	0x1D,	0x10,	0x1C,
	0x35,	0x1E,	0x2B,	0x33,	0x1D,	0x2A,	0x28,	0x2A,
	0x5D,	0x28,	0x2A,	0x5C,	0x1A,	0x1D,	'G',	0x1D,
	0x27,	0x5B,	0x80,	0xD2,	0xFF,	0x8B,	0xDD,	0xFF,
	0x87,	0xDA,	0xFF,	0x87,	0xDA,	0xFF,	0x87,	0xDA,
	0xFF,	0x8E,	0xE1,	0xFF,	'I',	's',	0xF4,	0x28,
	0x13,	0x3C,	0xA5,	0x13,	0x3C,	0xB4,	0x13,	0x3C,
	0xB4,	0x13,	0x3C,	0xB2,	0x13,	0x3C,	0xA8,	0x13,
	0x3C,	0xAF,	0x13,	0x3C,	0x38,	0x28,	0x5C,	0x86,
	0xE1,	0xFF,	'J',	'p',	0xF1,	0xD,	0x14,	0x3C,
	0xD,	0x13,	0x3C,	0xE,	0x13,	0x3C,	0x7B,	0x82,
	0xD0,	0xD8,	0xFA,	0xFF,	0xEF,	0xFF,	0xFF,	0xF6,
	0xFF,	0xFF,	0xF9,	0xFF,	0xFF,	0xFF,	0xFF,	0xFF,
	0xFF,	0xFF,	0xFF,	0xFF,	0xFF,	0xFF,	0xFF,	0xFF,
	0xFF,	0xFF,	0xFF,	0xFF,	0xFF,	0xFF,	0xFF,	0xFF,
	0xFF,	0xFF,	0xEE,	0xFF,	0xFF,	0x13,	0x13,	0x2D,
	0x31,	0x2B,	'L',	0xEE,	0xFD,	0xFF,	0xF6,	0xFF,
	0xFF,	0xF1,	0xFF,	0xFF,	0x3E,	0x37,	'R',	0xD,
	0xD,	0x24,	0xD,	0xD,	0x24,	0xD,	0xD,	0x24,
	0xD,	0xB,	0x1F,	0xD,	0xB,	0x1F,	0xD,	0xB,
	0x1F,	0xD,	0xB,	0x1F,	0xD,	0xB,	0x1F,	0x35,
	0x2C,	0x39,	0x88,	0x80,	0x9B,	0x5E,	'Q',	'b',
	'K',	'K',	'q',	0x7F,	0x99,	0xDE,	0x8D,	0xAB,
	0xEB,	0x7E,	0x97,	0xDB,	0x2A,	0x28,	'B',	0x25,
	0x24,	0x39,	'c',	'x',	0xBC,	0x8F,	0xB2,	0xF1,
	0x8C,	0xA0,	0xE8,	0x87,	0x9D,	0xE7,	0x88,	0x9D,
	0xDB,	0x87,	0x9D,	0xDB,	0x88,	0x9D,	0xE7,	0x88,
	0x9D,	0xE7,	0x87,	0x9D,	0xDB,	0x87,	0x9D,	0xDB,
	0x88,	0x9D,	0xDB,	0x87,	0x9D,	0xDB,	0x88,	0x9D,
	0xDB,	0x87,	0x9D,	0xDB,	0x87,	0x9D,	0xDB,	0x88,
	0x9D,	0xDB,	0x87,	0x9D,	0xDB,	0x87,	0x9D,	0xDB,
	0x87,	0x9D,	0xDB,	0x87,	0x9D,	0xDB,	0x87,	0x9D,
	0xDB,	0x87,	0x9D,	0xDB,	0x87,	0x9D,	0xDB,	0x87,
	0x9D,	0xDB,	0x87,	0x9D,	0xDB,	0x88,	0x9D,	0xDB,
	0x88,	0x9D,	0xDB,	0x87,	0x9D,	0xDB,	0x87,	0x9D,
	0xDB,	0x87,	0x9D,	0xDB,	0x87,	0x9D,	0xDB,	0x87,
	0x9D,	0xDB,	0x88,	0x9D,	0xDB,	0x88,	0x9D,	0xDB,
	0x87,	0x9D,	0xDB,	0x87,	0x9D,	0xDB,	0x87,	0x9D,
	0xDB,	0x87,	0x9D,	0xDB,	0x87,	0x9D,	0xDB,	0x87,
	0x9D,	0xDB,	0x88,	0x9D,	0xDB,	0x87,	0x9D,	0xDB,
	0x87,	0x9D,	0xDB,	0x8C,	0xA3,	0xDF,	'g',	0x7E,
	0xBC,	0x19,	0x9,	0x15,	0xA8,	0x8,	0x14,	0xB4,
	0x8,	0x14,	0xB4,	0x8,	0x14,	0xB4,	0x8,	0x14,
	0xB4,	0x8,	0x14,	0xB4,	0x8,	0x14,	0xB4,	0x8,
	0x14,	0xB4,	0x8,	0x14,	0xB4,	0x8,	0x14,	0xB4,
	0x8,	0x14,	0xB5,	0x8,	0x14,	0xB4,	0x8,	0x14,
	'N',	0xA,	0x16,	'a',	0x83,	0xBD,	0x8C,	0xA3,
	0xDE,	0x87,	0x9D,	0xDB,	0x88,	0x9D,	0xDB,	0x8E,
	0xA8,	0xE2,	0x2F,	0x2E,	'I',	0x11,	0xA,	0x15,
	0x35,	0x1D,	0x2A,	0x32,	0x1B,	0x28,	0x2D,	0x2D,
	0x60,	0x2B,	0x2B,	0x5E,	0x11,	0x17,	0x3E,	0x30,
	'F',	0x9E,	0x8E,	0xE3,	0xFF,	0x87,	0xDA,	0xFF,
	0x87,	0xDA,	0xFF,	0x88,	0xDA,	0xFF,	0x87,	0xDA,
	0xFF,	0x8C,	0xEA,	0xFF,	0x2F,	0x3D,	0x9D,	0x8C,
	0x14,	'C',	0xB4,	0x15,	'B',	0xB4,	0x15,	'C',
	0xB4,	0x14,	'C',	0xAB,	0x14,	'B',	0x26,	0x14,
	'C',	0x38,	0x14,	'B',	'A',	0x28,	0x5E,	0x8B,
	0xE6,	0xFF,	'H',	'n',	0xEA,	0xD,	0x14,	0x3C,
	0xD,	0x13,	0x3C,	0xD,	0x13,	0x3C,	0x2F,	0x31,
	'c',	0x87,	0x98,	0xE3,	0x94,	0xA4,	0xF2,	0x99,
	0xA3,	0xED,	0xA1,	0xAE,	0xF4,	0xC3,	0xDA,	0xFE,
	0xC3,	0xDA,	0xFE,	0xC3,	0xDA,	0xFE,	0xC3,	0xDA,
	0xFE,	0xC3,	0xDA,	0xFE,	0xC3,	0xD3,	0xFA,	0xC7,
	0xD6,	0xFC,	0xAF,	0xB7,	0xF5,	0xE,	0xF,	0x2F,
	0x9D,	0x9A,	0xD6,	0xFF,	0xFF,	0xFF,	0xFF,	0xFF,
	0xFF,	0xFF,	0xFF,	0xFF,	0xB0,	0xB2,	0xD9,	0xD,
	0xD,	0x24,	0xD,	0xD,	0x24,	0xD,	0xD,	0x24,
	0xD,	0xB,	0x1F,	0xD,	0xB,	0x1F,	0xD,	0xB,
	0x1F,	0xD,	0xB,	0x1F,	0xD,	0xB,	0x1F,	0x16,
	0x12,	0x20,	0x15,	0x10,	0x1F,	0xD,	0xB,	0x1B,
	0x17,	0x14,	0x22,	0x7F,	0x99,	0xDC,	0x8B,	0xA8,
	0xEB,	0x87,	0xA5,	0xE7,	'N',	0x5C,	0xA2,	0xD,
	0xA,	0x17,	0x11,	0xF,	0x1B,	0x2D,	0x33,	'U',
	0x7F,	0x93,	0xDE,	0x8E,	0xA4,	0xEF,	0x87,	0x9D,
	0xDB,	0x87,	0x9D,	0xDB,	0x87,	0x9D,	0xE7,	0x87,
	0x9D,	0xE7,	0x87,	0x9D,	0xDB,	0x87,	0x9D,	0xDB,
	0x87,	0x9D,	0xDB,	0x87,	0x9D,	0xDB,	0x87,	0x9D,
	0xDB,	0x87,	0x9D,	0xDB,	0x87,	0x9E,	0xDB,	0x87,
	0x9D,	0xDB,	0x87,	0x9E,	0xDB,	0x87,	0x9D,	0xDB,
	0x87,	0x9D,	0xDB,	0x88,	0x9D,	0xDB,	0x87,	0x9D,
	0xDB,	0x87,	0x9D,	0xDB,	0x87,	0x9D,	0xDB,	0x87,
	0x9E,	0xDB,	0x87,	0x9D,	0xDB,	0x87,	0x9E,	0xDB,
	0x87,	0x9D,	0xDB,	0x87,	0x9D,	0xDB,	0x87,	0x9D,
	0xDB,	0x87,	0x9E,	0xDB,	0x87,	0x9D,	0xDB,	0x87,
	0x9E,	0xDB,	0x87,	0x9D,	0xDB,	0x88,	0x9D,	0xDB,
	0x87,	0x9D,	0xDB,	0x87,	0x9E,	0xDB,	0x87,	0x9E,
	0xDB,	0x87,	0x9E,	0xDB,	0x87,	0x9E,	0xDB,	0x87,
	0x9D,	0xDB,	0x88,	0x9D,	0xDB,	0x87,	0x9D,	0xDB,
	0x87,	0x9D,	0xDB,	0x8B,	0xA1,	0xDC,	0x84,	0x9B,
	0xD6,	0x28,	0x29,	'C',	0x5E,	0x8,	0x14,	0xB4,
	0x8,	0x14,	0xB4,	0x8,	0x14,	0xB4,	0x8,	0x14,
	0xB4,	0x8,	0x14,	0xB4,	0x9,	0x14,	0xB4,	0x8,
	0x14,	0xB4,	0x8,	0x14,	0xB4,	0x9,	0x14,	0xB4,
	0x8,	0x14,	0xB4,	0x8,	0x14,	0xB4,	0x9,	0x14,
	'N',	0xA,	0x16,	'a',	0x83,	0xBD,	0x8C,	0xA3,
	0xDE,	0x87,	0x9D,	0xDB,	0x87,	0x9D,	0xDB,	0x8E,
	0xA8,	0xE3,	0x30,	0x2F,	'K',	0x12,	0xA,	0x15,
	0x32,	0x1C,	0x29,	0x31,	0x1C,	0x29,	0x32,	0x2F,
	'c',	0x32,	0x2F,	'c',	0x11,	0x1A,	0x3F,	0x2B,
	0x40,	0x8C,	0x8C,	0xE7,	0xFF,	0x87,	0xE1,	0xFF,
	0x87,	0xE1,	0xFF,	0x87,	0xE1,	0xFF,	0x8C,	0xE7,
	0xFF,	0x5B,	0xA7,	0xFF,	0x28,	0x1F,	'T',	0xA8,
	0x15,	'C',	0xB4,	0x14,	'C',	0xB4,	0x15,	'B',
	0xB4,	0x15,	'C',	0xB4,	0x15,	'C',	'w',	0x15,
	'C',	0x2A,	0x15,	'C',	0x2B,	0x22,	'N',	'i',
	0xB9,	0xFF,	0x5E,	0x95,	0xFC,	0x14,	0x1C,	'E',
	0xD,	0x13,	0x3C,	0xD,	0x13,	0x3C,	0x17,	0x1B,
	'C',	0x88,	0x9A,	0xE7,	0x8D,	0x9D,	0xED,	0x8C,
	0x9B,	0xEA,	0x88,	0x94,	0xD9,	0x87,	0x92,	0xD5,
	0x87,	0x92,	0xD5,	0x87,	0x92,	0xD5,	0x87,	0x92,
	0xD5,	0x87,	0x92,	0xD5,	0x87,	0x8B,	0xC7,	0x88,
	0x8C,	0xCB,	0x7F,	0x7D,	0xBB,	0x18,	0x18,	0x38,
	0x85,	0x84,	0xC2,	0xFF,	0xFF,	0xFF,	0xFF,	0xFF,
	0xFF,	0xFF,	0xFF,	0xFF,	0xB5,	0xB5,	0xDC,	0xD,
	0xD,	0x24,	0xD,	0xD,	0x24,	0xD,	0xD,	0x24,
	0xD,	0xB,	0x24,	0xD,	0xB,	0x1F,	0xD,	0xB,
	0x1F,	0xD,	0xB,	0x1F,	0xD,	0xB,	0x1F,	0xD,
	0xB,	0x1F,	0xD,	0xB,	0x1C,	0xD,	0xB,	0x1C,
	0x37,	0x3A,	0x60,	0x8D,	0xAD,	0xEF,	0x87,	0xA5,
	0xE7,	0x88,	0xA8,	0xE8,	0x8B,	0xAC,	0xEB,	0x36,
	0x3F,	'l',	0x34,	0x9,	0x17,	0x3F,	0xA,	0x17,
	0x2E,	0x32,	'Z',	'j',	0x86,	0xCF,	0x8D,	0xA5,
	0xE2,	0x87,	0x9E,	0xDB,	0x87,	0x9D,	0xE7,	0x87,
	0x9E,	0xE7,	0x87,	0x9E,	0xDB,	0x87,	0x9E,	0xDB,
	0x87,	0x9E,	0xDB,	0x87,	0x9D,	0xDB,	0x87,	0x9E,
	0xDB,	0x86,	0x9E,	0xDB,	0x87,	0x9D,	0xDB,	0x87,
	0x9E,	0xDB,	0x87,	0x9D,	0xDB,	0x87,	0x9D,	0xDB,
	0x87,	0x9E,	0xDB,	0x87,	0x9E,	0xDB,	0x87,	0x9D,
	0xDB,	0x87,	0x9E,	0xDB,	0x87,	0x9E,	0xDB,	0x87,
	0x9E,	0xDB,	0x87,	0x9E,	0xDB,	0x87,	0x9E,	0xDB,
	0x87,	0x9E,	0xDB,	0x87,	0x9E,	0xDB,	0x87,	0x9E,
	0xDB,	0x87,	0x9E,	0xDB,	0x87,	0x9E,	0xDB,	0x87,
	0x9D,	0xDB,	0x87,	0x9E,	0xDB,	0x87,	0x9D,	0xDB,
	0x87,	0x9E,	0xDB,	0x87,	0x9E,	0xDB,	0x87,	0x9E,
	0xDB,	0x87,	0x9D,	0xDB,	0x87,	0x9E,	0xDB,	0x87,
	0x9E,	0xDB,	0x87,	0x9D,	0xDB,	0x86,	0x9E,	0xDB,
	0x87,	0x9E,	0xDB,	0x87,	0x9E,	0xDB,	0x8E,	0xA8,
	0xE3,	'J',	0x5D,	0x9E,	0x28,	0x9,	0x14,	0xA4,
	0x9,	0x14,	0xB4,	0x8,	0x14,	0xB3,	0x9,	0x14,
	0xB4,	0x8,	0x14,	0xB4,	0x9,	0x14,	0xB4,	0x9,
	0x14,	0xB4,	0x9,	0x14,	0xB4,	0x9,	0x14,	0xB4,
	0x9,	0x14,	0xB4,	0x9,	0x14,	0xB4,	0x8,	0x14,
	'P',	0xA,	0x16,	'a',	0x83,	0xBD,	0x8C,	0xA3,
	0xDE,	0x87,	0x9D,	0xDB,	0x87,	0x9E,	0xDB,	0x8D,
	0xA8,	0xE2,	0x3C,	0x3E,	'd',	0xF,	0x9,	0x14,
	0x33,	0x1D,	0x29,	0x35,	0x1E,	0x2B,	0x32,	0x33,
	'e',	0x32,	0x30,	'e',	0x26,	0x29,	'V',	0x1C,
	0x2A,	0x5B,	0x80,	0xD9,	0xFF,	0x8B,	0xE4,	0xFF,
	0x87,	0xE1,	0xFF,	0x87,	0xE1,	0xFF,	0x8D,	0xEA,
	0xFF,	0x36,	0x5E,	0xC7,	'L',	0x15,	'C',	0xB4,
	0x15,	'C',	0xB4,	0x15,	'B',	0xB4,	0x15,	'C',
	0xB4,	0x14,	'C',	0xB4,	0x15,	'C',	0xB4,	0x15,
	'C',	0xB3,	0x15,	'B',	0x88,	0x15,	0x3C,	0x2B,
	0x1C,	'E',	0x2F,	'F',	0xA1,	0x17,	0x25,	'W',
	0xD,	0x13,	0x3C,	0xD,	0x13,	0x3C,	0xE,	0x14,
	0x3C,	0x5C,	'a',	0xAA,	0x94,	0xA4,	0xF2,	0x94,
	0xA4,	0xF2,	0x95,	0xA7,	0xF3,	0x95,	0x9F,	0xEA,
	0x95,	0x9F,	0xEA,	0x95,	0x9F,	0xEA,	0x95,	0x9F,
	0xEA,	0x95,	0x9F,	0xEA,	0x95,	0x99,	0xDB,	0x94,
	0x99,	0xDB,	0x98,	0x9D,	0xDF,	'u',	'p',	0xAE,
	0x18,	0x19,	0x38,	0x86,	0x8B,	0xC7,	0xF3,	0xFF,
	0xFF,	0xD8,	0xE5,	0xFF,	0x33,	0x30,	'F',	0xD,
	0xD,	0x24,	0xD,	0xD,	0x24,	0xD,	0xD,	0x24,
	0xD,	0xB,	0x24,	0xD,	0xB,	0x24,	0xD,	0xB,
	0x1F,	0xD,	0xB,	0x1F,	0xD,	0xB,	0x1F,	0xD,
	0xB,	0x1F,	0x11,	0x10,	0x1F,	0x3B,	'C',	'v',
	0x84,	0xA7,	0xEE,	0x8B,	0xA8,	0xE8,	0x87,	0xA6,
	0xE7,	0x86,	0xA6,	0xE7,	0x8B,	0xA8,	0xE8,	0x88,
	0xAD,	0xED,	'D',	0x22,	0x37,	0x7E,	0xA,	0x17,
	'b',	0x9,	0x17,	0x27,	0xE,	0x1D,	'I',	0x5D,
	0xA7,	0x8C,	0xA4,	0xDE,	0x8B,	0xA1,	0xE8,	0x87,
	0x9E,	0xE7,	0x86,	0x9E,	0xDB,	0x86,	0x9E,	0xDB,
	0x86,	0x9E,	0xDB,	0x87,	0x9E,	0xDB,	0x87,	0x9E,
	0xDB,	0x87,	0x9E,	0xDB,	0x86,	0x9E,	0xDB,	0x86,
	0x9E,	0xDB,	0x87,	0x9E,	0xDB,	0x87,	0x9E,	0xDB,
	0x86,	0x9E,	0xDB,	0x87,	0x9E,	0xDB,	0x87,	0x9E,
	0xDB,	0x86,	0x9E,	0xDB,	0x87,	0x9E,	0xDB,	0x87,
	0x9E,	0xDB,	0x87,	0x9E,	0xDB,	0x87,	0x9E,	0xDB,
	0x87,	0x9E,	0xDB,	0x87,	0x9E,	0xDB,	0x87,	0x9E,
	0xDB,	0x87,	0x9E,	0xDB,	0x86,	0x9E,	0xDB,	0x87,
	0x9E,	0xDB,	0x86,	0x9E,	0xDB,	0x86,	0x9E,	0xDB,
	0x87,	0x9E,	0xDB,	0x87,	0x9E,	0xDB,	0x87,	0x9E,
	0xDB,	0x87,	0x9E,	0xDB,	0x87,	0x9E,	0xDB,	0x87,
	0x9E,	0xDB,	0x87,	0x9E,	0xDB,	0x87,	0x9E,	0xDB,
	0x87,	0x9E,	0xDB,	0x87,	0x9E,	0xDB,	0x8B,	0xA1,
	0xDC,	0x82,	0x99,	0xD4,	0x17,	0x16,	0x24,	'W',
	0x9,	0x14,	0xB3,	0x9,	0x14,	0xB3,	0x9,	0x14,
	0xB4,	0x9,	0x14,	0xB4,	0x9,	0x14,	0xB4,	0x9,
	0x14,	0xB3,	0x9,	0x14,	0xB4,	0x9,	0x14,	0xB4,
	0x9,	0x14,	0xB3,	0x9,	0x14,	0xB3,	0x9,	0x14,
	'E',	0xB,	0x16,	'd',	0x83,	0xBF,	0x8C,	0xA4,
	0xDE,	0x87,	0x9E,	0xDB,	0x86,	0x9E,	0xDB,	0x8D,
	0xA5,	0xDF,	0x60,	'q',	0xAE,	0xF,	0xA,	0x15,
	0x2C,	0x19,	0x26,	0x32,	0x1D,	0x2A,	0x31,	0x2F,
	'n',	0x32,	0x31,	'q',	0x2E,	0x30,	'k',	0x17,
	0x24,	'X',	'p',	0xBC,	0xFF,	0x8C,	0xE7,	0xFF,
	0x92,	0xE1,	0xFF,	0x96,	0xE4,	0xFF,	0x81,	0xD9,
	0xFF,	'W',	0x28,	'a',	0xAA,	0x17,	'J',	0xB3,
	0x18,	'J',	0xB3,	0x17,	'J',	0xB4,	0x17,	'J',
	0xB4,	0x17,	'C',	0xB4,	0x17,	'C',	0xB3,	0x17,
	'C',	0xB3,	0x17,	'C',	0xB3,	0x15,	'C',	0xAA,
	0x15,	'C',	'i',	0x15,	'C',	0x1F,	0x15,	'C',
	0xD,	0x15,	'C',	0xD,	0x15,	'C',	0xD,	0x17,
	0x3C,	0x14,	0x1E,	'B',	0x22,	0x2A,	'S',	0x40,
	'F',	0x7D,	'D',	'K',	0x84,	'B',	'F',	0x83,
	'B',	'F',	'v',	'B',	'F',	'w',	'B',	'F',
	'v',	'B',	'F',	'v',	'B',	'B',	'v',	'B',
	'B',	'v',	'B',	'B',	'v',	'E',	'F',	'y',
	0x17,	0x17,	0x37,	0xD,	0x10,	0x2F,	0x26,	0x25,
	'H',	0x12,	0x13,	0x2D,	0xD,	0xD,	0x29,	0xD,
	0xD,	0x29,	0xD,	0xD,	0x29,	0xD,	0xB,	0x24,
	0xD,	0xD,	0x24,	0xD,	0xD,	0x24,	0xD,	0xD,
	0x24,	0x10,	0x10,	0x28,	0x1B,	0x19,	0x33,	'D',
	'R',	0x9D,	's',	0x93,	0xE7,	0x8C,	0xB3,	0xFA,
	0x8B,	0xB1,	0xF6,	0x86,	0xA7,	0xF5,	0x86,	0xA6,
	0xF5,	0x86,	0xA6,	0xF5,	0x86,	0xA7,	0xE7,	0x8E,
	0xB0,	0xEF,	0x3C,	'Q',	0x8B,	0x22,	0xA,	0x17,
	0xB4,	0x9,	0x17,	0x95,	0x9,	0x17,	0x2E,	0x9,
	0x18,	'O',	0x5C,	0xA6,	0x8C,	0xA4,	0xEC,	0x8B,
	0xA2,	0xE8,	0x86,	0x9E,	0xDB,	0x86,	0x9E,	0xDB,
	0x86,	0x9E,	0xDB,	0x87,	0x9E,	0xDB,	0x86,	0x9E,
	0xDB,	0x87,	0x9E,	0xDB,	0x86,	0x9E,	0xDB,	0x86,
	0x9E,	0xDB,	0x86,	0x9E,	0xDB,	0x87,	0x9E,	0xDB,
	0x87,	0x9E,	0xDB,	0x86,	0x9E,	0xDB,	0x86,	0x9F,
	0xDB,	0x86,	0x9E,	0xDB,	0x86,	0x9E,	0xDB,	0x86,
	0x9E,	0xDB,	0x87,	0x9E,	0xDB,	0x86,	0x9E,	0xDB,
	0x86,	0x9F,	0xDB,	0x86,	0x9E,	0xDB,	0x86,	0x9E,
	0xDB,	0x87,	0x9E,	0xDB,	0x86,	0x9E,	0xDB,	0x87,
	0x9E,	0xDB,	0x86,	0x9E,	0xDB,	0x86,	0x9E,	0xDB,
	0x86,	0x9E,	0xDB,	0x86,	0x9E,	0xDB,	0x86,	0x9E,
	0xDB,	0x86,	0x9E,	0xDB,	0x86,	0x9E,	0xDB,	0x86,
	0x9F,	0xDB,	0x86,	0x9E,	0xDB,	0x86,	0x9E,	0xDB,
	0x86,	0x9F,	0xDB,	0x86,	0x9E,	0xDB,	0x86,	0x9E,
	0xDB,	0x8D,	0xA8,	0xE2,	'H',	'V',	0x94,	0x27,
	0xB,	0x16,	0xAA,	0x9,	0x14,	0xB3,	0x9,	0x14,
	0xB3,	0x9,	0x14,	0xB3,	0x9,	0x14,	0xB3,	0x9,
	0x15,	0xB3,	0x9,	0x14,	0xB4,	0x9,	0x14,	0xB3,
	0x9,	0x14,	0xB4,	0x9,	0x14,	0xA7,	0x9,	0x14,
	0x2D,	0x19,	0x28,	0x80,	0x9C,	0xD6,	0x8B,	0xA1,
	0xDC,	0x86,	0x9F,	0xDB,	0x87,	0x9E,	0xDB,	0x8D,
	0xA9,	0xE2,	0x3B,	0x3C,	'b',	0xE,	0x9,	0x14,
	0x2E,	0x1A,	0x27,	0x31,	0x1C,	0x28,	0x31,	0x2F,
	'n',	0x33,	0x31,	'q',	0x2E,	0x33,	0x7B,	0x14,
	0x1C,	'R',	0x34,	'P',	0xC5,	0x8B,	0xE4,	0xFF,
	0x86,	0xE1,	0xFF,	0x8C,	0xE7,	0xFF,	'F',	0x84,
	0xFC,	'F',	0x17,	'J',	0xB3,	0x19,	'C',	0xB3,
	0x19,	'C',	0xB3,	0x19,	'C',	0xB3,	0x19,	'C',
	0xB3,	0x17,	'C',	0xB2,	0x18,	'C',	0xB2,	0x17,
	'C',	0xB3,	0x18,	'B',	0xB2,	0x17,	'K',	0xB3,
	0x17,	'J',	0xB4,	0x15,	'C',	0x87,	0x15,	'C',
	0x13,	0x15,	'C',	0xD,	0x15,	'C',	0xC,	0x15,
	'C',	0xC,	0x15,	'C',	0xD,	0x15,	0x3C,	0xD,
	0x15,	0x3C,	0xD,	0x15,	0x3C,	0xD,	0x15,	0x3C,
	0xD,	0x13,	0x3C,	0xD,	0x13,	0x36,	0xD,	0x13,
	0x36,	0xD,	0x13,	0x36,	0xD,	0x11,	0x36,	0xC,
	0x11,	0x36,	0xD,	0x11,	0x36,	0xC,	0x11,	0x36,
	0xD,	0x10,	0x2F,	0xD,	0x10,	0x2F,	0xC,	0x10,
	0x2F,	0xC,	0x10,	0x2F,	0xD,	0x10,	0x2F,	0xD,
	0xD,	0x29,	0xD,	0xD,	0x29,	0xD,	0xD,	0x29,
	0x11,	0x11,	0x28,	0x15,	0x16,	0x2F,	0x2A,	0x2E,
	'Y',	'W',	'v',	0xD1,	0x87,	0xB1,	0xFD,	0x8C,
	0xB6,	0xFF,	0x8C,	0xB4,	0xFE,	0x86,	0xAE,	0xFC,
	0x86,	0xAD,	0xF5,	0x86,	0xAD,	0xF5,	0x86,	0xA6,
	0xF5,	0x86,	0xA7,	0xF5,	0x86,	0xA7,	0xE7,	0x8B,
	0xAD,	0xEB,	't',	0x92,	0xD5,	0x1C,	0x18,	0x29,
	0x7D,	0x9,	0x17,	0xB4,	0x9,	0x17,	0xA8,	0x9,
	0x17,	0x21,	0xA,	0x18,	'F',	0x5C,	0xA5,	0x8B,
	0xA6,	0xEC,	0x8A,	0xA2,	0xDC,	0x86,	0x9F,	0xDB,
	0x86,	0x9E,	0xDB,	0x86,	0x9E,	0xDB,	0x86,	0x9E,
	0xDB,	0x86,	0x9E,	0xDB,	0x86,	0x9E,	0xDB,	0x86,
	0x9E,	0xDB,	0x86,	0x9E,	0xDB,	0x86,	0x9F,	0xDB,
	0x86,	0x9E,	0xDB,	0x86,	0x9F,	0xDB,	0x86,	0x9E,
	0xDB,	0x86,	0x9E,	0xDB,	0x86,	0x9F,	0xDB,	0x86,
	0x9E,	0xDB,	0x86,	0x9E,	0xDB,	0x86,	0x9F,	0xDB,
	0x87,	0x9E,	0xDB,	0x86,	0x9E,	0xDB,	0x86,	0x9E,
	0xDB,	0x86,	0x9F,	0xDB,	0x86,	0x9F,	0xDB,	0x86,
	0x9F,	0xDB,	0x86,	0x9E,	0xDB,	0x86,	0x9F,	0xDB,
	0x86,	0x9F,	0xDB,	0x86,	0x9F,	0xDB,	0x86,	0x9F,
	0xDB,	0x86,	0x9E,	0xDB,	0x87,	0x9E,	0xDB,	0x86,
	0x9E,	0xDB,	0x86,	0x9F,	0xDB,	0x86,	0x9F,	0xDB,
	0x86,	0x9F,	0xDB,	0x86,	0x9E,	0xDB,	0x86,	0x9F,
	0xDB,	0x8B,	0xA2,	0xDC,	0x87,	0xA2,	0xDC,	0x25,
	0x24,	0x3A,	'w',	0x9,	0x14,	0xB3,	0x9,	0x14,
	0xB3,	0x9,	0x14,	0xB3,	0x9,	0x14,	0xB3,	0x9,
	0x14,	0xB3,	0x9,	0x15,	0xB3,	0x9,	0x14,	0xB2,
	0x9,	0x14,	0xB3,	0x9,	0x14,	0xA6,	0x9,	0x14,
	0x34,	0x20,	0x34,	0x86,	0xA4,	0xDF,	0x86,	0x9F,
	0xDB,	0x86,	0x9F,	0xDB,	0x86,	0x9F,	0xDB,	0x8D,
	0xA9,	0xE3,	0x30,	0x30,	'L',	0x11,	0xB,	0x15,
	0x2C,	0x1A,	0x27,	0x2C,	0x1A,	0x27,	0x2E,	0x32,
	'x',	0x34,	0x35,	0x80,	0x31,	0x34,	0x7D,	0x25,
	0x2B,	'k',	0xC,	0x18,	'J',	'W',	0x94,	0xFF,
	0x96,	0xF4,	0xFF,	'Q',	0x94,	0xFF,	0x1A,	0x19,
	'M',	0x9B,	0x18,	'K',	0xB2,	0x19,	'C',	0xB3,
	0x19,	'C',	0xB3,	0x19,	'C',	0xB2,	0x19,	'C',
	0xB2,	0x18,	'B',	0xB3,	0x18,	'C',	0xB3,	0x18,
	'C',	0xB2,	0x18,	'C',	0xB3,	0x18,	'J',	0xB2,
	0x18,	'J',	0xB2,	0x18,	'K',	0xB2,	0x15,	'C',
	0x87,	0x15,	'C',	0x24,	0x15,	'C',	0xD,	0x19,
	'J',	0xC,	0x15,	'C',	0xC,	0x15,	0x3C,	0xC,
	0x15,	0x3C,	0xC,	0x15,	0x3C,	0xD,	0x15,	0x3C,
	0xC,	0x13,	0x3C,	0xC,	0x13,	0x3C,	0xC,	0x13,
	0x3C,	0xC,	0x13,	0x36,	0xC,	0x11,	0x36,	0xC,
	0x11,	0x36,	0xC,	0x11,	0x36,	0xC,	0x11,	0x36,
	0xC,	0x10,	0x2F,	0xD,	0x10,	0x2F,	0xF,	0x12,
	0x33,	0x10,	0x13,	0x34,	0x1E,	0x25,	'S',	0x27,
	0x2D,	0x60,	0x3B,	'G',	0x9D,	'P',	'i',	0xD5,
	'r',	0x98,	0xF4,	0x7F,	0xA9,	0xFC,	0x8B,	0xBE,
	0xFF,	0x8B,	0xBD,	0xFF,	0x8A,	0xB1,	0xFD,	0x86,
	0xAE,	0xFC,	0x86,	0xAE,	0xFC,	0x86,	0xAE,	0xFC,
	0x86,	0xAE,	0xF5,	0x86,	0xAE,	0xF5,	0x86,	0xA7,
	0xF5,	0x86,	0xA7,	0xF5,	0x86,	0xA6,	0xE7,	0x86,
	0xA7,	0xE7,	0x8D,	0xB1,	0xEF,	'S',	'r',	0xB4,
	0x36,	0x9,	0x18,	0xA4,	0x9,	0x17,	0xB3,	0x9,
	0x17,	0x9C,	0x9,	0x17,	0x29,	0x9,	0x17,	0x31,
	0x37,	0x60,	0x8A,	0xA6,	0xDF,	0x8B,	0xA4,	0xDE,
	0x86,	0x9E,	0xDB,	0x86,	0x9E,	0xDB,	0x86,	0x9F,
	0xDB,	0x86,	0x9F,	0xDB,	0x86,	0x9F,	0xDB,	0x86,
	0x9F,	0xDB,	0x86,	0x9E,	0xDB,	0x86,	0x9F,	0xDB,
	0x86,	0x9F,	0xDB,	0x86,	0x9F,	0xDB,	0x86,	0x9F,
	0xDB,	0x86,	0x9F,	0xDB,	0x86,	0x9F,	0xDB,	0x86,
	0x9F,	0xDB,	0x86,	0x9F,	0xDB,	0x86,	0x9F,	0xDB,
	0x86,	0x9F,	0xDB,	0x86,	0x9E,	0xDB,	0x86,	0x9F,
	0xDB,	0x86,	0x9F,	0xDB,	0x86,	0x9F,	0xDB,	0x86,
	0x9F,	0xDB,	0x86,	0x9F,	0xDB,	0x86,	0x9F,	0xDB,
	0x86,	0x9F,	0xDB,	0x86,	0x9F,	0xDB,	0x86,	0x9F,
	0xDB,	0x86,	0x9F,	0xDB,	0x86,	0x9F,	0xDB,	0x86,
	0x9F,	0xDB,	0x86,	0x9F,	0xDB,	0x86,	0x9F,	0xDB,
	0x86,	0x9F,	0xDB,	0x86,	0x9F,	0xDB,	0x86,	0x9F,
	0xDB,	0x8B,	0xA4,	0xDF,	0x35,	0x37,	'X',	0x20,
	0x9,	0x14,	0x31,	0x9,	0x14,	0x9E,	0x9,	0x14,
	0xB3,	0x9,	0x14,	0xB2,	0x9,	0x14,	0xB2,	0x9,
	0x14,	0xB2,	0x9,	0x14,	0xB2,	0x9,	0x14,	0xB2,
	0x9,	0x14,	0xB2,	0x9,	0x15,	0xA8,	0x9,	0x15,
	0x2C,	0x18,	0x26,	0x7C,	0x97,	0xD4,	0x8A,	0xA2,
	0xDC,	0x86,	0x9F,	0xDB,	0x8A,	0xA3,	0xDC,	0x85,
	0x9E,	0xD9,	0x20,	0x1B,	0x2B,	0x17,	0xD,	0x19,
	0x2C,	0x1A,	0x27,	0x2E,	0x1A,	0x27,	0x2E,	0x32,
	'x',	0x31,	0x34,	0x7D,	0x32,	0x36,	0x80,	0x2F,
	0x36,	0x7F,	0x15,	0x1E,	'W',	0x1C,	0x2B,	't',
	'S',	0x95,	0xFF,	0x22,	0x2E,	0x7C,	0x5B,	0x18,
	'K',	0xB2,	0x18,	'K',	0xB2,	0x18,	'J',	0xB2,
	0x18,	'J',	0xB2,	0x18,	'J',	0xB2,	0x18,	'J',
	0xB2,	0x18,	'J',	0xB2,	0x18,	'J',	0xB2,	0x18,
	'J',	0xB2,	0x18,	'J',	0xB2,	0x18,	'J',	0xB2,
	0x18,	'K',	0xB3,	0x18,	'J',	0xB2,	0x18,	'J',
	0xB3,	0x15,	'C',	0x8E,	0x15,	'C',	0x22,	0x2E,
	'u',	0x24,	0x33,	0x82,	0x15,	0x20,	'L',	0x16,
	0x20,	'M',	0x14,	0x1F,	'J',	0x13,	0x1E,	'K',
	0x15,	0x1D,	'L',	0x17,	0x1E,	'O',	0x16,	0x1E,
	'M',	0x15,	0x1D,	'L',	0x15,	0x1A,	'E',	0x15,
	0x1A,	'D',	0x1B,	0x1F,	'Q',	0x25,	0x2B,	'l',
	0x33,	0x3D,	0x8E,	0x34,	0x40,	0x95,	0x5E,	0x83,
	0xF6,	'u',	0xA7,	0xFF,	0x86,	0xC0,	0xFF,	0x8C,
	0xCB,	0xFF,	0x8C,	0xBF,	0xFF,	0x8C,	0xC5,	0xFF,
	0x8B,	0xBD,	0xFF,	0x8A,	0xBA,	0xFF,	0x86,	0xB7,
	0xFF,	0x86,	0xAE,	0xFF,	0x86,	0xAE,	0xFC,	0x86,
	0xAE,	0xFC,	0x86,	0xAE,	0xFC,	0x87,	0xB2,	0xFD,
	0x8A,	0xB1,	0xF6,	0x8A,	0xB2,	0xF6,	0x8A,	0xB2,
	0xF6,	0x8A,	0xA9,	0xF6,	0x86,	0xA7,	0xE7,	0x86,
	0xA7,	0xE7,	0x8B,	0xA9,	0xE8,	0x86,	0xA7,	0xE7,
	0x1B,	0x1A,	0x2F,	0x60,	0x9,	0x17,	0xB2,	0x9,
	0x17,	0xB2,	0x9,	0x17,	0xAD,	0x9,	0x17,	'I',
	0x9,	0x17,	0x26,	0x25,	0x3A,	'r',	0x8D,	0xC8,
	0x8D,	0xA9,	0xE3,	0x8C,	0xA6,	0xDF,	0x8C,	0xA6,
	0xDF,	0x8B,	0xA5,	0xDE,	0x86,	0x9F,	0xDB,	0x86,
	0x9F,	0xDB,	0x86,	0x9F,	0xDB,	0x86,	0x9F,	0xDB,
	0x86,	0x9F,	0xDB,	0x86,	0x9F,	0xDB,	0x86,	0x9F,
	0xDB,	0x86,	0x9F,	0xDB,	0x86,	0x9F,	0xDB,	0x86,
	0x9F,	0xDB,	0x86,	0x9F,	0xDB,	0x86,	0x9F,	0xDB,
	0x86,	0xA0,	0xDB,	0x86,	0x9F,	0xDB,	0x86,	0x9F,
	0xDB,	0x86,	0x9F,	0xDB,	0x86,	0x9F,	0xDB,	0x86,
	0x9F,	0xDB,	0x86,	0x9F,	0xDB,	0x86,	0xA0,	0xDB,
	0x86,	0x9F,	0xDB,	0x86,	0x9F,	0xDB,	0x86,	0x9F,
	0xDB,	0x86,	0x9F,	0xDB,	0x86,	0x9F,	0xDB,	0x86,
	0x9F,	0xDB,	0x86,	0x9F,	0xDB,	0x86,	0x9F,	0xDB,
	0x86,	0x9F,	0xDB,	0x86,	0x9F,	0xDB,	0x86,	0x9F,
	0xDB,	0x8B,	0xA5,	0xDF,	0x23,	0x23,	0x36,	0x60,
	0x9,	0x15,	0xA6,	0x9,	0x14,	0xAD,	0x9,	0x14,
	0xB2,	0x9,	0x14,	0xB2,	0x9,	0x14,	0xB2,	0x9,
	0x15,	0xB2,	0x9,	0x14,	0xB2,	0x9,	0x14,	0xB2,
	0x9,	0x14,	0xB2,	0x9,	0x14,	0xB2,	0x9,	0x14,
	'F',	0xB,	0x16,	'a',	0x83,	0xBD,	0x8B,	0xA5,
	0xDE,	0x86,	0x9F,	0xDB,	0x8A,	0xA2,	0xDE,	0x40,
	'E',	'q',	0x10,	0xA,	0x14,	0x31,	0x1C,	0x28,
	0x32,	0x1D,	0x29,	0x31,	0x1C,	0x29,	0x32,	0x37,
	0x7D,	0x31,	0x37,	0x7D,	0x32,	0x3A,	0x82,	0x29,
	0x35,	'w',	0x26,	0x33,	'u',	0x26,	0x2E,	'm',
	0xC,	0x1A,	'J',	'R',	0x1A,	'J',	0xB2,	0x1A,
	'J',	0xB2,	0x1C,	'J',	0xB2,	0x1A,	'T',	0xB2,
	0x1A,	'T',	0xB2,	0x1A,	'T',	0xB2,	0x1A,	'T',
	0xB2,	0x1A,	'T',	0xB2,	0x1A,	'T',	0xB2,	0x18,
	'J',	0xB2,	0x18,	'J',	0xB2,	0x1A,	'J',	0xB2,
	0x1A,	'J',	0xB2,	0x19,	'J',	0xB2,	0x1A,	'J',
	0xB2,	0x18,	'K',	0xA9,	0x1A,	'C',	0x24,	0x1A,
	'C',	0x26,	0x3D,	0x93,	0x3B,	'U',	0xD6,	0x25,
	0x38,	0x91,	0x14,	0x1C,	'K',	0x15,	0x1C,	'J',
	0x1C,	0x27,	0x5E,	0x30,	'D',	0xA8,	0x3C,	'I',
	0xC0,	0x3B,	'H',	0xBD,	0x3B,	'H',	0xBD,	0x3B,
	'H',	0xB1,	0x3B,	'I',	0xB4,	0x3D,	'K',	0xB7,
	0x3E,	'I',	0xBB,	0x3E,	'I',	0xBB,	0x40,	'N',
	0xBE,	'J',	0x5F,	0xE2,	'u',	0x9F,	0xFF,	0x83,
	0xB8,	0xFF,	0x8B,	0xC8,	0xFF,	0x87,	0xC5,	0xFF,
	0x86,	0xB7,	0xFF,	0x86,	0xB7,	0xFF,	0x86,	0xAE,
	0xFF,	0x86,	0xAE,	0xFF,	0x86,	0xAE,	0xFC,	0x86,
	0xAE,	0xFC,	0x86,	0xAE,	0xFC,	0x85,	0xAE,	0xFB,
	0x85,	0xAD,	0xFB,	0x80,	0xAE,	0xF2,	0x80,	0xAD,
	0xF2,	0x7F,	0xAE,	0xF2,	0x86,	0xAA,	0xE8,	0x8C,
	0xB2,	0xF0,	0x8A,	0xA9,	0xEB,	0x8C,	0xB2,	0xEF,
	0x35,	'E',	'q',	0x2F,	0xA,	0x17,	0xB2,	0x9,
	0x14,	0xB2,	0x9,	0x15,	0xB2,	0xA,	0x17,	0xAF,
	0x9,	0x15,	0x3B,	0x9,	0x14,	0x2B,	0x22,	0x34,
	'c',	0x7F,	0xB9,	'W',	'y',	0xB4,	'V',	'v',
	0xB2,	'l',	0x87,	0xC3,	0x8A,	0xA6,	0xDF,	0x8A,
	0xA3,	0xDC,	0x86,	0x9F,	0xDB,	0x86,	0x9F,	0xDB,
	0x86,	0xA0,	0xDB,	0x86,	0xA0,	0xDB,	0x86,	0x9F,
	0xDB,	0x86,	0xA0,	0xDB,	0x86,	0x9F,	0xDB,	0x86,
	0x9F,	0xDB,	0x86,	0xA0,	0xDB,	0x86,	0x9F,	0xDB,
	0x86,	0x9F,	0xDB,	0x86,	0xA0,	0xDB,	0x86,	0x9F,
	0xDB,	0x86,	0xA0,	0xDB,	0x86,	0x9F,	0xDB,	0x86,
	0x9F,	0xDB,	0x86,	0x9F,	0xDB,	0x86,	0xA0,	0xDB,
	0x86,	0xA0,	0xDB,	0x86,	0x9F,	0xDB,	0x86,	0x9F,
	0xDB,	0x86,	0x9F,	0xDB,	0x86,	0x9F,	0xDB,	0x86,
	0x9F,	0xDB,	0x86,	0x9F,	0xDB,	0x86,	0xA0,	0xDB,
	0x86,	0x9F,	0xDB,	0x86,	0x9F,	0xDB,	0x86,	0xA0,
	0xDB,	0x8B,	0xA5,	0xDF,	0x23,	0x23,	0x38,	0x5E,
	0x9,	0x14,	0xB2,	0x9,	0x14,	0xB2,	0x9,	0x14,
	0xB2,	0x9,	0x15,	0xB2,	0x9,	0x14,	0xB2,	0x9,
	0x15,	0xB2,	0x9,	0x14,	0xB2,	0x9,	0x14,	0xB2,
	0x9,	0x14,	0xB2,	0x9,	0x14,	0xB2,	0x9,	0x15,
	'N',	0xB,	0x17,	0x60,	0x84,	0xBD,	0x8B,	0xA5,
	0xDE,	0x8C,	0xA9,	0xE2,	'r',	0x87,	0xC2,	0x11,
	0xC,	0x17,	0x20,	0x13,	0x1E,	0x30,	0x1C,	0x29,
	0x31,	0x1C,	0x29,	0x32,	0x1E,	0x2A,	0x34,	0x39,
	0x80,	0x37,	0x3B,	0x83,	0x33,	0x3B,	0x83,	0x27,
	0x33,	'v',	0x30,	'D',	0x93,	0x19,	0x27,	0x5D,
	0x13,	0x1A,	'J',	0x9B,	0x1C,	'K',	0xB2,	0x1C,
	'J',	0xB2,	0x1C,	'J',	0xB2,	0x1A,	'T',	0xB2,
	0x1A,	'T',	0xB2,	0x1A,	'T',	0xB2,	0x1A,	'T',
	0xB2,	0x1A,	'T',	0xB1,	0x1A,	'T',	0xB2,	0x1A,
	'T',	0xB2,	0x1A,	'T',	0xB2,	0x1A,	'K',	0xB2,
	0x1A,	'K',	0xB1,	0x1A,	'K',	0xB2,	0x1A,	'J',
	0xB2,	0x18,	'J',	0xB2,	0x1A,	'C',	'a',	0x1A,
	'C',	0xF,	0x1C,	'H',	0x1F,	0x21,	'S',	0x31,
	0x1B,	'H',	0x80,	0x18,	'C',	0x8D,	0x18,	'C',
	'k',	0x18,	0x3C,	0x20,	0x18,	0x3F,	0x20,	0x2A,
	'p',	0x3D,	'M',	0xC4,	0x3B,	'H',	0xBD,	0x3B,
	'G',	0xBB,	0x3A,	'G',	0xAF,	0x3A,	'G',	0xAF,
	0x3A,	'D',	0xAF,	0x3A,	'D',	0xAF,	0x39,	'B',
	0xAB,	0x39,	'A',	0xA8,	0x39,	0x3E,	0xA0,	'I',
	'U',	0xC7,	'p',	0x9B,	0xFE,	0x84,	0xBD,	0xFF,
	0x8C,	0xC0,	0xFF,	0x8A,	0xBE,	0xFF,	0x8A,	0xB5,
	0xFF,	0x8A,	0xB2,	0xFF,	0x8A,	0xB2,	0xFD,	0x8B,
	0xB6,	0xFE,	0x7F,	0xA5,	0xFA,	0x24,	0x27,	'F',
	0x22,	0x1B,	0x36,	0x35,	0x1D,	0x33,	0x34,	0x1D,
	0x32,	0x33,	0x1C,	0x30,	0x2E,	0x27,	0x3D,	0x38,
	'F',	's',	't',	0x93,	0xD5,	0x90,	0xB4,	0xF2,
	'z',	0x9B,	0xDC,	0x28,	0x1E,	0x31,	0x9C,	0xA,
	0x17,	0xB2,	0x9,	0x14,	0xB2,	0xA,	0x17,	0xB2,
	0xA,	0x17,	0xB2,	0x9,	0x15,	'L',	0x9,	0x14,
	0x15,	0xA,	0x14,	'S',	0xA,	0x15,	'I',	0x9,
	0x14,	0x28,	0xD,	0x19,	'B',	'E',	'l',	'z',
	0x9A,	0xD5,	0x8B,	0xA6,	0xDF,	0x8A,	0xA3,	0xDC,
	0x86,	0xA0,	0xDB,	0x86,	0x9F,	0xDB,	0x86,	0xA3,
	0xDC,	0x8A,	0xA3,	0xDC,	0x8A,	0xA3,	0xDC,	0x89,
	0xA4,	0xDC,	0x8A,	0xA3,	0xDC,	0x8A,	0xA3,	0xDC,
	0x8A,	0xA5,	0xDE,	0x8B,	0xA5,	0xDE,	0x8B,	0xA5,
	0xDE,	0x8A,	0xA5,	0xDE,	0x87,	0xA3,	0xDC,	0x87,
	0xA3,	0xDC,	0x87,	0xA3,	0xDC,	0x87,	0xA3,	0xDC,
	0x87,	0xA3,	0xDC,	0x86,	0xA3,	0xDC,	0x87,	0xA3,
	0xDC,	0x86,	0xA3,	0xDC,	0x87,	0xA3,	0xDC,	0x86,
	0xA3,	0xDC,	0x87,	0xA3,	0xDC,	0x86,	0xA3,	0xDC,
	0x87,	0xA3,	0xDC,	0x87,	0xA3,	0xDC,	0x8A,	0xA3,
	0xDC,	0x8C,	0xAA,	0xE2,	0x33,	0x3C,	0x5E,	0x35,
	0x9,	0x14,	0xB2,	0x9,	0x14,	0xB2,	0x9,	0x15,
	0xB2,	0x9,	0x14,	0xB1,	0x9,	0x14,	0xB1,	0x9,
	0x14,	0xB2,	0x9,	0x15,	0xB2,	0x9,	0x15,	0xB2,
	0x9,	0x15,	0xB2,	0x9,	0x14,	0xB2,	0x9,	0x14,
	'M',	0xB,	0x16,	'a',	0x84,	0xC0,	0x8D,	0xAE,
	0xE4,	'p',	0x84,	0xC0,	0x20,	0x1D,	0x2F,	0x13,
	0xC,	0x17,	0x2D,	0x1B,	0x28,	0x32,	0x1E,	0x2B,
	0x31,	0x1C,	0x29,	0x31,	0x1E,	0x2B,	0x35,	0x3A,
	0x82,	0x35,	0x3B,	0x84,	0x33,	0x3F,	0x86,	0x26,
	0x35,	's',	0x30,	'B',	0x89,	0x21,	0x1C,	'J',
	0x7F,	0x1C,	'K',	0xB2,	0x1C,	'J',	0xB1,	0x1C,
	'J',	0xB1,	0x1C,	'J',	0xB2,	0x1A,	'T',	0xB1,
	0x1A,	'T',	0xB1,	0x1A,	'T',	0xB2,	0x1A,	'T',
	0xB2,	0x1A,	'T',	0xB1,	0x1A,	'T',	0xB1,	0x1A,
	'T',	0xB2,	0x1A,	'T',	0xB1,	0x1C,	'J',	0xB1,
	0x1A,	'J',	0xB1,	0x1A,	'J',	0xAE,	0x1A,	'J',
	'w',	0x18,	'K',	0x3F,	0x18,	'J',	0x25,	0x1A,
	'C',	'S',	0x1A,	'C',	0x9D,	0x18,	'C',	0xAE,
	0x18,	'C',	0xB1,	0x18,	'C',	0xB1,	0x18,	'C',
	0xB2,	0x15,	0x3C,	0x94,	0x18,	0x3C,	0x36,	0x18,
	0x40,	0x24,	0x37,	0x89,	0x39,	'F',	0xB7,	0x3A,
	'H',	0xBB,	0x3A,	'G',	0xAF,	0x3A,	'G',	0xAF,
	0x3A,	'D',	0xAF,	0x3A,	'D',	0xAF,	0x3A,	'D',
	0xAF,	0x3A,	'D',	0xAF,	0x3A,	'A',	0xA3,	0x38,
	0x3E,	0xA0,	0x38,	0x3F,	0xA0,	0x40,	'L',	0xAB,
	0x5F,	0x7E,	0xEC,	'u',	0x9E,	0xFC,	'y',	0x9C,
	0xFA,	0x3E,	'K',	0x9A,	0x1E,	0x23,	'A',	0x29,
	0x2E,	'T',	0x7F,	0xA3,	0xF8,	0x3B,	'I',	0x8C,
	0x1D,	0xC,	0x1F,	0x9D,	0xC,	0x20,	0xA9,	0xC,
	0x1C,	0xA9,	0xC,	0x1C,	0x8D,	0xA,	0x17,	0x5F,
	0xA,	0x17,	0x28,	0x1A,	0x2C,	'W',	'u',	0xB8,
	0x8B,	0xAB,	0xEB,	0x35,	'D',	'p',	'V',	0xA,
	0x17,	0xB1,	0xA,	0x17,	0xB1,	0xA,	0x17,	0xB2,
	0xA,	0x17,	0xB2,	0xA,	0x17,	0x9D,	0x9,	0x15,
	0x1D,	0x9,	0x14,	0x82,	0x9,	0x15,	0xB2,	0x9,
	0x14,	0xAC,	0x9,	0x15,	0x5B,	0x9,	0x14,	0x27,
	0x15,	0x21,	0x3E,	'B',	'j',	0x89,	0xA4,	0xDE,
	0x8B,	0xA5,	0xDE,	0x89,	0xA4,	0xDC,	0x82,	0x9B,
	0xD5,	0x7D,	0x93,	0xCF,	0x7E,	0x95,	0xD1,	0x7F,
	0x95,	0xD1,	0x7E,	0x95,	0xD1,	0x81,	0x95,	0xD1,
	'o',	0x84,	0xC1,	'b',	'p',	0xB3,	'f',	'v',
	0xB6,	'Z',	'b',	0xA6,	'I',	'I',	0x88,	'J',
	'K',	0x8B,	'J',	'K',	0x8B,	'I',	'K',	0x8B,
	'J',	'K',	0x8B,	'J',	'K',	0x8B,	'I',	'K',
	0x8B,	'J',	'K',	0x8B,	'J',	'K',	0x8B,	'I',
	'K',	0x8B,	'J',	'K',	0x8B,	'I',	'K',	0x8B,
	'J',	'K',	0x8B,	'J',	'K',	0x8B,	'I',	'K',
	0x8B,	'S',	'U',	0x9E,	0x35,	0x3D,	'e',	0x2D,
	0x9,	0x14,	0xAF,	0x9,	0x14,	0xB2,	0x9,	0x14,
	0xB1,	0x9,	0x15,	0xB1,	0x9,	0x14,	0xB1,	0x9,
	0x15,	0xB1,	0x9,	0x14,	0xB1,	0x9,	0x14,	0xB1,
	0x9,	0x15,	0xB1,	0x9,	0x15,	0xB1,	0x9,	0x15,
	'M',	0xC,	0x17,	'h',	0x8D,	0xC7,	0x5C,	'n',
	0xAA,	0x14,	0x10,	0x1B,	0x18,	0x10,	0x1A,	0x30,
	0x1C,	0x28,	0x30,	0x1C,	0x28,	0x31,	0x1E,	0x2A,
	0x30,	0x1C,	0x28,	0x2E,	0x1B,	0x28,	0x40,	0x5B,
	0xB4,	0x36,	0x3D,	0x87,	0x2E,	0x3D,	0x80,	0x24,
	0x32,	'o',	0x2B,	0x40,	0x84,	0x39,	0x1C,	'J',
	0xB1,	0x1C,	'K',	0xB1,	0x1C,	'J',	0xB1,	0x1C,
	'J',	0xB1,	0x1C,	'J',	0xB1,	0x1A,	'T',	0xB1,
	0x1A,	'T',	0xB1,	0x1A,	'T',	0xB1,	0x1A,	'T',
	0xB1,	0x1A,	'T',	0xB1,	0x1A,	'T',	0xB1,	0x1A,
	'T',	0xB1,	0x1A,	'T',	0xB1,	0x1A,	'J',	0xB1,
	0x1C,	'J',	0xA5,	0x1A,	'K',	'B',	0x1A,	'J',
	0x12,	0x18,	'J',	0x5F,	0x18,	'K',	0xA9,	0x18,
	'K',	0xB1,	0x18,	'K',	0xB1,	0x18,	'C',	0xB1,
	0x18,	'C',	0xB1,	0x18,	'C',	0xB2,	0x18,	'C',
	0xB1,	0x18,	0x3C,	0xB1,	0x16,	0x3C,	0x9A,	0x18,
	0x3C,	0x14,	0x15,	0x3C,	0x1A,	0x27,	'e',	0x3D,
	'K',	0xC4,	0x3A,	'H',	0xBB,	0x3A,	'H',	0xAF,
	0x3C,	'J',	0xC0,	0x3C,	'F',	0xB4,	0x3C,	'F',
	0xB4,	0x3C,	'H',	0xB4,	0x38,	0x3E,	0x9D,	0x35,
	0x3C,	0x98,	0x35,	0x3A,	0x92,	0x13,	0x16,	0x39,
	0xC,	0xE,	0x2A,	0xE,	0x10,	0x2C,	0xF,	0x10,
	0x2C,	0xC,	0xC,	0x24,	0xC,	0x10,	0x24,	0x11,
	0x10,	0x24,	0x3B,	0x3D,	0x80,	0x40,	'A',	0x8B,
	0x18,	0x19,	0x34,	'f',	0xC,	0x1F,	0xB1,	0xC,
	0x20,	0xB1,	0xC,	0x1C,	0xB1,	0xA,	0x17,	0xB1,
	0xA,	0x17,	'j',	0xA,	0x17,	0x10,	0xB,	0x18,
	0x25,	0x24,	0x3F,	0x31,	0x31,	'X',	0x17,	0xB,
	0x18,	0x9D,	0xA,	0x17,	0xB1,	0xA,	0x17,	0xB1,
	0xA,	0x18,	0xB1,	0xA,	0x17,	0xB1,	0x9,	0x15,
	'p',	0x9,	0x14,	0x1D,	0x9,	0x14,	0x34,	0x9,
	0x15,	0x34,	0x9,	0x15,	0x8E,	0x9,	0x15,	0xAF,
	0x9,	0x14,	0x3B,	0x9,	0x15,	0x1D,	0x1F,	0x31,
	'C',	'E',	'v',	'S',	'U',	0x9E,	'D',	'A',
	'x',	0x3D,	0x38,	'e',	0x3D,	0x38,	'e',	0x3D,
	0x38,	'e',	0x3D,	0x38,	'e',	0x3D,	0x38,	'e',
	0x3A,	0x33,	0x5F,	0x37,	0x30,	'X',	0x38,	0x30,
	'X',	0x38,	0x30,	'X',	0x38,	0x30,	'X',	0x38,
	0x30,	'X',	0x38,	0x30,	'X',	0x39,	0x30,	'X',
	0x38,	0x30,	'X',	0x38,	0x30,	'X',	0x38,	0x30,
	'X',	0x38,	0x30,	'X',	0x38,	0x30,	'X',	0x38,
	0x30,	'X',	0x39,	0x30,	'X',	0x38,	0x30,	'X',
	0x38,	0x30,	'X',	0x38,	0x30,	'Y',	0x38,	0x30,
	'X',	0x39,	0x32,	0x5E,	0x24,	0x21,	0x38,	0x1B,
	0x9,	0x15,	0xA1,	0x9,	0x15,	0xB1,	0x9,	0x15,
	0xB1,	0x9,	0x15,	0xB1,	0x9,	0x15,	0xB1,	0x9,
	0x14,	0xB2,	0x9,	0x14,	0xB2,	0x9,	0x15,	0xB1,
	0x9,	0x15,	0xB1,	0x9,	0x14,	0xB1,	0x9,	0x15,
	'F',	0x9,	0x14,	0x1B,	0x1E,	0x2F,	0x14,	0x10,
	0x1C,	0x21,	0x15,	0x20,	0x31,	0x1E,	0x29,	0x2D,
	0x1C,	0x28,	0x2F,	0x1C,	0x28,	0x31,	0x1D,	0x29,
	0x30,	0x1C,	0x29,	0x2D,	0x1C,	0x28,	0x36,	'T',
	0xB3,	0x2D,	0x3B,	0x8B,	0x2E,	0x3C,	0x8E,	0x25,
	0x35,	0x80,	0x2C,	'E',	0x9C,	0x37,	0x1D,	'T',
	0xAF,	0x1C,	'T',	0xB1,	0x1D,	'T',	0xB1,	0x1D,
	'T',	0xB1,	0x1D,	'T',	0xB1,	0x1D,	'T',	0xB1,
	0x1C,	'T',	0xB1,	0x1D,	'T',	0xB1,	0x1D,	'T',
	0xB1,	0x1C,	'T',	0xB1,	0x1D,	'T',	0xB1,	0x1C,
	'T',	0xB1,	0x1C,	'T',	0x83,	0x1C,	'T',	0x36,
	0x1C,	'T',	0x2D,	0x1C,	'T',	0x40,	0x1D,	'J',
	0x9B,	0x1A,	'J',	0xB1,	0x1A,	'J',	0xB1,	0x1A,
	'K',	0xB1,	0x1A,	'J',	0xB1,	0x18,	'K',	0xB1,
	0x18,	'K',	0xB1,	0x18,	'C',	0xB1,	0x18,	'C',
	0xB1,	0x15,	'C',	0xB1,	0x15,	'C',	0xB1,	0x15,
	'C',	0x8B,	0x15,	'C',	0x29,	0x17,	0x3D,	0x22,
	0x31,	'w',	0x3C,	'M',	0xC0,	0x3C,	'J',	0xC0,
	0x2B,	0x35,	0x80,	0x29,	0x33,	'y',	0x2A,	0x33,
	0x7B,	0x2A,	0x34,	0x7D,	0x15,	0x1C,	'G',	0xC,
	0x11,	0x31,	0xC,	0x12,	0x32,	0xC,	0x11,	0x31,
	0x10,	0x17,	0x3B,	0x13,	0x17,	0x38,	0x16,	0x18,
	0x3C,	0x17,	0x17,	0x39,	0x25,	0x27,	'P',	0x36,
	0x3A,	0x7C,	0x38,	0x3B,	0x84,	0x3B,	0x3B,	0x8B,
	0x25,	0x2A,	'X',	'T',	0xD,	0x20,	0xB1,	0xC,
	0x20,	0xB1,	0xC,	0x20,	0xB1,	0xA,	0x1C,	0xB1,
	0xA,	0x1C,	0xB1,	0xA,	0x1C,	0x82,	0xA,	0x1C,
	0x1B,	0xA,	0x17,	0x16,	0x18,	0x2C,	0x15,	0xE,
	0x1B,	0x9B,	0xA,	0x17,	0xB1,	0xA,	0x17,	0xB1,
	0xA,	0x17,	0xB1,	0xA,	0x17,	0xB1,	0x9,	0x14,
	0x7F,	0xA,	0x15,	0x10,	0x9,	0x15,	0xC,	0x9,
	0x15,	0xC,	0x9,	0x15,	0x25,	0x9,	0x15,	0x3F,
	0xA,	0x14,	0x2A,	0xA,	0x14,	0xC,	0xA,	0x14,
	0x1B,	0x15,	0x24,	0x38,	0x30,	'X',	0x36,	0x30,
	'U',	0x38,	0x31,	'Y',	0x3B,	0x34,	'a',	0x3B,
	0x34,	'a',	0x3A,	0x33,	0x5F,	0x38,	0x33,	0x5C,
	0x3A,	0x33,	0x5F,	0x3A,	0x33,	0x5F,	0x3A,	0x33,
	0x5F,	0x3A,	0x33,	0x5F,	0x3A,	0x33,	0x5F,	0x3A,
	0x33,	0x5F,	0x3A,	0x33,	0x5F,	0x3A,	0x33,	0x5F,
	0x3A,	0x33,	0x5F,	0x3A,	0x33,	0x5F,	0x3B,	0x35,
	'b',	0x3B,	0x37,	'c',	0x3A,	0x37,	'c',	0x3B,
	0x37,	'c',	0x3A,	0x37,	'c',	0x3B,	0x37,	'c',
	0x39,	0x34,	'a',	0x37,	0x32,	'Y',	0x3B,	0x37,
	'c',	0x3D,	0x37,	'c',	0x39,	0x35,	'b',	0x1E,
	0x13,	0x22,	0x96,	0xA,	0x14,	0xB1,	0x9,	0x14,
	0xB1,	0xA,	0x14,	0xB1,	0x9,	0x15,	0xB1,	0x9,
	0x15,	0xB1,	0xA,	0x15,	0xB1,	0xA,	0x14,	0xB1,
	0xA,	0x15,	0xB1,	0xA,	0x15,	0xB1,	0xA,	0x14,
	0x3E,	0xA,	0x15,	0xF,	0xA,	0x14,	0x1D,	0x11,
	0x1D,	0x30,	0x1C,	0x28,	0x31,	0x1E,	0x2A,	0x2D,
	0x1C,	0x28,	0x2D,	0x1C,	0x28,	0x31,	0x1E,	0x2A,
	0x31,	0x1D,	0x29,	0x30,	0x1C,	0x29,	0x27,	0x37,
	0x83,	0x29,	0x38,	0x86,	0x27,	0x36,	0x82,	0x25,
	0x35,	0x80,	0x21,	0x3B,	0x8A,	0x37,	0x1D,	'T',
	0xAE,	0x1D,	'T',	0xB1,	0x1D,	'T',	0xB1,	0x1D,
	'T',	0xB1,	0x1D,	'T',	0xB1,	0x1D,	'T',	0xB1,
	0x1D,	'T',	0xB1,	0x1D,	'T',	0xB1,	0x1C,	'T',
	0xB1,	0x1D,	'T',	0xB1,	0x1D,	'T',	0xB1,	0x1D,
	'T',	0xAC,	0x1D,	'T',	'B',	0x1D,	'T',	'd',
	0x1D,	'T',	0xA8,	0x1D,	'T',	0xB0,	0x1D,	'T',
	0xB1,	0x1D,	'K',	0xB0,	0x1A,	'J',	0xB1,	0x1A,
	'J',	0xB1,	0x1A,	'K',	0xB1,	0x18,	'K',	0xB1,
	0x18,	'K',	0xB0,	0x18,	'K',	0xAD,	0x18,	'C',
	0xAD,	0x16,	'C',	0x86,	0x16,	'C',	'B',	0x16,
	'C',	'G',	0x16,	'C',	0x30,	0x18,	0x3C,	0xC,
	0x16,	0x3C,	0x15,	0x24,	'U',	0x1A,	0x27,	0x5C,
	0xD,	0x15,	0x3D,	0xD,	0x15,	0x36,	0xC,	0x14,
	0x36,	0xC,	0x14,	0x36,	0xF,	0x11,	0x36,	0x1C,
	0x11,	0x36,	0x27,	0x11,	0x2F,	0x29,	0x11,	0x30,
	0x2F,	0x14,	0x37,	0x21,	0x19,	0x3D,	0x22,	0x1E,
	'I',	0x1E,	0x22,	'O',	0x2A,	0x33,	'j',	0x3C,
	0x3F,	0x8C,	0x3C,	0x3F,	0x8D,	0x3A,	0x3D,	0x87,
	0x39,	0x3B,	0x80,	0x1F,	0x17,	0x2E,	'j',	0xC,
	0x20,	0xB1,	0xC,	0x20,	0xB1,	0xA,	0x1C,	0xB1,
	0xA,	0x1C,	0xB1,	0xA,	0x1C,	0xB1,	0xA,	0x1C,
	0x86,	0xA,	0x17,	0x1F,	0xB,	0x19,	0x10,	0xB,
	0x17,	0x9B,	0xB,	0x17,	0xB1,	0xA,	0x17,	0xB1,
	0xA,	0x18,	0xB1,	0xA,	0x17,	0xB1,	0xA,	0x14,
	0xA8,	0xA,	0x15,	0x9A,	0xB,	0x14,	0x99,	0xA,
	0x15,	0x3E,	0xA,	0x14,	0x21,	0xA,	0x14,	0x21,
	0xA,	0x15,	0x24,	0xA,	0x15,	0x21,	0xA,	0x14,
	0xC,	0xA,	0x15,	0xD,	0xC,	0x18,	0x10,	0xC,
	0x17,	0x17,	0x11,	0x1F,	0x2D,	0x27,	'D',	0x2C,
	0x27,	'D',	0x38,	0x32,	'Y',	0x3D,	0x37,	'e',
	0x3D,	0x37,	'c',	0x3C,	0x37,	'c',	0x3C,	0x35,
	'b',	0x3C,	0x35,	'c',	0x3C,	0x35,	'b',	0x3C,
	0x35,	'b',	0x3C,	0x35,	'b',	0x3C,	0x37,	'c',
	0x3C,	0x35,	'b',	0x36,	0x33,	0x5E,	0x2A,	0x2A,
	'J',	0x21,	0x18,	0x29,	0x21,	0x17,	0x27,	0x21,
	0x17,	0x27,	0x21,	0x17,	0x27,	0x22,	0x18,	0x29,
	0x1D,	0x14,	0x22,	0x17,	0xE,	0x1A,	0x1F,	0x16,
	0x26,	0x1C,	0x1C,	0x31,	0x2C,	0x2C,	'P',	0x1F,
	0x1E,	0x34,	0x30,	0xA,	0x14,	0xA3,	0xA,	0x15,
	0xB1,	0xA,	0x14,	0xB1,	0xA,	0x14,	0xB1,	0xA,
	0x15,	0xB0,	0xA,	0x14,	0xB1,	0xA,	0x15,	0xB1,
	0xA,	0x14,	0xB1,	0xA,	0x14,	0xA6,	0xA,	0x15,
	0x23,	0xA,	0x15,	0x2A,	0x19,	0x25,	0x30,	0x1D,
	0x28,	0x2D,	0x1C,	0x28,	0x30,	0x1D,	0x29,	0x30,
	0x1D,	0x29,	0x30,	0x1C,	0x29,	0x31,	0x1E,	0x2A,
	0x2F,	0x1D,	0x28,	0x2D,	0x1C,	0x28,	0x25,	0x33,
	0x7C,	0x26,	0x34,	0x7D,	0x25,	0x35,	0x80,	0x27,
	'C',	0x9A,	0x28,	'D',	0x9C,	0x39,	0x1D,	'T',
	0xAE,	0x1D,	'T',	0xB1,	0x1D,	'U',	0xB0,	0x1D,
	'T',	0xB1,	0x1D,	'T',	0xB0,	0x1D,	'T',	0xB0,
	0x1D,	'T',	0xB1,	0x1D,	'T',	0xB1,	0x1D,	'T',
	0xB0,	0x1D,	'T',	0xB0,	0x1D,	'T',	0xB0,	0x1D,
	'U',	0xB1,	0x1D,	'T',	0xAE,	0x1D,	'T',	0xB1,
	0x1D,	'T',	0xB1,	0x1D,	'T',	0xB0,	0x1D,	'T',
	0xB0,	0x1D,	'K',	0xB0,	0x1D,	'J',	0xB1,	0x1D,
	'K',	0xB0,	0x1A,	'K',	0x9D,	0x18,	'K',	0x92,
	0x18,	'K',	0x8E,	0x18,	'J',	0x30,	0x18,	'K',
	0x1F,	0x18,	'K',	0x15,	0x18,	'K',	0xC,	0x16,
	'C',	0x1B,	0x16,	'C',	0x1C,	0x16,	0x3C,	0x1F,
	0x18,	0x3C,	0x1F,	0x16,	0x3C,	0x16,	0x16,	0x3C,
	0x15,	0x1F,	'O',	0x29,	0x36,	0x8F,	0x1D,	0x17,
	0x39,	0x60,	0x14,	0x36,	0x8E,	0x12,	0x36,	0xA1,
	0x11,	0x36,	0xAD,	0x11,	0x2F,	0xAD,	0x11,	0x2F,
	0xAD,	0x11,	0x2F,	0x99,	0x11,	0x2F,	0x8C,	0xE,
	0x2A,	'e',	0xE,	0x29,	0x2F,	0xF,	0x25,	0x1D,
	0x24,	'J',	0x30,	0x32,	'p',	0x3B,	0x3E,	0x89,
	0x3C,	0x3E,	0x83,	0x1C,	0x21,	'C',	0x2D,	0xC,
	0x20,	0xB0,	0xC,	0x20,	0xB0,	0xC,	0x1C,	0xB1,
	0xA,	0x1C,	0xB1,	0xB,	0x1C,	0xB0,	0xB,	0x1C,
	0xB1,	0xB,	0x17,	0x8E,	0xB,	0x17,	0x17,	0xA,
	0x17,	0x9A,	0xB,	0x17,	0xB1,	0xB,	0x17,	0xB0,
	0xB,	0x17,	0xB1,	0xA,	0x17,	0xB1,	0xA,	0x15,
	0xB0,	0xB,	0x15,	0xB1,	0xB,	0x15,	0xB0,	0xB,
	0x14,	0xAE,	0xA,	0x15,	0xAB,	0xA,	0x15,	0xAD,
	0xA,	0x14,	0xAE,	0xA,	0x15,	0xA1,	0xA,	0x15,
	'G',	0xA,	0x15,	0x1D,	0xA,	0x15,	0xC,	0xA,
	0x15,	0xC,	0xA,	0x14,	0xC,	0xA,	0x15,	0xC,
	0xA,	0x15,	0x19,	0x14,	0x22,	0x1F,	0x1A,	0x2D,
	0x1D,	0x18,	0x2B,	0x23,	0x1C,	0x31,	0x2F,	0x2A,
	'K',	0x2F,	0x28,	'J',	0x2F,	0x28,	'J',	0x2E,
	0x28,	'J',	0x2C,	0x28,	'J',	0x1D,	0x1C,	0x31,
	0x16,	0x18,	0x28,	0x1E,	0xF,	0x1C,	0x35,	0xB,
	0x16,	0x81,	0xA,	0x15,	0x8C,	0xA,	0x15,	0x8C,
	0xA,	0x15,	0x8C,	0xA,	0x15,	0x8C,	0xA,	0x15,
	0x8C,	0xA,	0x14,	0x8C,	0xA,	0x15,	0x7E,	0xA,
	0x15,	'L',	0xA,	0x15,	0x33,	0xB,	0x17,	0x27,
	0xF,	0x1C,	0xC,	0xA,	0x15,	0x32,	0xA,	0x15,
	0x99,	0xA,	0x15,	0xB1,	0xA,	0x15,	0xB1,	0xA,
	0x15,	0xB0,	0xA,	0x15,	0xB1,	0xA,	0x15,	0xB0,
	0xA,	0x15,	0xB0,	0xA,	0x15,	0xA1,	0xA,	0x15,
	0x21,	0xA,	0x14,	0x2D,	0x1B,	0x27,	0x31,	0x1E,
	0x2A,	0x30,	0x1D,	0x29,	0x2F,	0x1D,	0x29,	0x30,
	0x1D,	0x28,	0x31,	0x1E,	0x2A,	0x2D,	0x1C,	0x28,
	0x30,	0x1D,	0x29,	0x30,	0x1D,	0x29,	0x27,	0x35,
	0x7F,	0x2A,	0x3D,	0x8F,	0x28,	'D',	0x9C,	0x2A,
	'I',	0xA3,	0x2A,	'G',	0xA4,	0x32,	0x1D,	'T',
	0xAE,	0x1D,	'T',	0xB0,	0x1D,	'T',	0xB0,	0x1D,
	'U',	0xB0,	0x1D,	'T',	0xB0,	0x1D,	'U',	0xB0,
	0x1D,	'T',	0xB0,	0x1D,	'T',	0xB1,	0x1D,	'T',
	0xB0,	0x1D,	'T',	0xB0,	0x1D,	'T',	0xB1,	0x1D,
	'T',	0xB0,	0x1D,	'T',	0xB0,	0x1D,	'T',	0xB0,
	0x1D,	'T',	0xB0,	0x1D,	'T',	0xB0,	0x1D,	'T',
	0xB0,	0x1D,	'K',	0x9E,	0x1D,	'K',	0x9B,	0x1D,
	'K',	0x9D,	0x1D,	'K',	0x31,	0x18,	'K',	0xC,
	0x19,	'K',	0xC,	0x18,	'J',	0xC,	0x18,	'J',
	0x16,	0x18,	'K',	0x15,	0x18,	'K',	0x3B,	0x18,
	'K',	0xAB,	0x19,	'J',	0xAB,	0x16,	0x3C,	0xAB,
	0x16,	0x3C,	0xB0,	0x16,	0x3D,	'd',	0x16,	0x3C,
	0x1C,	0x2A,	'i',	0x17,	0x2B,	'm',	'O',	0x14,
	0x36,	0xB0,	0x14,	0x36,	0xB0,	0x12,	0x36,	0xB0,
	0x12,	0x36,	0xB0,	0x12,	0x36,	0xB0,	0x11,	0x2F,
	0xB1,	0x11,	0x2F,	0xB0,	0x11,	0x2F,	0xB0,	0xE,
	0x29,	0xB0,	0xE,	0x2A,	0x9E,	0xE,	0x24,	0x23,
	0xE,	0x24,	0x14,	0xE,	0x26,	0x24,	0x2C,	0x5B,
	0x38,	0x3A,	0x87,	0x36,	0x3B,	0x7D,	0x25,	0x12,
	0x28,	0xA8,	0xC,	0x20,	0xB0,	0xC,	0x1C,	0xB0,
	0xB,	0x1C,	0xB0,	0xB,	0x1C,	0xB0,	0xB,	0x1C,
	0xB0,	0xB,	0x17,	0xA2,	0xB,	0x17,	0x19,	0xB,
	0x17,	0x99,	0xB,	0x17,	0xB0,	0xB,	0x17,	0xB0,
	0xB,	0x17,	0xB0,	0xB,	0x17,	0xB0,	0xA,	0x15,
	0xB0,	0xB,	0x15,	0xB1,	0xB,	0x15,	0xB1,	0xB,
	0x15,	0xB1,	0xB,	0x15,	0xB0,	0xA,	0x15,	0xB0,
	0xA,	0x15,	0xB1,	0xA,	0x14,	0xB0,	0xA,	0x15,
	0xB0,	0xA,	0x15,	0xA4,	0xA,	0x15,	'J',	0xA,
	0x15,	0x35,	0xA,	0x15,	0x19,	0xA,	0x15,	0x13,
	0xA,	0x15,	0xC,	0xA,	0x15,	0xC,	0xA,	0x14,
	0xC,	0xA,	0x15,	0xC,	0xA,	0x15,	0xC,	0xA,
	0x15,	0xC,	0xA,	0x15,	0xC,	0xA,	0x15,	0x17,
	0xA,	0x15,	0x1D,	0xA,	0x15,	0x2C,	0xA,	0x15,
	'D',	0xA,	0x15,	0x8C,	0xA,	0x15,	0xB0,	0xA,
	0x15,	0xB0,	0xA,	0x14,	0xB0,	0xA,	0x14,	0xB0,
	0xA,	0x15,	0xB1,	0xA,	0x15,	0xB1,	0xA,	0x14,
	0xB0,	0xA,	0x15,	0xB1,	0xA,	0x15,	0xB0,	0xA,
	0x14,	0xB1,	0xA,	0x15,	0xAE,	0xA,	0x15,	0xA4,
	0xA,	0x15,	'O',	0xA,	0x15,	0x27,	0xA,	0x15,
	0x15,	0xA,	0x15,	0x60,	0xA,	0x15,	0xA1,	0xA,
	0x15,	0xB0,	0xA,	0x15,	0xB0,	0xA,	0x15,	0xB0,
	0xA,	0x15,	0xB0,	0xA,	0x15,	0xA2,	0xA,	0x15,
	0x21,	0xA,	0x15,	0x2E,	0x1B,	0x27,	0x31,	0x1D,
	0x29,	0x31,	0x1D,	0x28,	0x30,	0x1D,	0x29,	0x30,
	0x1D,	0x29,	0x30,	0x1D,	0x29,	0x30,	0x1D,	0x29,
	0x30,	0x1D,	0x28,	0x30,	0x1D,	0x29,	0x2C,	0x3B,
	0x8A,	0x31,	'K',	0xA5,	0x39,	0x5D,	0xB8,	0x2E,
	'Q',	0xA9,	0x2E,	'Q',	0xA7,	0x19,	0x20,	'V',
	0x93,	0x20,	0x5E,	0xB0,	0x20,	0x5E,	0xB0,	0x20,
	0x5E,	0xB0,	0x20,	0x5E,	0xB0,	0x20,	0x5E,	0xB0,
	0x20,	0x5E,	0xB0,	0x1F,	0x5E,	0xB0,	0x20,	0x5E,
	0xB0,	0x20,	'T',	0xB0,	0x20,	'T',	0xB0,	0x1F,
	'T',	0xB0,	0x20,	'T',	0xB0,	0x20,	'T',	0xB0,
	0x20,	'T',	0xB0,	0x20,	'T',	0x85,	0x20,	'T',
	0x5B,	0x1D,	'T',	0x1A,	0x1D,	'T',	0xE,	0x1D,
	'U',	0xF,	0x1D,	'U',	0xC,	0x1D,	'K',	0x23,
	0x1D,	'K',	0x39,	0x1A,	'K',	'H',	0x1A,	'K',
	0xA4,	0x18,	'K',	0xA8,	0x1A,	'C',	0xAB,	0x1A,
	'C',	0xB0,	0x1A,	'C',	0xB0,	0x16,	'C',	0xB0,
	0x16,	'C',	0xB0,	0x16,	'C',	0x9A,	0x14,	0x3C,
	0x13,	0x15,	0x3D,	0x37,	0x14,	0x3C,	0xA2,	0x14,
	0x3C,	0xB0,	0x14,	0x3C,	0xB0,	0x14,	0x3C,	0xB0,
	0x12,	0x36,	0xB0,	0x12,	0x36,	0xB0,	0x12,	0x36,
	0xB0,	0x11,	0x2F,	0xB0,	0x11,	0x2F,	0xB0,	0x11,
	0x30,	0xB0,	0xE,	0x2A,	0xB0,	0xE,	0x2A,	0xAD,
	0xE,	0x2A,	0x94,	0xD,	0x24,	0x2F,	0xC,	0x24,
	0x16,	0x15,	0x30,	0x2B,	0x32,	'f',	0x21,	0x19,
	0x32,	0x8D,	0xD,	0x1F,	0xB0,	0xD,	0x1C,	0xB0,
	0xB,	0x1C,	0xB0,	0xB,	0x1C,	0xB0,	0xB,	0x1C,
	0xB0,	0xB,	0x17,	0xA0,	0xB,	0x17,	0x17,	0xB,
	0x17,	0x99,	0xB,	0x17,	0xB0,	0xB,	0x17,	0xB0,
	0xB,	0x17,	0xB0,	0xB,	0x17,	0xB0,	0xA,	0x15,
	0xB0,	0xA,	0x17,	0xB0,	0xA,	0x15,	0xB0,	0xA,
	0x15,	0xB0,	0xA,	0x15,	0xB0,	0xA,	0x15,	0xB0,
	0xA,	0x15,	0xB0,	0xA,	0x15,	0xB0,	0xA,	0x15,
	0xB0,	0xA,	0x15,	0xB0,	0xA,	0x15,	0xB0,	0xA,
	0x15,	0xB0,	0xA,	0x15,	0xA7,	0xA,	0x15,	0x93,
	0xA,	0x15,	'n',	0xA,	0x15,	'r',	0xA,	0x15,
	'j',	0xA,	0x15,	0x1E,	0xA,	0x15,	0x12,	0xA,
	0x15,	0x14,	0xA,	0x14,	0xF,	0xA,	0x15,	0x1A,
	0xA,	0x15,	0x27,	0xA,	0x15,	0x3E,	0xA,	0x15,
	0xA5,	0xA,	0x15,	0xA5,	0xA,	0x15,	0xA1,	0xA,
	0x15,	0xAD,	0xA,	0x15,	0xB0,	0xA,	0x15,	0xB0,
	0xA,	0x15,	0xB0,	0xA,	0x15,	0xB0,	0xA,	0x15,
	0xB0,	0xA,	0x15,	0xB0,	0xA,	0x15,	0xB0,	0xA,
	0x15,	0xB0,	0xA,	0x15,	0xB0,	0xA,	0x15,	0xB0,
	0xA,	0x15,	0xB0,	0xA,	0x15,	0xAE,	0xA,	0x15,
	0x7E,	0xA,	0x14,	'B',	0xA,	0x15,	0x23,	0xA,
	0x15,	0x3B,	0xA,	0x15,	0x7E,	0xA,	0x15,	0xAE,
	0xA,	0x15,	0xB0,	0xA,	0x15,	0xA2,	0xA,	0x15,
	0x21,	0xA,	0x15,	0x31,	0x1C,	0x28,	0x33,	0x1F,
	0x2B,	0x33,	0x1F,	0x2B,	0x33,	0x1F,	0x2B,	0x33,
	0x1F,	0x2B,	0x33,	0x1F,	0x2B,	0x30,	0x1D,	0x28,
	0x31,	0x1D,	0x29,	0x31,	0x1D,	0x28,	0x31,	'A',
	0x97,	0x2F,	'B',	0x98,	0x3C,	0x5D,	0xB8,	0x32,
	'W',	0xB0,	0x27,	'F',	0x99,	0x11,	0x25,	0x5D,
	0x26,	0x20,	0x5E,	0xAB,	0x20,	0x5E,	0xB0,	0x20,
	0x5E,	0xB0,	0x20,	0x5E,	0xB0,	0x20,	0x5E,	0xB0,
	0x20,	0x5F,	0xB0,	0x20,	0x5E,	0xB0,	0x20,	0x5E,
	0xB0,	0x20,	'T',	0xB0,	0x20,	'U',	0xB0,	0x20,
	'T',	0xB0,	0x20,	'T',	0xB0,	0x20,	'T',	0xB0,
	0x20,	'T',	'V',	0x20,	'T',	0x16,	0x20,	'U',
	0xC,	0x1D,	'T',	0x1D,	0x1D,	'T',	0x5E,	0x1D,
	'U',	'a',	0x1D,	'T',	0x60,	0x1D,	'K',	0x9A,
	0x1D,	'K',	0xB0,	0x1B,	'K',	0xB0,	0x1B,	'K',
	0xB0,	0x19,	'K',	0xB0,	0x1B,	'C',	0xB0,	0x1A,
	'C',	0xB0,	0x1A,	'C',	0xB0,	0x16,	'C',	0xB0,
	0x16,	'C',	0xB0,	0x16,	'C',	't',	0x15,	0x3C,
	0x30,	0x15,	0x3C,	0xAB,	0x15,	0x3C,	0xB0,	0x15,
	0x3C,	0xB0,	0x15,	0x3C,	0xB0,	0x14,	0x3D,	0xB0,
	0x12,	0x36,	0xB0,	0x12,	0x36,	0xB0,	0x12,	0x36,
	0xB0,	0x11,	0x2F,	0xB0,	0x11,	0x2F,	0xB0,	0x11,
	0x2F,	0xB0,	0xE,	0x2A,	0xB0,	0xE,	0x2A,	0xB0,
	0xE,	0x2A,	0xB0,	0xD,	0x24,	0xB0,	0xD,	0x24,
	0x7B,	0xD,	0x24,	0x2A,	0x14,	0x29,	0x12,	0x17,
	0x2E,	'N',	0xD,	0x20,	0xB0,	0xD,	0x1C,	0xB0,
	0xB,	0x1C,	0xB0,	0xB,	0x1C,	0xB0,	0xB,	0x1C,
	0xB0,	0xB,	0x17,	0xAB,	0xB,	0x17,	'k',	0xB,
	0x18,	0xA7,	0xB,	0x18,	0xB0,	0xB,	0x17,	0xB0,
	0xB,	0x18,	0xB0,	0xB,	0x17,	0xB0,	0xA,	0x15,
	0xB0,	0xA,	0x17,	0xAF,	0xA,	0x15,	0xB0,	0xA,
	0x15,	0xB0,	0xA,	0x15,	0xB0,	0xA,	0x15,	0xB0,
	0xA,	0x15,	0xB0,	0xA,	0x15,	0xB0,	0xA,	0x14,
	0xB0,	0xA,	0x15,	0xB0,	0xA,	0x15,	0xB0,	0xA,
	0x15,	0xB0,	0xA,	0x15,	0xB0,	0xA,	0x15,	0xB0,
	0xA,	0x15,	0xB0,	0xA,	0x15,	0xB0,	0xA,	0x15,
	0xB0,	0xA,	0x15,	0xA5,	0xA,	0x15,	0xA0,	0xA,
	0x14,	0xA7,	0xA,	0x15,	'u',	0xA,	0x15,	0x2C,
	0xA,	0x15,	0x2B,	0xA,	0x15,	0xF,	0xA,	0x15,
	0x10,	0xA,	0x15,	0x12,	0xA,	0x15,	0x10,	0xA,
	0x14,	0x3F,	0xA,	0x15,	't',	0xA,	0x15,	0x7B,
	0xA,	0x15,	0xB0,	0xA,	0x15,	0xB0,	0xA,	0x15,
	0xB0,	0xA,	0x15,	0xB0,	0xA,	0x15,	0xB0,	0xA,
	0x15,	0xAF,	0xA,	0x15,	0xB0,	0xA,	0x15,	0xB0,
	0xA,	0x15,	0xB0,	0xA,	0x15,	0xB0,	0xA,	0x15,
	0xB0,	0xA,	0x15,	0xB0,	0xA,	0x15,	0xA4,	0xA,
	0x15,	'e',	0xA,	0x15,	0x33,	0xA,	0x15,	0x98,
	0xA,	0x15,	0xB0,	0xA,	0x15,	0xA1,	0xA,	0x15,
	0x21,	0xA,	0x15,	0x2D,	0x1B,	0x27,	0x30,	0x1D,
	0x29,	0x30,	0x1D,	0x29,	0x30,	0x1E,	0x2A,	0x30,
	0x1D,	0x29,	0x33,	0x1F,	0x2B,	0x33,	0x1F,	0x2B,
	0x33,	0x1F,	0x2B,	0x33,	0x1F,	0x2B,	0x30,	'G',
	0x9F,	0x30,	'M',	0xA7,	0x2D,	'O',	0xA5,	0x2A,
	'L',	0xA1,	0x2B,	'L',	0xA1,	0x22,	0x3E,	0x87,
	0xE,	0x20,	0x5E,	'g',	0x20,	0x5E,	0xA7,	0x20,
	0x5E,	0xAF,	0x20,	0x5E,	0xAF,	0x20,	0x5F,	0xB0,
	0x20,	0x5F,	0xB0,	0x20,	0x5E,	0xB0,	0x20,	0x5E,
	0xB0,	0x20,	'T',	0xB0,	0x20,	'T',	0xB0,	0x20,
	'T',	0xAF,	0x20,	'T',	0xB0,	0x20,	'T',	0xAD,
	0x20,	'T',	0x2B,	0x20,	'U',	0x10,	0x20,	'T',
	0x89,	0x1D,	'U',	0xA1,	0x1D,	'T',	0xB0,	0x1D,
	'T',	0xAF,	0x1D,	'U',	0xAF,	0x1D,	'K',	0xB0,
	0x1D,	'K',	0xAF,	0x1B,	'K',	0xAF,	0x1B,	'K',
	0xB0,	0x19,	'K',	0xB0,	0x19,	'K',	0xAF,	0x1B,
	'C',	0xB0,	0x1B,	'C',	0xAF,	0x16,	'C',	0xAF,
	0x16,	'C',	'Q',	0x16,	'C',	0x1E,	0x16,	'C',
	0x9B,	0x15,	0x3C,	0xB0,	0x15,	0x3C,	0xAF,	0x15,
	0x3C,	0xB0,	0x15,	0x3D,	0xB0,	0x15,	0x3C,	0xB0,
	0x12,	0x36,	0xAF,	0x12,	0x36,	0xB0,	0x12,	0x36,
	0xAF,	0x11,	0x2F,	0xB0,	0x11,	0x30,	0xB0,	0x11,
	0x2F,	0xB0,	0xF,	0x2A,	0xAF,	0xE,	0x2A,	0xB0,
	0xE,	0x2A,	0xB0,	0xD,	0x24,	0xB0,	0xD,	0x24,
	0xB0,	0xD,	0x24,	0x60,	0xD,	0x20,	0xB,	0xD,
	0x20,	0x16,	0xD,	0x20,	0xA7,	0xD,	0x1C,	0xAF,
	0xB,	0x1C,	0xAF,	0xB,	0x1C,	0xB0,	0xB,	0x1C,
	0xAF,	0xB,	0x17,	0xB0,	0xB,	0x17,	0xB0,	0xB,
	0x17,	0xB0,	0xB,	0x17,	0xAF,	0xB,	0x17,	0xB0,
	0xB,	0x17,	0xAF,	0xB,	0x18,	0xAF,	0xA,	0x15,
	0xB0,	0xA,	0x17,	0xAF,	0xA,	0x15,	0xB0,	0xA,
	0x15,	0xAF,	0xA,	0x15,	0xAF,	0xA,	0x15,	0xB0,
	0xA,	0x15,	0xAF,	0xA,	0x15,	0xB0,	0xA,	0x15,
	0xAF,	0xA,	0x15,	0xAF,	0xA,	0x15,	0xB0,	0xA,
	0x15,	0xB0,	0xA,	0x15,	0xB0,	0xA,	0x15,	0xAF,
	0xA,	0x15,	0xB0,	0xA,	0x15,	0xAF,	0xA,	0x15,
	0xB0,	0xA,	0x15,	0xAF,	0xA,	0x15,	0xB0,	0xA,
	0x15,	0xAF,	0xA,	0x15,	0xAF,	0xA,	0x15,	0xB0,
	0xA,	0x15,	0xAB,	0xA,	0x15,	0x3B,	0xA,	0x15,
	0x25,	0xA,	0x15,	0x29,	0xA,	0x15,	0x1C,	0xA,
	0x15,	0xC,	0xA,	0x15,	0xC,	0xA,	0x15,	0x16,
	0xA,	0x15,	't',	0xA,	0x15,	0x7B,	0xA,	0x15,
	0xA0,	0xA,	0x15,	0xB0,	0xA,	0x15,	0xB0,	0xA,
	0x15,	0xB0,	0xA,	0x15,	0xB0,	0xA,	0x15,	0xAF,
	0xA,	0x15,	0xB0,	0xA,	0x15,	0xAF,	0xA,	0x15,
	0xB0,	0xA,	0x15,	0xB0,	0xA,	0x15,	0xB0,	0xA,
	0x15,	0xB0,	0xA,	0x15,	0xAD,	0xA,	0x15,	0xB0,
	0xA,	0x15,	0xB0,	0xA,	0x15,	0xA1,	0xA,	0x15,
	0x20,	0xA,	0x15,	0x2E,	0x1C,	0x28,	0x2F,	0x1D,
	0x29,	0x2F,	0x1D,	0x29,	0x30,	0x1D,	0x29,	0x30,
	0x1D,	0x29,	0x30,	0x1D,	0x29,	0x2E,	0x1D,	0x29,
	0x2F,	0x1C,	0x28,	0x30,	0x1D,	0x29,	0x32,	'Q',
	0xAC,	0x3F,	'n',	0xE0,	0x32,	'X',	0xB0,	0x2C,
	'O',	0xA5,	0x2E,	'R',	0xA9,	0x2D,	'R',	0xA9,
	0x1B,	0x36,	0x86,	0x19,	0x22,	'a',	0x25,	0x22,
	0x5F,	0x39,	0x23,	0x5E,	0x85,	0x23,	0x5F,	0xAF,
	0x23,	0x5F,	0xAF,	0x20,	0x5E,	0xAF,	0x20,	0x5E,
	0xAF,	0x20,	'T',	0xB0,	0x20,	'U',	0xAF,	0x20,
	'T',	0xAF,	0x20,	'U',	0xB0,	0x20,	'U',	0xAF,
	0x20,	'T',	0x9B,	0x20,	'T',	0x92,	0x20,	'T',
	0xAF,	0x1E,	'T',	0xAF,	0x1D,	'U',	0xAF,	0x1D,
	'U',	0xAF,	0x1D,	'U',	0xAF,	0x1D,	'K',	0xAF,
	0x1D,	'K',	0xAF,	0x1D,	'K',	0xAF,	0x1B,	'K',
	0xAF,	0x19,	'K',	0xAF,	0x19,	'K',	0xAA,	0x19,
	'K',	0x9B,	0x19,	'K',	0x60,	0x19,	'K',	0x27,
	0x16,	'C',	0x35,	0x16,	'C',	0x98,	0x16,	'C',
	0xAF,	0x15,	0x3D,	0xAF,	0x15,	0x3D,	0xAF,	0x15,
	0x3D,	0xAF,	0x15,	0x3C,	0xAF,	0x15,	0x3C,	0xAF,
	0x12,	0x36,	0xB0,	0x12,	0x36,	0xAF,	0x12,	0x36,
	0xAE,	0x11,	0x2F,	0xAF,	0x11,	0x30,	0xAF,	0x11,
	0x30,	0xAF,	0x11,	0x2F,	0xAF,	0xF,	0x2A,	0xAF,
	0xF,	0x2A,	0xAF,	0xD,	0x24,	0xAF,	0xD,	0x24,
	0xAF,	0xD,	0x24,	0xAF,	0xD,	0x24,	'N',	0xD,
	0x20,	0x14,	0xD,	0x20,	0xA4,	0xD,	0x1C,	0xAF,
	0xB,	0x1C,	0xB0,	0xD,	0x1C,	0xAF,	0xB,	0x1C,
	0xAF,	0xB,	0x17,	0xB0,	0xB,	0x17,	0xB0,	0xB,
	0x18,	0xAF,	0xB,	0x17,	0xB0,	0xB,	0x17,	0xAF,
	0xB,	0x17,	0xAF,	0xB,	0x18,	0xB0,	0xA,	0x15,
	0xAF,	0xA,	0x17,	0xAF,	0xA,	0x15,	0xAF,	0xA,
	0x15,	0xAF,	0xA,	0x15,	0xB0,	0xA,	0x15,	0xB0,
	0xA,	0x15,	0xAF,	0xA,	0x15,	0xAF,	0xA,	0x15,
	0xB0,	0xA,	0x15,	0xAF,	0xA,	0x15,	0xB0,	0xA,
	0x15,	0xAE,	0xA,	0x15,	0xAF,	0xA,	0x15,	0xB0,
	0xA,	0x15,	0xAE,	0xA,	0x15,	0xAE,	0xA,	0x15,
	0xAF,	0xA,	0x15,	0xAF,	0xA,	0x15,	0xAF,	0xA,
	0x15,	0xAF,	0xA,	0x15,	0xAF,	0xA,	0x15,	0xAF,
	0xA,	0x15,	0xAF,	0xA,	0x15,	0xAD,	0xA,	0x15,
	0xAC,	0xA,	0x15,	0xB0,	0xA,	0x15,	0x93,	0xA,
	0x15,	'N',	0xA,	0x15,	0x3D,	0xA,	0x15,	0xF,
	0xA,	0x15,	0xF,	0xA,	0x15,	0xC,	0xA,	0x15,
	0x2A,	0xA,	0x15,	'M',	0xA,	0x15,	0x9C,	0xA,
	0x15,	0xAD,	0xA,	0x15,	0xAD,	0xA,	0x15,	0xAF,
	0xA,	0x15,	0xAF,	0xA,	0x15,	0xAF,	0xA,	0x15,
	0xAF,	0xA,	0x15,	0xB0,	0xA,	0x15,	0xAF,	0xA,
	0x15,	0xB0,	0xA,	0x15,	0xAF,	0xA,	0x15,	0xAF,
	0xA,	0x15,	0xAF,	0xA,	0x15,	0xA1,	0xA,	0x15,
	0x21,	0xA,	0x15,	0x32,	0x1F,	0x2B,	0x33,	0x20,
	0x2C,	0x30,	0x1F,	0x2B,	0x30,	0x1E,	0x2A,	0x30,
	0x1E,	0x2A,	0x30,	0x1D,	0x29,	0x2F,	0x1D,	0x29,
	0x30,	0x1D,	0x29,	0x2E,	0x1D,	0x29,	0x39,	'b',
	0xBD,	'P',	0x81,	0xF2,	0x3A,	'c',	0xD5,	0x3A,
	'c',	0xD5,	0x3B,	'k',	0xD9,	0x3A,	'g',	0xD5,
	0x3C,	'k',	0xDD,	0x3E,	'n',	0xE7,	0x37,	'c',
	0xD9,	0x18,	0x32,	0x82,	0x1D,	0x23,	'a',	'Q',
	0x23,	0x5E,	0x9D,	0x23,	0x5E,	0xAF,	0x22,	0x5E,
	0xAF,	0x23,	0x5E,	0xAE,	0x23,	0x5E,	0xAF,	0x20,
	0x5F,	0xAF,	0x20,	0x5E,	0xAF,	0x20,	'T',	0xAE,
	0x20,	'U',	0xAF,	0x20,	'T',	0xAE,	0x20,	'U',
	0xAF,	0x20,	'U',	0xAF,	0x20,	'U',	0xAF,	0x20,
	'U',	0xAF,	0x20,	'U',	0xAE,	0x1E,	'U',	0xAB,
	0x1D,	'U',	0x5E,	0x1D,	'U',	'Q',	0x1D,	'K',
	'U',	0x1B,	'K',	0x3F,	0x1B,	'K',	0x2E,	0x1B,
	'K',	0x28,	0x1B,	'K',	'B',	0x19,	'K',	0x82,
	0x19,	'K',	0xAB,	0x16,	'C',	0xAE,	0x16,	'C',
	0xAF,	0x17,	0x3C,	0xAE,	0x16,	0x3D,	0xAF,	0x16,
	0x3D,	0xAF,	0x17,	0x3D,	0xAF,	0x15,	0x3D,	0xAE,
	0x15,	0x3D,	0xAF,	0x12,	0x36,	0xAE,	0x12,	0x36,
	0xAF,	0x12,	0x36,	0xAE,	0x12,	0x36,	0xAF,	0x11,
	0x30,	0xB0,	0x11,	0x2F,	0xAE,	0xF,	0x2A,	0xAE,
	0xF,	0x2A,	0xAF,	0xF,	0x2A,	0xAF,	0xD,	0x24,
	0xAF,	0xD,	0x24,	0xAF,	0xD,	0x24,	0x92,	0xD,
	0x20,	0x1B,	0xD,	0x20,	0xA4,	0xB,	0x20,	0xAF,
	0xB,	0x20,	0xAF,	0xD,	0x1C,	0xAF,	0xD,	0x1C,
	0xAF,	0xB,	0x17,	0xAF,	0xB,	0x18,	0xAE,	0xB,
	0x17,	0xAF,	0xB,	0x18,	0xAF,	0xB,	0x17,	0xAF,
	0xB,	0x17,	0xAF,	0xB,	0x18,	0xAF,	0xA,	0x15,
	0xAF,	0xA,	0x17,	0xAF,	0xA,	0x15,	0xAF,	0xA,
	0x15,	0xAE,	0xA,	0x15,	0xAE,	0xA,	0x15,	0xAE,
	0xA,	0x15,	0xAF,	0xA,	0x15,	0xAE,	0xA,	0x15,
	0xAE,	0xA,	0x15,	0xAF,	0xA,	0x15,	0xAE,	0xA,
	0x15,	0xAF,	0xA,	0x15,	0xAF,	0xA,	0x15,	0xAE,
	0xA,	0x15,	0xAF,	0xA,	0x15,	0xAE,	0xA,	0x15,
	0xAE,	0xA,	0x15,	0xAF,	0xA,	0x15,	0xAE,	0xA,
	0x15,	0xAF,	0xA,	0x15,	0xAF,	0xA,	0x15,	0xAF,
	0xA,	0x15,	0xAF,	0xA,	0x15,	0xAF,	0xA,	0x15,
	0xAE,	0xA,	0x15,	0xAF,	0xA,	0x15,	0xAF,	0xA,
	0x15,	0xAF,	0xA,	0x15,	0xAB,	0xA,	0x15,	0x85,
	0xA,	0x15,	0x85,	0xA,	0x15,	'U',	0xA,	0x15,
	0x16,	0xA,	0x15,	0xD,	0xA,	0x15,	0x1C,	0xA,
	0x15,	0x22,	0xA,	0x15,	'E',	0xA,	0x15,	0x9B,
	0xA,	0x15,	0xAB,	0xA,	0x15,	0xAF,	0xA,	0x15,
	0xAE,	0xA,	0x15,	0xAF,	0xA,	0x15,	0xAF,	0xA,
	0x15,	0xAE,	0xA,	0x15,	0xAE,	0xA,	0x15,	0xB0,
	0xA,	0x15,	0xAE,	0xA,	0x15,	0xA0,	0xA,	0x15,
	0x20,	0xA,	0x15,	0x2D,	0x1C,	0x27,	0x30,	0x1F,
	0x2B,	0x30,	0x1F,	0x2B,	0x33,	0x1F,	0x2B,	0x33,
	0x1F,	0x2B,	0x33,	0x1F,	0x2B,	0x30,	0x1F,	0x2B,
	0x33,	0x1F,	0x2B,	0x30,	0x1E,	0x2A,	'A',	'm',
	0xD8,	0x8A,	0xDE,	0xFF,	0xA6,	0xFD,	0xFF,	'R',
	0x8C,	0xFC,	'E',	'y',	0xEF,	'F',	0x7B,	0xEF,
	'G',	0x7D,	0xF2,	'M',	0x86,	0xFA,	'L',	0x85,
	0xF7,	'R',	0x8C,	0xFC,	0x33,	'Z',	0xD5,	0xB,
	0x23,	0x5F,	'Q',	0x23,	0x5F,	0xAE,	0x23,	0x5F,
	0xAE,	0x23,	0x5E,	0xAE,	0x23,	0x5F,	0xAE,	0x23,
	0x5F,	0xAE,	0x23,	0x5E,	0xAF,	0x23,	0x5E,	0xAE,
	0x20,	'T',	0xAE,	0x20,	'T',	0xAE,	0x20,	'T',
	0xAE,	0x20,	'T',	0xAE,	0x20,	'U',	0xAE,	0x20,
	'U',	0xAE,	0x20,	'U',	0xAE,	0x1D,	'T',	0xAB,
	0x1E,	'U',	't',	0x1D,	'U',	'i',	0x1E,	'T',
	'i',	0x1B,	'K',	'i',	0x1B,	'K',	0x92,	0x1B,
	'K',	0xA6,	0x1B,	'K',	0xAE,	0x19,	'K',	0xAE,
	0x19,	'K',	0xAE,	0x19,	'K',	0xAF,	0x17,	'C',
	0xAE,	0x17,	0x3D,	0xAE,	0x17,	0x3C,	0xAE,	0x17,
	0x3C,	0xAE,	0x17,	0x3D,	0xAE,	0x15,	0x3D,	0xAF,
	0x15,	0x3C,	0xAE,	0x12,	0x36,	0xAE,	0x12,	0x36,
	0xAE,	0x12,	0x36,	0xAE,	0x12,	0x36,	0xAE,	0x12,
	0x30,	0xAE,	0x11,	0x2F,	0xAF,	0xF,	0x2A,	0xAE,
	0xF,	0x2A,	0xAE,	0xF,	0x2A,	0xAE,	0xD,	0x24,
	0xAF,	0xD,	0x24,	0xAF,	0xD,	0x24,	0x92,	0xD,
	0x20,	0x1C,	0xD,	0x20,	0xA4,	0xB,	0x20,	0xAE,
	0xB,	0x20,	0xAE,	0xD,	0x1C,	0xAE,	0xD,	0x1C,
	0xAE,	0xB,	0x17,	0xAE,	0xB,	0x18,	0xAE,	0xB,
	0x17,	0xAE,	0xB,	0x18,	0xAE,	0xB,	0x18,	0xAE,
	0xB,	0x18,	0xAE,	0xB,	0x17,	0xAF,	0xA,	0x15,
	0xAF,	0xA,	0x17,	0xAF,	0xA,	0x15,	0xAF,	0xA,
	0x15,	0xAE,	0xA,	0x15,	0xAE,	0xA,	0x15,	0xAE,
	0xA,	0x15,	0xAE,	0xA,	0x15,	0xAE,	0xA,	0x15,
	0xAE,	0xA,	0x15,	0xAE,	0xA,	0x15,	0xAE,	0xA,
	0x15,	0xAE,	0xA,	0x15,	0xAE,	0xA,	0x15,	0xAF,
	0xA,	0x15,	0xAE,	0xA,	0x15,	0xAE,	0xA,	0x15,
	0xAF,	0xA,	0x15,	0xAE,	0xA,	0x15,	0xAF,	0xA,
	0x15,	0xAE,	0xA,	0x15,	0xAE,	0xB,	0x15,	0xAF,
	0xA,	0x15,	0xAE,	0xA,	0x15,	0xAE,	0xA,	0x15,
	0xAF,	0xA,	0x15,	0xAE,	0xA,	0x15,	0xAE,	0xA,
	0x15,	0xAF,	0xA,	0x15,	0xAE,	0xA,	0x15,	0xAE,
	0xA,	0x15,	0xAE,	0xA,	0x15,	0xAE,	0xA,	0x15,
	0xAB,	0xA,	0x15,	'K',	0xA,	0x15,	0xF,	0xA,
	0x15,	0x11,	0xA,	0x15,	0xB,	0xA,	0x15,	0x12,
	0xB,	0x15,	0x98,	0xA,	0x15,	0xAE,	0xB,	0x15,
	0xAF,	0xA,	0x15,	0xAE,	0xA,	0x15,	0xAE,	0xA,
	0x15,	0xAE,	0xA,	0x15,	0xAE,	0xA,	0x15,	0xAE,
	0xA,	0x15,	0xAE,	0xA,	0x15,	'N',	0xA,	0x15,
	0xF,	0xA,	0x15,	0x29,	0x1A,	0x25,	0x2B,	0x1C,
	0x27,	0x2B,	0x1C,	0x27,	0x2A,	0x1B,	0x26,	0x2B,
	0x1B,	0x26,	0x2C,	0x1C,	0x27,	0x2D,	0x1C,	0x27,
	0x2F,	0x1E,	0x29,	0x30,	0x1F,	0x2B,	'F',	0x7C,
	0xF1,	0xD8,	0xFF,	0xFF,	0xFF,	0xFF,	0xFF,	0x93,
	0xF5,	0xFF,	'S',	0x91,	0xFF,	'O',	0x88,	0xF9,
	'O',	0x88,	0xFA,	'Y',	0xA2,	0xFF,	'R',	0x97,
	0xFF,	'O',	0x91,	0xFD,	'M',	0x8C,	0xF9,	0x23,
	'G',	0xA7,	0x2C,	0x25,	0x5F,	0xA9,	0x23,	0x5F,
	0xAE,	0x23,	0x5F,	0xAE,	0x23,	0x5E,	0xAE,	0x23,
	0x5E,	0xAE,	0x23,	0x5F,	0xAE,	0x23,	0x5E,	0xAE,
	0x23,	0x5E,	0xAE,	0x20,	'T',	0xAE,	0x20,	'T',
	0xAE,	0x20,	'U',	0xAE,	0x20,	'U',	0xAE,	0x20,
	'U',	0xAE,	0x20,	'U',	0xAE,	0x1E,	'U',	0xAE,
	0x1E,	'U',	0xAE,	0x1E,	'T',	0xAE,	0x1E,	'T',
	0xAE,	0x1E,	'K',	0xAE,	0x1B,	'K',	0xAE,	0x1B,
	'K',	0xAE,	0x1B,	'K',	0xAE,	0x19,	'K',	0xAE,
	0x19,	'K',	0xAE,	0x19,	'K',	0xAE,	0x17,	'C',
	0xAE,	0x17,	0x3D,	0xAE,	0x17,	0x3D,	0xAE,	0x17,
	0x3C,	0xAE,	0x17,	0x3D,	0xAE,	0x15,	0x3D,	0xAE,
	0x15,	0x3D,	0xAE,	0x12,	0x36,	0xAE,	0x12,	0x36,
	0xAE,	0x12,	0x36,	0xAE,	0x12,	0x36,	0xAE,	0x12,
	0x30,	0xAE,	0x11,	0x30,	0xAE,	0xF,	0x2A,	0xAE,
	0xF,	0x2A,	0xAF,	0xF,	0x2A,	0xAE,	0xD,	0x24,
	0xAE,	0xD,	0x24,	0xAE,	0xD,	0x24,	0x92,	0xD,
	0x20,	0x1B,	0xD,	0x20,	0xA4,	0xB,	0x20,	0xAE,
	0xB,	0x20,	0xAE,	0xD,	0x1C,	0xAE,	0xD,	0x1C,
	0xAE,	0xB,	0x18,	0xAE,	0xB,	0x18,	0xAE,	0xB,
	0x18,	0xAE,	0xB,	0x17,	0xAE,	0xB,	0x17,	0xAE,
	0xB,	0x17,	0xAE,	0xB,	0x18,	0xAE,	0xB,	0x15,
	0xAE,	0xB,	0x17,	0xAE,	0xA,	0x15,	0xAE,	0xA,
	0x15,	0xAE,	0xB,	0x15,	0xAE,	0xB,	0x15,	0xAE,
	0xA,	0x15,	0xAE,	0xB,	0x15,	0xAE,	0xA,	0x15,
	0xAE,	0xB,	0x15,	0xAE,	0xB,	0x15,	0xAE,	0xB,
	0x15,	0xAE,	0xB,	0x15,	0xAE,	0xB,	0x15,	0xAE,
	0xB,	0x15,	0xAE,	0xB,	0x15,	0xAE,	0xA,	0x15,
	0xAE,	0xB,	0x15,	0xAE,	0xB,	0x15,	0xAE,	0xB,
	0x15,	0xAE,	0xA,	0x15,	0xAE,	0xA,	0x15,	0xAE,
	0xB,	0x15,	0xAE,	0xA,	0x15,	0xAE,	0xA,	0x15,
	0xAE,	0xB,	0x15,	0xAE,	0xA,	0x15,	0xAE,	0xA,
	0x15,	0xAE,	0xB,	0x15,	0xAE,	0xB,	0x15,	0xAE,
	0xA,	0x15,	0xAE,	0xA,	0x15,	0xAE,	0xA,	0x15,
	0xAE,	0xA,	0x15,	0xAA,	0xA,	0x15,	0xA4,	0xB,
	0x15,	0x9A,	0xB,	0x15,	0x38,	0xA,	0x15,	0x29,
	0xA,	0x15,	0x94,	0xB,	0x15,	0xAE,	0xB,	0x15,
	0xAE,	0xA,	0x15,	0xAE,	0xA,	0x15,	0xAE,	0xB,
	0x15,	0xAE,	0xB,	0x15,	0xAE,	0xB,	0x15,	0xAE,
	0xA,	0x15,	0xAE,	0xB,	0x15,	0x2F,	0xA,	0x15,
	0x11,	0xD,	0x17,	0x2B,	0x1C,	0x27,	0x2B,	0x1B,
	0x26,	0x29,	0x1B,	0x26,	0x2A,	0x1B,	0x26,	0x2C,
	0x1B,	0x26,	0x2A,	0x1A,	0x25,	0x2A,	0x1B,	0x26,
	0x2A,	0x1B,	0x26,	0x2A,	0x1B,	0x26,	'D',	'y',
	0xF3,	0xFF,	0xFF,	0xFF,	0xFF,	0xFF,	0xFF,	'a',
	0xB3,	0xFF,	0x5C,	0xA0,	0xFF,	'Y',	0x99,	0xFF,
	'Y',	0xA1,	0xFF,	0x5B,	0xA6,	0xFF,	'W',	0x9E,
	0xFF,	'X',	0xA0,	0xFF,	'T',	0x99,	0xFF,	'P',
	0x91,	0xFE,	0x14,	0x32,	'x',	'e',	0x26,	0x5F,
	0xAE,	0x23,	0x5F,	0xAE,	0x23,	0x5E,	0xAE,	0x23,
	0x5F,	0xAE,	0x23,	0x5F,	0xAE,	0x23,	0x5F,	0xAE,
	0x23,	0x5E,	0xAE,	0x23,	0x5F,	0xAE,	0x20,	'U',
	0xAD,	0x21,	'T',	0xAE,	0x20,	'U',	0xAE,	0x21,
	'U',	0xAE,	0x20,	'U',	0xAE,	0x1E,	'T',	0xAE,
	0x1E,	'T',	0xAE,	0x1E,	'U',	0xAE,	0x1E,	'U',
	0xAE,	0x1B,	'K',	0xAE,	0x1B,	'K',	0xAE,	0x1B,
	'K',	0xAE,	0x1B,	'K',	0xAE,	0x19,	'K',	0xAE,
	0x19,	'K',	0xAE,	0x19,	'K',	0xAE,	0x17,	'C',
	0xAE,	0x17,	0x3D,	0xAE,	0x17,	0x3C,	0xAE,	0x17,
	0x3D,	0xAE,	0x17,	0x3D,	0xAE,	0x15,	0x3D,	0xAE,
	0x15,	0x3D,	0xAE,	0x13,	0x36,	0xAE,	0x12,	0x36,
	0xAE,	0x13,	0x36,	0xAE,	0x12,	0x36,	0xAE,	0x12,
	0x30,	0xAE,	0x12,	0x2F,	0xAE,	0x12,	0x2F,	0xAE,
	0xF,	0x2A,	0xAE,	0xF,	0x2A,	0xAE,	0xD,	0x24,
	0xAE,	0xD,	0x24,	0xAE,	0xD,	0x24,	0x8F,	0xD,
	0x20,	0x16,	0xD,	0x20,	0xA2,	0xB,	0x20,	0xAE,
	0xB,	0x20,	0xAE,	0xD,	0x1C,	0xAE,	0xD,	0x1C,
	0xAE,	0xD,	0x1C,	0xAE,	0xB,	0x17,	0xAE,	0xB,
	0x18,	0xAE,	0xC,	0x17,	0xAE,	0xB,	0x18,	0xAE,
	0xC,	0x17,	0xAE,	0xB,	0x18,	0xAE,	0xB,	0x15,
	0xAE,	0xB,	0x17,	0xAE,	0xB,	0x15,	0xAE,	0xB,
	0x15,	0xAE,	0xB,	0x15,	0xAE,	0xB,	0x15,	0xAE,
	0xB,	0x15,	0xAE,	0xB,	0x15,	0xAE,	0xB,	0x15,
	0xAE,	0xB,	0x15,	0xAE,	0xB,	0x15,	0xAE,	0xB,
	0x15,	0xAE,	0xB,	0x15,	0xAE,	0xB,	0x15,	0xAE,
	0xB,	0x15,	0xAE,	0xB,	0x15,	0xAE,	0xB,	0x15,
	0xAE,	0xB,	0x15,	0xAE,	0xB,	0x15,	0xAE,	0xB,
	0x15,	0xAE,	0xB,	0x15,	0xAD,	0xB,	0x15,	0xAE,
	0xB,	0x15,	0xAE,	0xB,	0x15,	0xAE,	0xB,	0x15,
	0xAE,	0xB,	0x15,	0xAE,	0xB,	0x15,	0xAE,	0xB,
	0x15,	0xAE,	0xB,	0x15,	0xAE,	0xB,	0x15,	0xAE,
	0xB,	0x15,	0xAE,	0xB,	0x15,	0xAE,	0xB,	0x15,
	0xAE,	0xB,	0x15,	0xAE,	0xB,	0x15,	0xAE,	0xB,
	0x15,	0xAE,	0xB,	0x15,	0xAE,	0xB,	0x15,	0x9C,
	0xB,	0x15,	0xA2,	0xB,	0x15,	0xAE,	0xB,	0x15,
	0xAE,	0xB,	0x15,	0xAE,	0xB,	0x15,	0xAE,	0xB,
	0x15,	0xAE,	0xB,	0x15,	0xAD,	0xB,	0x15,	0xAE,
	0xB,	0x15,	0xA0,	0xB,	0x15,	0x15,	0xB,	0x15,
	0x19,	0x12,	0x1C,	0x2B,	0x1C,	0x27,	0x2A,	0x1C,
	0x27,	0x2A,	0x1C,	0x27,	0x2A,	0x1C,	0x27,	0x2C,
	0x1C,	0x27,	0x2C,	0x1B,	0x26,	0x2C,	0x1B,	0x26,
	0x2C,	0x1C,	0x27,	0x2C,	0x1B,	0x26,	'H',	0x81,
	0xF9,	0xFF,	0xFF,	0xFF,	0xFF,	0xFF,	0xFF,	'Y',
	0x9A,	0xFF,	'i',	0xCC,	0xFF,	'q',	0xDB,	0xFF,
	'p',	0xD0,	0xFF,	'j',	0xCE,	0xFF,	'h',	0xCB,
	0xFF,	'd',	0xB6,	0xFF,	0x60,	0xAE,	0xFF,	'Y',
	0xA3,	0xFF,	0x2A,	'Q',	0xBE,	0x23,	0x26,	0x5F,
	0x9A,	0x26,	0x5F,	0xAE,	0x26,	0x5F,	0xAE,	0x26,
	0x5F,	0xAE,	0x26,	0x5F,	0xAD,	0x26,	0x5F,	0xAD,
	0x23,	0x5F,	0xAE,	0x23,	0x5F,	0xAE,	0x23,	0x5F,
	0xAE,	0x23,	0x5F,	0xAD,	0x21,	0x5E,	0xAD,	0x21,
	0x5E,	0xAE,	0x21,	0x5F,	0xAD,	0x1E,	'T',	0xAD,
	0x1E,	'T',	0xAE,	0x1E,	'T',	0xAE,	0x1E,	'U',
	0xAE,	0x1E,	'K',	0xAE,	0x1E,	'K',	0xAE,	0x1B,
	'K',	0xAE,	0x1B,	'K',	0xAE,	0x19,	'K',	0xAD,
	0x1B,	'C',	0xAE,	0x1B,	'C',	0xAD,	0x1B,	'C',
	0xAE,	0x17,	'C',	0xAD,	0x17,	'C',	0xAE,	0x17,
	'C',	0xAE,	0x1A,	0x3C,	0xAE,	0x15,	0x3D,	0xAE,
	0x15,	0x3D,	0xAE,	0x15,	0x36,	0xAD,	0x15,	0x36,
	0xAE,	0x13,	0x36,	0xAE,	0x13,	0x36,	0xAE,	0x12,
	0x30,	0xAE,	0x12,	0x30,	0xAE,	0x12,	0x2F,	0xAE,
	0xF,	0x2A,	0xAE,	0xF,	0x2A,	0xAE,	0xF,	0x2A,
	0xAD,	0xD,	0x24,	0xAE,	0xD,	0x24,	0x9E,	0xD,
	0x20,	0x5D,	0xD,	0x20,	0xA9,	0xD,	0x20,	0xAE,
	0xD,	0x20,	0xAE,	0xE,	0x20,	0xAE,	0xD,	0x1C,
	0xAD,	0xC,	0x1C,	0xAE,	0xB,	0x1C,	0xAE,	0xC,
	0x1C,	0xAE,	0xB,	0x1C,	0xAE,	0xC,	0x17,	0xAE,
	0xC,	0x17,	0xAE,	0xC,	0x18,	0xAE,	0xB,	0x15,
	0xAE,	0xB,	0x18,	0xAE,	0xB,	0x15,	0xAD,	0xB,
	0x15,	0xAD,	0xB,	0x15,	0xAD,	0xB,	0x15,	0xAD,
	0xB,	0x15,	0xAE,	0xB,	0x15,	0xAD,	0xB,	0x15,
	0xAE,	0xB,	0x15,	0xAE,	0xB,	0x15,	0xAE,	0xB,
	0x15,	0xAE,	0xB,	0x15,	0xAE,	0xB,	0x15,	0xAE,
	0xB,	0x15,	0xAE,	0xB,	0x15,	0xAE,	0xB,	0x15,
	0xAE,	0xB,	0x15,	0xAD,	0xB,	0x15,	0xAD,	0xB,
	0x15,	0xAE,	0xB,	0x15,	0xAD,	0xB,	0x15,	0xAE,
	0xB,	0x15,	0xAD,	0xB,	0x15,	0xAD,	0xB,	0x15,
	0xAD,	0xB,	0x15,	0xAD,	0xB,	0x15,	0xAE,	0xB,
	0x15,	0xAE,	0xB,	0x15,	0xAE,	0xB,	0x15,	0xAD,
	0xB,	0x15,	0xAD,	0xB,	0x15,	0xAE,	0xB,	0x15,
	0xAE,	0xB,	0x15,	0xAE,	0xB,	0x15,	0xAD,	0xB,
	0x15,	0xAE,	0xB,	0x15,	0xAE,	0xB,	0x15,	0xAE,
	0xB,	0x15,	0xAE,	0xB,	0x15,	0xAE,	0xB,	0x15,
	0xAE,	0xB,	0x15,	0xAD,	0xB,	0x15,	0xAE,	0xB,
	0x15,	0xAD,	0xB,	0x15,	0xAD,	0xB,	0x15,	0xAE,
	0xB,	0x15,	0x7D,	0xB,	0x15,	0xE,	0xB,	0x15,
	0x21,	0x16,	0x21,	0x2B,	0x1C,	0x27,	0x2A,	0x1C,
	0x27,	0x2A,	0x1C,	0x27,	0x2C,	0x1C,	0x27,	0x2C,
	0x1C,	0x27,	0x2C,	0x1C,	0x27,	0x2C,	0x1B,	0x26,
	0x2C,	0x1B,	0x26,	0x2A,	0x1B,	0x26,	0x5E,	0xA3,
	0xFF,	'h',	0xC0,	0xFF,	'n',	0xD9,	0xFF,	0x7F,
	0xF7,	0xFF,	0x7F,	0xF9,	0xFF,	0x9C,	0xFF,	0xFF,
	0x95,	0xFF,	0xFF,	'z',	0xF5,	0xFF,	'n',	0xD4,
	0xFF,	0x5F,	0xAE,	0xFF,	'V',	0x9E,	0xFF,	'M',
	0x8E,	0xFA,	0x3A,	'm',	0xEA,	0xC,	0x27,	0x60,
	'X',	0x26,	0x5F,	0xAE,	0x26,	0x5F,	0xAD,	0x26,
	0x5F,	0xAD,	0x26,	0x5F,	0xAE,	0x26,	0x5F,	0xAD,
	0x23,	0x5F,	0xAE,	0x23,	0x5F,	0xAD,	0x23,	0x5F,
	0xAD,	0x23,	0x5E,	0xAE,	0x20,	0x5F,	0xAD,	0x21,
	0x5F,	0xAE,	0x21,	0x5F,	0xAD,	0x1E,	'U',	0xAE,
	0x1E,	'T',	0xAE,	0x1E,	'U',	0xAE,	0x1E,	'T',
	0xAD,	0x1E,	'K',	0xAE,	0x1E,	'K',	0xAE,	0x1B,
	'K',	0xAE,	0x1B,	'K',	0xAE,	0x1A,	'K',	0xAE,
	0x1B,	'C',	0xAD,	0x1B,	'C',	0xAD,	0x1C,	'C',
	0xAE,	0x17,	'C',	0xAE,	0x17,	'C',	0xAD,	0x17,
	'C',	0xAD,	0x1A,	0x3C,	0xAD,	0x15,	0x3D,	0xAE,
	0x15,	0x3D,	0xAD,	0x15,	0x36,	0xAD,	0x15,	0x36,
	0xAD,	0x13,	0x36,	0xAD,	0x13,	0x36,	0xAD,	0x12,
	0x30,	0xAD,	0x12,	0x30,	0xAE,	0x12,	0x30,	0xAD,
	0xF,	0x2A,	0xAE,	0xF,	0x2A,	0xAD,	0xF,	0x2A,
	0xAD,	0xE,	0x24,	0xAD,	0xD,	0x24,	0xAE,	0xD,
	0x20,	0xAD,	0xD,	0x20,	0xAD,	0xD,	0x20,	0xAD,
	0xD,	0x20,	0xAD,	0xD,	0x20,	0xAE,	0xD,	0x1C,
	0xAD,	0xC,	0x1C,	0xAE,	0xC,	0x1C,	0xAD,	0xC,
	0x1C,	0xAD,	0xC,	0x1C,	0xAD,	0xC,	0x18,	0xAE,
	0xC,	0x18,	0xAD,	0xC,	0x17,	0xAD,	0xB,	0x15,
	0xAE,	0xB,	0x17,	0xAD,	0xB,	0x15,	0xAE,	0xB,
	0x15,	0xAE,	0xB,	0x15,	0xAD,	0xB,	0x15,	0xAD,
	0xB,	0x15,	0xAE,	0xB,	0x15,	0xAE,	0xB,	0x15,
	0xAE,	0xB,	0x15,	0xAD,	0xB,	0x15,	0xAD,	0xB,
	0x15,	0xAD,	0xB,	0x15,	0xAD,	0xB,	0x15,	0xAE,
	0xB,	0x15,	0xAD,	0xB,	0x15,	0xAD,	0xB,	0x15,
	0xAD,	0xB,	0x15,	0xAD,	0xB,	0x15,	0xAD,	0xB,
	0x15,	0xAE,	0xB,	0x15,	0xAD,	0xB,	0x15,	0xAE,
	0xB,	0x15,	0xAE,	0xB,	0x15,	0xAD,	0xB,	0x15,
	0xAD,	0xB,	0x15,	0xAD,	0xB,	0x15,	0xAD,	0xB,
	0x15,	0xAE,	0xB,	0x15,	0xAD,	0xB,	0x15,	0xAD,
	0xB,	0x15,	0xAE,	0xB,	0x15,	0xAD,	0xB,	0x15,
	0xAE,	0xB,	0x15,	0xAD,	0xB,	0x15,	0xAE,	0xB,
	0x15,	0xAD,	0xB,	0x15,	0xAD,	0xB,	0x15,	0xAE,
	0xB,	0x15,	0xAD,	0xB,	0x15,	0xAE,	0xB,	0x15,
	0xAE,	0xB,	0x15,	0xAE,	0xB,	0x15,	0xAD,	0xB,
	0x15,	0xAE,	0xB,	0x15,	0xAD,	0xB,	0x15,	0xAD,
	0xB,	0x15,	'S',	0xB,	0x15,	0xF,	0xD,	0x17,
	0x2A,	0x1C,	0x27,	0x2A,	0x1C,	0x27,	0x2A,	0x1C,
	0x27,	0x2A,	0x1C,	0x27,	0x2A,	0x1B,	0x26,	0x29,
	0x1B,	0x26,	0x29,	0x1C,	0x26,	0x29,	0x1B,	0x26,
	0x2A,	0x1B,	0x26,	0x2C,	0x1C,	0x27,	'i',	0xCB,
	0xFF,	0x7D,	0xEF,	0xFF,	0x87,	0xFA,	0xFF,	0x8F,
	0xFF,	0xFF,	0x8F,	0xFF,	0xFF,	0xEE,	0xFF,	0xFF,
	0xEE,	0xFF,	0xFF,	'w',	0xF5,	0xFF,	0x5C,	0xA9,
	0xFF,	'W',	0xA1,	0xFF,	'T',	0x9A,	0xFF,	'R',
	0x98,	0xFF,	'M',	0x8E,	0xFF,	0x15,	0x33,	0x82,
	0x1F,	0x26,	0x5F,	0xAA,	0x26,	0x5F,	0xAD,	0x26,
	0x5F,	0xAD,	0x26,	0x5F,	0xAD,	0x26,	0x5F,	0xAD,
	0x26,	0x5F,	0xAD,	0x23,	0x5F,	0xAD,	0x23,	0x5E,
	0xAD,	0x23,	0x5F,	0xAD,	0x21,	0x5F,	0xAD,	0x21,
	0x5F,	0xAD,	0x21,	0x5F,	0xAD,	0x1E,	'U',	0xAD,
	0x1E,	'U',	0xAD,	0x1E,	'U',	0xAD,	0x1E,	'U',
	0xAD,	0x1E,	'K',	0xAD,	0x1E,	'K',	0xAD,	0x1C,
	'K',	0xAD,	0x1C,	'K',	0xAD,	0x1A,	'K',	0xAD,
	0x1C,	'C',	0xAD,	0x1B,	'D',	0xAD,	0x1C,	'C',
	0xAD,	0x17,	'C',	0xAD,	0x17,	'C',	0xAD,	0x17,
	'C',	0xAD,	0x1A,	0x3D,	0xAE,	0x15,	0x3D,	0xAD,
	0x15,	0x3D,	0xAD,	0x15,	0x36,	0xAD,	0x15,	0x36,
	0xAD,	0x13,	0x36,	0xAD,	0x13,	0x36,	0xAD,	0x13,
	0x36,	0xAD,	0x12,	0x30,	0xAD,	0x12,	0x2F,	0xAD,
	0x12,	0x30,	0xAD,	0xF,	0x2A,	0xAD,	0xF,	0x2A,
	0xAD,	0xE,	0x24,	0xAD,	0xE,	0x24,	0xAD,	0xE,
	0x24,	0xAD,	0xE,	0x20,	0xAD,	0xE,	0x20,	0xAD,
	0xE,	0x20,	0xAD,	0xE,	0x20,	0xAE,	0xE,	0x1C,
	0xAD,	0xC,	0x1C,	0xAD,	0xC,	0x1C,	0xAD,	0xC,
	0x1C,	0xAD,	0xC,	0x1C,	0xAD,	0xC,	0x18,	0xAD,
	0xC,	0x18,	0xAD,	0xC,	0x18,	0xAE,	0xB,	0x15,
	0xAD,	0xB,	0x18,	0xAD,	0xB,	0x15,	0xAD,	0xB,
	0x15,	0xAD,	0xB,	0x15,	0xAD,	0xB,	0x15,	0xAD,
	0xB,	0x15,	0xAD,	0xB,	0x15,	0xAD,	0xB,	0x15,
	0xAD,	0xB,	0x15,	0xAD,	0xB,	0x15,	0xAD,	0xB,
	0x15,	0xAD,	0xB,	0x15,	0xAD,	0xB,	0x15,	0xAD,
	0xB,	0x15,	0xAD,	0xB,	0x15,	0xAD,	0xB,	0x15,
	0xAD,	0xB,	0x15,	0xAD,	0xB,	0x15,	0xAD,	0xB,
	0x15,	0xAD,	0xB,	0x15,	0xAD,	0xB,	0x15,	0xAD,
	0xB,	0x15,	0xAD,	0xB,	0x15,	0xAD,	0xB,	0x15,
	0xAD,	0xB,	0x15,	0xAD,	0xB,	0x15,	0xAD,	0xB,
	0x15,	0xAD,	0xB,	0x15,	0xAD,	0xB,	0x15,	0xAD,
	0xB,	0x15,	0xAD,	0xB,	0x15,	0xAD,	0xB,	0x15,
	0xAD,	0xB,	0x15,	0xAD,	0xB,	0x15,	0xAD,	0xB,
	0x15,	0xAD,	0xB,	0x15,	0xAD,	0xB,	0x15,	0xAD,
	0xB,	0x15,	0xAD,	0xB,	0x15,	0xAD,	0xB,	0x15,
	0xAE,	0xB,	0x15,	0xAD,	0xB,	0x15,	0xAD,	0xB,
	0x15,	0xAD,	0xB,	0x15,	0xAD,	0xB,	0x15,	0x8C,
	0xB,	0x15,	0x20,	0xB,	0x15,	0x20,	0x16,	0x20,
	0x2A,	0x1D,	0x27,	0x2A,	0x1C,	0x27,	0x29,	0x1B,
	0x26,	0x29,	0x1C,	0x26,	0x2A,	0x1C,	0x27,	0x2A,
	0x1C,	0x27,	0x2A,	0x1C,	0x27,	0x2A,	0x1C,	0x27,
	0x29,	0x1C,	0x26,	0x28,	0x1C,	0x26,	'd',	0xB4,
	0xFF,	'j',	0xCC,	0xFF,	'p',	0xE0,	0xFF,	't',
	0xE5,	0xFF,	'u',	0xEC,	0xFF,	0xFF,	0xFF,	0xFF,
	0xFF,	0xFF,	0xFF,	0x92,	0xFF,	0xFF,	'l',	0xCB,
	0xFF,	'i',	0xCB,	0xFF,	0x5F,	0xB0,	0xFF,	0x5F,
	0xAE,	0xFF,	'W',	0xA1,	0xFF,	0xE,	0x2A,	'f',
	0x11,	0x26,	0x5F,	0x98,	0x26,	0x5F,	0xAD,	0x26,
	0x5F,	0xAD,	0x26,	0x5E,	0xAD,	0x26,	0x5F,	0xAD,
	0x26,	0x5F,	0xAD,	0x23,	0x5F,	0xAD,	0x24,	0x5F,
	0xAD,	0x24,	0x5F,	0xAD,	0x21,	0x5F,	0xAD,	0x21,
	0x5F,	0xAD,	0x21,	0x5F,	0xAD,	0x1E,	'U',	0xAD,
	0x1E,	'U',	0xAD,	0x1E,	'U',	0xAD,	0x1E,	'U',
	0xAD,	0x1E,	'K',	0xAD,	0x1E,	'K',	0xAD,	0x1E,
	'K',	0xAD,	0x1C,	'K',	0xAD,	0x1A,	'K',	0xAD,
	0x1C,	'C',	0xAD,	0x1C,	'D',	0xAD,	0x1C,	'C',
	0xAD,	0x17,	'D',	0xAD,	0x17,	'D',	0xAD,	0x17,
	'C',	0xAD,	0x1A,	0x3C,	0xAD,	0x16,	0x3D,	0xAD,
	0x16,	0x3D,	0xAD,	0x15,	0x36,	0xAD,	0x15,	0x36,
	0xAD,	0x13,	0x36,	0xAD,	0x13,	0x36,	0xAD,	0x13,
	0x36,	0xAD,	0x12,	0x2F,	0xAD,	0x12,	0x30,	0xAD,
	0x12,	0x30,	0xAD,	0xF,	0x2A,	0xAD,	0xF,	0x2A,
	0xAD,	0xE,	0x24,	0xAD,	0xE,	0x25,	0xAD,	0xE,
	0x25,	0xAD,	0xE,	0x20,	0xAD,	0xE,	0x20,	0xAD,
	0xE,	0x20,	0xAD,	0xE,	0x20,	0xAD,	0xE,	0x1C,
	0xAD,	0xC,	0x1C,	0xAD,	0xC,	0x1C,	0xAC,	0xC,
	0x1C,	0xAD,	0xC,	0x1C,	0xAD,	0xC,	0x18,	0xAD,
	0xC,	0x17,	0xAD,	0xC,	0x18,	0xAD,	0xB,	0x15,
	0xAD,	0xB,	0x18,	0xAD,	0xB,	0x15,	0xAD,	0xB,
	0x15,	0xAD,	0xB,	0x15,	0xAD,	0xB,	0x15,	0xAD,
	0xB,	0x15,	0xAD,	0xB,	0x15,	0xAD,	0xB,	0x15,
	0xAD,	0xB,	0x15,	0xAD,	0xB,	0x15,	0xAD,	0xB,
	0x15,	0xAD,	0xB,	0x15,	0xAD,	0xB,	0x15,	0xAD,
	0xB,	0x15,	0xAD,	0xB,	0x15,	0xAD,	0xB,	0x15,
	0xAD,	0xB,	0x15,	0xAD,	0xB,	0x15,	0xAD,	0xB,
	0x15,	0xAD,	0xB,	0x15,	0xAD,	0xB,	0x15,	0xAD,
	0xB,	0x15,	0xAD,	0xB,	0x15,	0xAD,	0xB,	0x15,
	0xAD,	0xB,	0x15,	0xAD,	0xB,	0x15,	0xAD,	0xB,
	0x15,	0xAD,	0xB,	0x15,	0xAD,	0xB,	0x15,	0xAD,
	0xB,	0x15,	0xAD,	0xB,	0x15,	0xAD,	0xB,	0x15,
	0xAD,	0xB,	0x15,	0xAD,	0xB,	0x15,	0xAD,	0xB,
	0x15,	0xAD,	0xB,	0x15,	0xAD,	0xB,	0x15,	0xAD,
	0xB,	0x15,	0xAD,	0xB,	0x15,	0xAD,	0xB,	0x15,
	0xAD,	0xB,	0x15,	0xAD,	0xB,	0x15,	0xAD,	0xB,
	0x15,	0xAD,	0xB,	0x15,	0xAD,	0xB,	0x15,	0x2F,
	0xB,	0x15,	0xD,	0xC,	0x15,	0x2C,	0x1D,	0x28,
	0x2A,	0x1D,	0x27,	0x2A,	0x1C,	0x27,	0x2A,	0x1C,
	0x27,	0x2A,	0x1D,	0x27,	0x2A,	0x1D,	0x27,	0x2A,
	0x1D,	0x27,	0x2A,	0x1C,	0x27,	0x2A,	0x1D,	0x27,
	0x2A,	0x1C,	0x27,	0x2A,	0x1C,	0x27,	0x5C,	0xA2,
	0xFF,	'j',	0xCB,	0xFF,	0x7B,	0xF2,	0xFF,	0x7E,
	0xF4,	0xFF,	0xA8,	0xFF,	0xFF,	0xFF,	0xFF,	0xFF,
	0xFF,	0xFF,	0xFF,	0xBE,	0xFF,	0xFF,	0x86,	0xFD,
	0xFF,	'l',	0xCE,	0xFF,	0x5F,	0xAE,	0xFF,	'Q',
	0x95,	0xFF,	0x32,	'b',	0xD9,	0xB,	0x26,	0x5F,
	0xD,	0x26,	0x5F,	0x2A,	0x26,	0x5F,	0xA8,	0x26,
	0x5F,	0xAD,	0x26,	0x5F,	0xAD,	0x26,	0x5F,	0xAD,
	0x26,	0x5F,	0xAD,	0x24,	0x5F,	0xAC,	0x24,	0x5F,
	0xAD,	0x24,	0x5F,	0xAD,	0x21,	0x5F,	0xAD,	0x21,
	0x5F,	0xAD,	0x21,	0x5F,	0xAC,	0x1E,	'U',	0xAC,
	0x1E,	'U',	0xAD,	0x1E,	'U',	0xAD,	0x1E,	'U',
	0xAC,	0x1F,	'K',	0xAD,	0x1E,	'K',	0xAD,	0x1E,
	'K',	0xAD,	0x1C,	'K',	0xAD,	0x1A,	'K',	0xAC,
	0x1C,	'C',	0xAD,	0x1C,	'C',	0xAD,	0x1C,	'C',
	0xAD,	0x17,	'C',	0xAC,	0x17,	'D',	0xAD,	0x17,
	'C',	0xAD,	0x16,	0x3D,	0xAD,	0x16,	0x3D,	0xAD,
	0x16,	0x3D,	0xAD,	0x15,	0x36,	0xAC,	0x16,	0x36,
	0xAD,	0x13,	0x36,	0xAD,	0x13,	0x36,	0xAD,	0x13,
	0x36,	0xAD,	0x12,	0x30,	0xAD,	0x12,	0x30,	0xAD,
	0x12,	0x2A,	0xAD,	0x12,	0x2A,	0xAD,	0x12,	0x24,
	0xAD,	0xF,	0x25,	0xAC,	0xF,	0x24,	0xAD,	0xF,
	0x24,	0xAD,	0xE,	0x24,	0xAC,	0xE,	0x20,	0xAC,
	0xE,	0x20,	0xAD,	0xE,	0x20,	0xAC,	0xE,	0x1C,
	0xAD,	0xC,	0x1C,	0xAD,	0xC,	0x1C,	0xAD,	0xC,
	0x1C,	0xAC,	0xC,	0x1C,	0xAD,	0xC,	0x18,	0xAD,
	0xC,	0x18,	0xAD,	0xC,	0x18,	0xAD,	0xB,	0x15,
	0xAD,	0xB,	0x18,	0xAD,	0xB,	0x15,	0xAD,	0xB,
	0x15,	0xAD,	0xB,	0x15,	0xAD,	0xB,	0x15,	0xAD,
	0xB,	0x15,	0xAC,	0xB,	0x15,	0xAC,	0xB,	0x15,
	0xAD,	0xB,	0x15,	0xAD,	0xB,	0x15,	0xAD,	0xB,
	0x15,	0xAC,	0xB,	0x15,	0xAD,	0xB,	0x15,	0xAD,
	0xB,	0x15,	0xAD,	0xB,	0x15,	0xAD,	0xB,	0x15,
	0xAD,	0xB,	0x15,	0xAD,	0xB,	0x15,	0xAD,	0xB,
	0x15,	0xAD,	0xB,	0x15,	0xAC,	0xB,	0x15,	0xAD,
	0xB,	0x15,	0xAD,	0xB,	0x15,	0xAD,	0xB,	0x15,
	0xAD,	0xB,	0x15,	0xAD,	0xB,	0x15,	0xAD,	0xB,
	0x15,	0xAC,	0xB,	0x15,	0xAD,	0xB,	0x15,	0xAD,
	0xB,	0x15,	0xAC,	0xB,	0x15,	0xAC,	0xB,	0x15,
	0xAD,	0xB,	0x15,	0xAD,	0xB,	0x15,	0xAD,	0xB,
	0x15,	0xAD,	0xB,	0x15,	0xAD,	0xB,	0x15,	0xAD,
	0xB,	0x15,	0xAD,	0xB,	0x15,	0xAD,	0xB,	0x15,
	0xAC,	0xB,	0x15,	0xAD,	0xB,	0x15,	0xAD,	0xB,
	0x15,	0xAD,	0xB,	0x15,	0xA9,	0xB,	0x15,	0x20,
	0xB,	0x15,	0xB,	0xB,	0x15,	0x2A,	0x1D,	0x27,
	0x2A,	0x1D,	0x27,	0x2A,	0x1D,	0x27,	0x2A,	0x1D,
	0x27,	0x2A,	0x1D,	0x27,	0x2C,	0x1E,	0x28,	0x2C,
	0x1E,	0x28,	0x2A,	0x1D,	0x27,	0x2A,	0x1D,	0x27,
	0x2A,	0x1D,	0x27,	0x2A,	0x1D,	0x27,	'j',	0xC6,
	0xFF,	0x87,	0xFF,	0xFF,	0x87,	0xFF,	0xFF,	0x86,
	0xFD,	0xFF,	0x8F,	0xFF,	0xFF,	0xFB,	0xFF,	0xFF,
	0xFF,	0xFF,	0xFF,	0xA8,	0xFF,	0xFF,	'f',	0xCB,
	0xFF,	'W',	0xA2,	0xFF,	0x38,	'k',	0xEA,	0x14,
	0x33,	'w',	0x25,	0x26,	0x5F,	's',	0x26,	0x5F,
	0x91,	0x26,	0x5F,	0x2B,	0x26,	0x5F,	0x40,	0x26,
	0x5F,	0xA8,	0x26,	0x5F,	0xAD,	0x26,	0x5F,	0xAC,
	0x26,	0x5F,	0xAC,	0x26,	0x5E,	0xAD,	0x24,	0x5F,
	0xAD,	0x24,	0x5F,	0xAD,	0x21,	0x5F,	0xAC,	0x21,
	0x5F,	0xAC,	0x21,	0x5F,	0xAC,	0x1F,	'U',	0xAD,
	0x1E,	'T',	0xAD,	0x1F,	'T',	0xAC,	0x1F,	'U',
	0xAD,	0x1F,	'K',	0xAD,	0x1E,	'K',	0xAC,	0x1F,
	'K',	0xAC,	0x1F,	'K',	0xAC,	0x1A,	'K',	0xAD,
	0x1C,	'C',	0xAD,	0x1C,	'D',	0xAD,	0x1C,	'C',
	0xAD,	0x1A,	'K',	0xAC,	0x18,	'C',	0xAD,	0x17,
	'D',	0xAC,	0x16,	0x3D,	0xAD,	0x16,	0x3D,	0xAC,
	0x16,	0x3D,	0xAD,	0x16,	0x36,	0xAC,	0x16,	0x36,
	0xAC,	0x13,	0x36,	0xAD,	0x13,	0x36,	0xAD,	0x13,
	0x36,	0xAC,	0x12,	0x30,	0xAC,	0x12,	0x30,	0xAC,
	0x12,	0x2A,	0xAC,	0x12,	0x2A,	0xAC,	0x12,	0x25,
	0xAC,	0x10,	0x24,	0xAC,	0xF,	0x25,	0xAC,	0xF,
	0x25,	0xAD,	0xE,	0x24,	0xAC,	0xE,	0x20,	0xAD,
	0xE,	0x20,	0xAC,	0xE,	0x20,	0xAC,	0xE,	0x1C,
	0xAD,	0xC,	0x1C,	0xAD,	0xC,	0x1C,	0xAC,	0xC,
	0x1C,	0xAC,	0xC,	0x1C,	0xAD,	0xC,	0x18,	0xAC,
	0xC,	0x18,	0xAD,	0xC,	0x18,	0xAC,	0xB,	0x15,
	0xAD,	0xB,	0x18,	0xAC,	0xB,	0x15,	0xAC,	0xB,
	0x15,	0xAC,	0xB,	0x15,	0xAC,	0xB,	0x15,	0xAC,
	0xB,	0x15,	0xAC,	0xB,	0x15,	0xAC,	0xB,	0x15,
	0xAC,	0xB,	0x15,	0xAD,	0xB,	0x15,	0xAC,	0xB,
	0x15,	0xAC,	0xB,	0x15,	0xAC,	0xB,	0x15,	0xAD,
	0xB,	0x15,	0xAC,	0xB,	0x15,	0xAC,	0xB,	0x15,
	0xAD,	0xB,	0x15,	0xAC,	0xB,	0x15,	0xAD,	0xB,
	0x15,	0xAD,	0xB,	0x15,	0xAC,	0xB,	0x15,	0xAD,
	0xB,	0x15,	0xAC,	0xB,	0x15,	0xAD,	0xB,	0x15,
	0xAC,	0xB,	0x15,	0xAD,	0xB,	0x15,	0xAC,	0xB,
	0x15,	0xAC,	0xB,	0x15,	0xAC,	0xB,	0x15,	0xAC,
	0xB,	0x15,	0xAD,	0xB,	0x15,	0xAC,	0xB,	0x15,
	0xAD,	0xB,	0x15,	0xAD,	0xB,	0x15,	0xAC,	0xB,
	0x15,	0xAD,	0xB,	0x15,	0xAD,	0xB,	0x15,	0xAD,
	0xB,	0x15,	0xAC,	0xB,	0x15,	0xAC,	0xB,	0x15,
	0xAC,	0xB,	0x15,	0xAC,	0xB,	0x15,	0xAD,	0xB,
	0x15,	0xAD,	0xB,	0x15,	'c',	0xB,	0x15,	0xE,
	0xB,	0x15,	0xA,	0xB,	0x15,	0x1D,	0x15,	0x1E,
	0x2A,	0x1D,	0x27,	0x2A,	0x1D,	0x27,	0x2A,	0x1D,
	0x27,	0x2A,	0x1D,	0x27,	0x2A,	0x1D,	0x27,	0x2A,
	0x1D,	0x27,	0x2A,	0x1D,	0x27,	0x2A,	0x1D,	0x27,
	0x2A,	0x1D,	0x27,	0x2A,	0x1D,	0x27,	'c',	0xB8,
	0xFF,	'l',	0xD5,	0xFF,	'n',	0xDB,	0xFF,	'm',
	0xD5,	0xFF,	'o',	0xD7,	0xFF,	'u',	0xF5,	0xFF,
	0xFF,	0xFF,	0xFF,	0x5C,	0xAB,	0xFF,	'S',	0x9B,
	0xFF,	'A',	'z',	0xF1,	0xD,	0x2A,	'c',	0x32,
	0x26,	0x5F,	0x98,	0x26,	0x5F,	0xAC,	0x27,	0x5F,
	0xAC,	0x26,	0x5F,	0xAC,	0x26,	0x5F,	0x3E,	0x26,
	0x5F,	0x31,	0x27,	0x5F,	0xA9,	0x26,	0x5F,	0xAC,
	0x26,	0x5F,	0xAC,	0x26,	0x5F,	0xAC,	0x27,	0x5F,
	0xAC,	0x24,	0x5F,	0xAC,	0x24,	0x5F,	0xAC,	0x21,
	0x5F,	0xAC,	0x21,	0x5F,	0xAC,	0x1E,	'U',	0xAC,
	0x1F,	'U',	0xAC,	0x1F,	'U',	0xAC,	0x1F,	'U',
	0xAC,	0x1F,	'K',	0xAC,	0x1F,	'K',	0xAC,	0x1F,
	'K',	0xAC,	0x1F,	'K',	0xAC,	0x1A,	'K',	0xAC,
	0x1C,	'D',	0xAC,	0x1C,	'C',	0xAC,	0x1C,	'C',
	0xAC,	0x1A,	'K',	0xAC,	0x18,	'D',	0xAC,	0x18,
	'C',	0xAC,	0x16,	0x3D,	0xAC,	0x16,	0x3D,	0xAC,
	0x16,	0x3D,	0xAD,	0x16,	0x36,	0xAC,	0x16,	0x36,
	0xAC,	0x13,	0x36,	0xAC,	0x13,	0x36,	0xAC,	0x13,
	0x36,	0xAC,	0x12,	0x30,	0xAC,	0x12,	0x30,	0xAC,
	0x12,	0x2A,	0xAC,	0x12,	0x2A,	0xAC,	0x12,	0x24,
	0xAC,	0x10,	0x24,	0xAC,	0x10,	0x25,	0xAC,	0x10,
	0x24,	0xAD,	0xE,	0x24,	0xAC,	0xE,	0x20,	0xAC,
	0xE,	0x20,	0xAC,	0xE,	0x20,	0xAC,	0xE,	0x1C,
	0xAC,	0xC,	0x1C,	0xAC,	0xC,	0x1C,	0xAC,	0xC,
	0x1C,	0xAC,	0xC,	0x1C,	0xAD,	0xC,	0x18,	0xAC,
	0xC,	0x18,	0xAC,	0xC,	0x18,	0xAC,	0xB,	0x15,
	0xAC,	0xB,	0x18,	0xAC,	0xC,	0x15,	0xAC,	0xC,
	0x15,	0xAC,	0xB,	0x15,	0xAC,	0xC,	0x15,	0xAC,
	0xB,	0x15,	0xAD,	0xB,	0x15,	0xAC,	0xB,	0x15,
	0xAD,	0xB,	0x15,	0xAC,	0xB,	0x15,	0xAC,	0xB,
	0x15,	0xAC,	0xB,	0x15,	0xAC,	0xB,	0x15,	0xAC,
	0xB,	0x15,	0xAC,	0xB,	0x15,	0xAC,	0xB,	0x15,
	0xAC,	0xB,	0x15,	0xAD,	0xB,	0x15,	0xAC,	0xB,
	0x15,	0xAC,	0xB,	0x15,	0xAD,	0xB,	0x15,	0xAD,
	0xB,	0x15,	0xAC,	0xC,	0x15,	0xAC,	0xB,	0x15,
	0xAC,	0xB,	0x15,	0xAC,	0xB,	0x15,	0xAC,	0xB,
	0x15,	0xAC,	0xB,	0x15,	0xAC,	0xB,	0x15,	0xAC,
	0xB,	0x15,	0xAD,	0xB,	0x15,	0xAC,	0xB,	0x15,
	0xAC,	0xB,	0x15,	0xAC,	0xB,	0x15,	0xAC,	0xC,
	0x15,	0xAC,	0xB,	0x15,	0xAC,	0xC,	0x15,	0xAC,
	0xB,	0x15,	0xAC,	0xB,	0x15,	0xAC,	0xB,	0x15,
	0xAC,	0xB,	0x15,	0xAC,	0xB,	0x15,	0xAC,	0xB,
	0x15,	'U',	0xB,	0x15,	0x1F,	0xC,	0x15,	's',
	0xB,	0x15,	'J',	0xB,	0x15,	0x2D,	0xB,	0x15,
	0xE,	0xC,	0x16,	0x25,	0x1A,	0x24,	0x2A,	0x1D,
	0x27,	0x2C,	0x1E,	0x28,	0x2A,	0x1D,	0x27,	0x2A,
	0x1D,	0x27,	0x2A,	0x1D,	0x27,	0x2C,	0x1E,	0x28,
	0x2A,	0x1D,	0x27,	0x2C,	0x1E,	0x28,	'L',	0x90,
	0xFC,	'L',	0x8E,	0xFB,	'T',	0x9D,	0xFF,	'Y',
	0xA7,	0xFF,	0x5D,	0xAD,	0xFF,	0x5B,	0xA8,	0xFF,
	'M',	0x90,	0xFF,	'P',	0x97,	0xFF,	'C',	0x7F,
	0xF1,	0xF,	0x2D,	'k',	0x22,	0x26,	0x5F,	0xA7,
	0x27,	0x5F,	0xAC,	0x27,	0x5F,	0xAC,	0x27,	0x5F,
	0xAC,	0x26,	0x5F,	0xAC,	0x27,	0x5F,	0x90,	0x27,
	0x5F,	'U',	0x26,	0x5F,	0xA8,	0x27,	0x5F,	0xAC,
	0x26,	0x5F,	0xAC,	0x26,	0x5F,	0xAC,	0x27,	0x5F,
	0xAC,	0x24,	0x5F,	0xAC,	0x24,	0x5F,	0xAC,	0x21,
	0x5F,	0xAC,	0x21,	0x5F,	0xAC,	0x1F,	'U',	0xAC,
	0x1F,	'U',	0xAC,	0x1F,	'U',	0xAC,	0x1F,	'U',
	0xAC,	0x1F,	'K',	0xAC,	0x1F,	'K',	0xAC,	0x1F,
	'K',	0xAC,	0x1F,	'K',	0xAC,	0x1A,	'K',	0xAC,
	0x1C,	'C',	0xAC,	0x1C,	'C',	0xAC,	0x1C,	'D',
	0xAC,	0x1A,	'K',	0xAC,	0x18,	'C',	0xAC,	0x18,
	'C',	0xAC,	0x16,	0x3D,	0xAC,	0x16,	0x3D,	0xAC,
	0x16,	0x3D,	0xAC,	0x16,	0x36,	0xAC,	0x16,	0x36,
	0xAC,	0x13,	0x36,	0xAC,	0x13,	0x36,	0xAC,	0x13,
	0x36,	0xAC,	0x12,	0x30,	0xAC,	0x12,	0x30,	0xAC,
	0x12,	0x2A,	0xAC,	0x12,	0x2A,	0xAC,	0x12,	0x24,
	0xAC,	0x10,	0x24,	0xAC,	0x10,	0x25,	0xAC,	0x10,
	0x25,	0xAC,	0xE,	0x25,	0xAC,	0xE,	0x20,	0xAC,
	0xE,	0x20,	0xAC,	0xE,	0x20,	0xAC,	0xE,	0x1C,
	0xAC,	0xC,	0x1C,	0xAC,	0xC,	0x1C,	0xAC,	0xC,
	0x1C,	0xAC,	0xC,	0x1C,	0xAC,	0xC,	0x18,	0xAC,
	0xC,	0x18,	0xAC,	0xC,	0x18,	0xAC,	0xC,	0x15,
	0xAC,	0xC,	0x18,	0xAC,	0xB,	0x15,	0xAC,	0xC,
	0x15,	0xAC,	0xC,	0x15,	0xAC,	0xC,	0x15,	0xAC,
	0xC,	0x15,	0xAC,	0xC,	0x15,	0xAC,	0xB,	0x15,
	0xAC,	0xC,	0x15,	0xAC,	0xC,	0x15,	0xAC,	0xC,
	0x15,	0xAC,	0xC,	0x15,	0xAC,	0xC,	0x15,	0xAC,
	0xB,	0x15,	0xAC,	0xC,	0x15,	0xAC,	0xC,	0x15,
	0xAC,	0xC,	0x15,	0xAC,	0xC,	0x15,	0xAC,	0xC,
	0x15,	0xAC,	0xC,	0x15,	0xAC,	0xC,	0x15,	0xAC,
	0xC,	0x15,	0xAC,	0xC,	0x15,	0xAC,	0xC,	0x15,
	0xAC,	0xC,	0x15,	0xAC,	0xC,	0x15,	0xAC,	0xC,
	0x15,	0xAC,	0xC,	0x15,	0xAC,	0xC,	0x15,	0xAC,
	0xC,	0x15,	0xAC,	0xC,	0x15,	0xAC,	0xC,	0x15,
	0xAC,	0xB,	0x15,	0xAC,	0xC,	0x15,	0xAC,	0xC,
	0x15,	0xAC,	0xC,	0x15,	0xAC,	0xC,	0x15,	0xAC,
	0xC,	0x15,	0xAC,	0xC,	0x15,	0xAC,	0xC,	0x15,
	0xAC,	0xB,	0x15,	0xAC,	0xC,	0x15,	0x8B,	0xC,
	0x15,	0x1B,	0xB,	0x15,	's',	0xC,	0x15,	0xAC,
	0xC,	0x15,	0xAC,	0xC,	0x15,	0xA4,	0xC,	0x15,
	0x25,	0xC,	0x15,	0xB,	0xB,	0x15,	0x24,	0x19,
	0x23,	0x2A,	0x1D,	0x27,	0x2A,	0x1D,	0x27,	0x2A,
	0x1D,	0x27,	0x2C,	0x1E,	0x28,	0x2C,	0x1E,	0x28,
	0x2A,	0x1D,	0x27,	0x2C,	0x1E,	0x28,	0x3D,	'v',
	0xE0,	'B',	0x7E,	0xEC,	'F',	0x86,	0xF2,	'K',
	0x8E,	0xF7,	'M',	0x92,	0xFA,	'L',	0x90,	0xFA,
	'L',	0x8E,	0xF9,	0x21,	'F',	0xA6,	0x16,	0x27,
	0x60,	'I',	0x27,	0x5F,	0x9B,	0x27,	0x5F,	0xAC,
	0x27,	0x5F,	0xAC,	0x27,	0x5F,	0xAB,	0x27,	0x5F,
	0xAC,	0x27,	0x5F,	0xAC,	0x27,	0x5F,	0xAC,	0x27,
	0x5F,	0xAC,	0x27,	0x5F,	0xAC,	0x27,	0x5F,	0xAC,
	0x27,	0x5F,	0xAC,	0x27,	0x5F,	0xAB,	0x27,	0x5F,
	0xAC,	0x24,	0x5F,	0xAC,	0x24,	0x5F,	0xAC,	0x21,
	0x5F,	0xAC,	0x21,	0x5F,	0xAC,	0x1F,	'U',	0xAC,
	0x1F,	'U',	0xAC,	0x1F,	'U',	0xAC,	0x1F,	'U',
	0xAC,	0x1F,	'K',	0xAC,	0x1F,	'K',	0xAC,	0x1F,
	'K',	0xAC,	0x1F,	'K',	0xAC,	0x1A,	'K',	0xAC,
	0x1C,	'C',	0xAB,	0x1C,	'D',	0xAC,	0x1C,	'D',
	0xAC,	0x1A,	'K',	0xAC,	0x18,	'D',	0xAC,	0x18,
	'C',	0xAC,	0x16,	0x3D,	0xAC,	0x16,	0x3D,	0xAC,
	0x16,	0x3D,	0xAC,	0x16,	0x36,	0xAC,	0x16,	0x36,
	0xAC,	0x13,	0x36,	0xAC,	0x13,	0x36,	0xAC,	0x13,
	0x36,	0xAC,	0x12,	0x30,	0xAC,	0x13,	0x30,	0xAC,
	0x13,	0x2A,	0xAC,	0x12,	0x2A,	0xAC,	0x13,	0x24,
	0xAB,	0x10,	0x25,	0xAC,	0x10,	0x24,	0xAC,	0x10,
	0x24,	0xAC,	0xE,	0x25,	0xAB,	0xE,	0x20,	0xAC,
	0xE,	0x20,	0xAC,	0xE,	0x20,	0xAC,	0xE,	0x1C,
	0xAC,	0xC,	0x1C,	0xAC,	0xC,	0x1C,	0xAC,	0xD,
	0x1C,	0xAC,	0xD,	0x1C,	0xAC,	0xD,	0x18,	0xAC,
	0xC,	0x18,	0xAC,	0xD,	0x18,	0xAC,	0xC,	0x15,
	0xAC,	0xC,	0x18,	0xAC,	0xC,	0x15,	0xAC,	0xC,
	0x15,	0xAC,	0xC,	0x15,	0xAC,	0xC,	0x15,	0xAC,
	0xC,	0x15,	0xAC,	0xC,	0x15,	0xAC,	0xC,	0x15,
	0xAC,	0xC,	0x15,	0xAC,	0xC,	0x15,	0xAC,	0xC,
	0x15,	0xAC,	0xC,	0x15,	0xAC,	0xC,	0x15,	0xAC,
	0xC,	0x15,	0xAB,	0xC,	0x15,	0xAC,	0xC,	0x15,
	0xAC,	0xC,	0x15,	0xAC,	0xC,	0x15,	0xAC,	0xC,
	0x15,	0xAC,	0xC,	0x15,	0xAC,	0xB,	0x15,	0xAC,
	0xC,	0x15,	0xAC,	0xC,	0x15,	0xAC,	0xC,	0x15,
	0xAC,	0xC,	0x15,	0xAC,	0xC,	0x15,	0xAC,	0xC,
	0x15,	0xAC,	0xC,	0x15,	0xAC,	0xC,	0x15,	0xAC,
	0xC,	0x15,	0xAC,	0xC,	0x15,	0xAC,	0xC,	0x15,
	0xAC,	0xC,	0x15,	0xAC,	0xC,	0x15,	0xAB,	0xC,
	0x15,	0xAC,	0xC,	0x15,	0xAC,	0xC,	0x15,	0xAC,
	0xC,	0x15,	0xAB,	0xC,	0x15,	0xAC,	0xC,	0x15,
	0xAC,	0xC,	0x15,	0xAC,	0xC,	0x15,	0x7F,	0xC,
	0x15,	'q',	0xC,	0x15,	0xAC,	0xC,	0x15,	0xAC,
	0xC,	0x15,	0xAB,	0xC,	0x15,	0xAC,	0xC,	0x15,
	0x9C,	0xC,	0x15,	0x25,	0xC,	0x15,	0xD,	0xD,
	0x15,	0x27,	0x1A,	0x24,	0x2E,	0x1F,	0x29,	0x2E,
	0x1F,	0x29,	0x2C,	0x1E,	0x28,	0x2C,	0x1E,	0x28,
	0x2B,	0x1E,	0x28,	0x2A,	0x1D,	0x27,	0x37,	'k',
	0xC9,	0x3D,	'v',	0xE0,	'C',	0x7F,	0xED,	'J',
	0x8C,	0xF7,	'L',	0x90,	0xFA,	0x30,	0x5F,	0xD3,
	0xE,	0x2A,	'e',	0x2E,	0x27,	0x5F,	0x7F,	0x27,
	0x5F,	0xAB,	0x27,	0x5F,	0xAB,	0x27,	0x5F,	0xAC,
	0x27,	0x5F,	0xAB,	0x27,	0x5F,	0xAC,	0x27,	0x5F,
	0xAB,	0x27,	0x5F,	0xAC,	0x27,	0x5F,	0xAC,	0x27,
	0x5F,	0xAB,	0x27,	0x5F,	0xAC,	0x27,	0x5F,	0xAB,
	0x27,	0x5F,	0xAC,	0x27,	0x5F,	0xAC,	0x27,	0x5F,
	0xAB,	0x24,	0x5F,	0xAC,	0x24,	0x5F,	0xAB,	0x21,
	0x5F,	0xAC,	0x22,	0x5F,	0xAC,	0x1F,	'U',	0xAB,
	0x1F,	'U',	0xAB,	0x1F,	'U',	0xAC,	0x1F,	'U',
	0xAB,	0x1F,	'K',	0xAC,	0x1F,	'K',	0xAB,	0x1F,
	'K',	0xAC,	0x1F,	'K',	0xAC,	0x1A,	'K',	0xAB,
	0x1C,	'C',	0xAB,	0x1C,	'D',	0xAC,	0x1C,	'D',
	0xAB,	0x1B,	'K',	0xAC,	0x18,	'D',	0xAC,	0x18,
	'D',	0xAB,	0x16,	0x3D,	0xAB,	0x16,	0x3D,	0xAC,
	0x16,	0x3D,	0xAC,	0x16,	0x36,	0xAB,	0x16,	0x36,
	0xAB,	0x13,	0x36,	0xAB,	0x13,	0x36,	0xAC,	0x13,
	0x36,	0xAC,	0x12,	0x30,	0xAC,	0x13,	0x30,	0xAB,
	0x13,	0x2A,	0xAC,	0x13,	0x2A,	0xAC,	0x13,	0x25,
	0xAB,	0x10,	0x25,	0xAB,	0x10,	0x25,	0xAB,	0x10,
	0x25,	0xAB,	0xE,	0x24,	0xAC,	0xE,	0x20,	0xAB,
	0xE,	0x20,	0xAB,	0xE,	0x20,	0xAB,	0xE,	0x1C,
	0xAB,	0xD,	0x1C,	0xAB,	0xD,	0x1C,	0xAB,	0xD,
	0x1C,	0xAB,	0xD,	0x1C,	0xAB,	0xD,	0x18,	0xAB,
	0xD,	0x18,	0xAC,	0xD,	0x18,	0xAC,	0xC,	0x15,
	0xAC,	0xC,	0x18,	0xAC,	0xC,	0x15,	0xAB,	0xC,
	0x15,	0xAB,	0xC,	0x15,	0xAC,	0xC,	0x15,	0xAB,
	0xC,	0x15,	0xAC,	0xC,	0x15,	0xAB,	0xC,	0x15,
	0xAB,	0xC,	0x15,	0xAC,	0xC,	0x15,	0xAB,	0xC,
	0x15,	0xAB,	0xC,	0x15,	0xAC,	0xC,	0x15,	0xAC,
	0xC,	0x15,	0xAC,	0xC,	0x15,	0xAB,	0xC,	0x15,
	0xAC,	0xC,	0x15,	0xAB,	0xC,	0x15,	0xAC,	0xC,
	0x15,	0xAC,	0xC,	0x15,	0xAC,	0xC,	0x15,	0xAB,
	0xC,	0x15,	0xAC,	0xC,	0x15,	0xAC,	0xC,	0x15,
	0xAC,	0xC,	0x15,	0xAB,	0xC,	0x15,	0xAB,	0xC,
	0x15,	0xAC,	0xC,	0x15,	0xAC,	0xC,	0x15,	0xAB,
	0xC,	0x15,	0xAB,	0xC,	0x15,	0xAB,	0xC,	0x15,
	0xAB,	0xC,	0x15,	0xAC,	0xC,	0x15,	0xAC,	0xC,
	0x15,	0xAB,	0xC,	0x15,	0xAC,	0xC,	0x15,	0xAB,
	0xC,	0x15,	0xAC,	0xC,	0x15,	0xAC,	0xC,	0x15,
	0xAC,	0xC,	0x15,	0xAB,	0xC,	0x15,	0xAC,	0xC,
	0x15,	0xAC,	0xC,	0x15,	0xAC,	0xC,	0x15,	0xAC,
	0xC,	0x15,	0xAB,	0xC,	0x15,	0xAC,	0xC,	0x15,
	0xAC,	0xC,	0x15,	0xA8,	0xC,	0x15,	'P',	0xC,
	0x15,	0x17,	0xC,	0x15,	0x14,	0x10,	0x1A,	0x29,
	0x1C,	0x26,	0x2C,	0x1E,	0x28,	0x2C,	0x1E,	0x28,
	0x2B,	0x1E,	0x28,	0x2C,	0x1E,	0x28,	0x39,	's',
	0xD5,	0x3F,	0x7B,	0xEA,	0x40,	0x7C,	0xEB,	0x35,
	'k',	0xD9,	0xF,	0x2D,	'i',	0xF,	0x27,	0x5F,
	'K',	0x27,	0x5F,	0xA3,	0x27,	0x5F,	0xAB,	0x27,
	0x5F,	0xAB,	0x27,	0x5F,	0xAC,	0x27,	0x5F,	0xAB,
	0x27,	0x5F,	0xAB,	0x27,	0x5F,	0xAB,	0x27,	0x5F,
	0xAB,	0x27,	0x5F,	0xAB,	0x27,	0x5F,	0xAB,	0x27,
	0x5F,	0xAB,	0x27,	0x5F,	0xAB,	0x27,	0x5F,	0xAB,
	0x27,	0x5F,	0xAB,	0x27,	0x5F,	0xAB,	0x25,	0x5F,
	0xAB,	0x24,	0x5F,	0xAC,	0x22,	0x5F,	0xAB,	0x22,
	0x5F,	0xAB,	0x22,	0x5F,	0xAB,	0x1F,	'U',	0xAB,
	0x1F,	'U',	0xAB,	0x1F,	'U',	0xAB,	0x1F,	'U',
	0xAB,	0x1F,	'K',	0xAC,	0x1F,	'K',	0xAB,	0x1F,
	'K',	0xAB,	0x1F,	'K',	0xAB,	0x1B,	'K',	0xAB,
	0x1D,	'D',	0xAB,	0x1D,	'C',	0xAB,	0x1D,	'D',
	0xAB,	0x1B,	'K',	0xAB,	0x18,	'D',	0xAB,	0x18,
	'D',	0xAB,	0x16,	0x3D,	0xAB,	0x16,	0x3D,	0xAB,
	0x16,	0x3D,	0xAB,	0x16,	0x36,	0xAB,	0x16,	0x36,
	0xAB,	0x13,	0x36,	0xAB,	0x13,	0x36,	0xAB,	0x13,
	0x36,	0xAC,	0x13,	0x30,	0xAB,	0x13,	0x30,	0xAB,
	0x13,	0x2A,	0xAB,	0x13,	0x2A,	0xAB,	0x13,	0x24,
	0xAB,	0x10,	0x25,	0xAB,	0x10,	0x25,	0xAB,	0x10,
	0x25,	0xAB,	0xF,	0x24,	0xAB,	0xF,	0x20,	0xAB,
	0xE,	0x20,	0xAB,	0xE,	0x20,	0xAB,	0xF,	0x1C,
	0xAB,	0xD,	0x1C,	0xAB,	0xD,	0x1C,	0xAC,	0xD,
	0x1C,	0xAB,	0xD,	0x1C,	0xAC,	0xD,	0x18,	0xAB,
	0xD,	0x18,	0xAB,	0xD,	0x18,	0xAB,	0xC,	0x15,
	0xAC,	0xC,	0x18,	0xAB,	0xC,	0x15,	0xAB,	0xC,
	0x15,	0xAC,	0xC,	0x15,	0xAC,	0xC,	0x15,	0xAB,
	0xC,	0x15,	0xAB,	0xC,	0x15,	0xAC,	0xC,	0x15,
	0xAC,	0xC,	0x15,	0xAC,	0xC,	0x15,	0xAB,	0xC,
	0x15,	0xAB,	0xC,	0x15,	0xAB,	0xC,	0x15,	0xAC,
	0xC,	0x15,	0xAB,	0xC,	0x15,	0xAC,	0xC,	0x15,
	0xAB,	0xC,	0x15,	0xAC,	0xC,	0x15,	0xAB,	0xC,
	0x15,	0xAB,	0xC,	0x15,	0xAB,	0xC,	0x15,	0xAC,
	0xC,	0x15,	0xAB,	0xC,	0x15,	0xAB,	0xC,	0x15,
	0xAB,	0xC,	0x15,	0xAC,	0xC,	0x15,	0xAC,	0xC,
	0x15,	0xAB,	0xC,	0x15,	0xAC,	0xC,	0x15,	0xAB,
	0xC,	0x15,	0xAB,	0xC,	0x15,	0xAC,	0xC,	0x15,
	0xAB,	0xC,	0x15,	0xAB,	0xC,	0x15,	0xAB,	0xC,
	0x15,	0xAB,	0xC,	0x15,	0xAB,	0xC,	0x15,	0xAC,
	0xC,	0x15,	0xAB,	0xC,	0x15,	0xAC,	0xC,	0x15,
	0xAB,	0xC,	0x15,	0xAC,	0xC,	0x15,	0xAB,	0xC,
	0x15,	0xAB,	0xC,	0x15,	0xAB,	0xC,	0x15,	0xAB,
	0xC,	0x15,	0xAB,	0xC,	0x15,	0xAC,	0xC,	0x15,
	0xAB,	0xC,	0x15,	0xAB,	0xC,	0x15,	0xAB,	0xC,
	0x15,	0x96,	0xC,	0x15,	0x22,	0xC,	0x15,	0xA,
	0xC,	0x15,	0x24,	0x19,	0x23,	0x2A,	0x1D,	0x27,
	0x2A,	0x1D,	0x27,	0x2A,	0x1D,	0x27,	0x2C,	'Y',
	0xB6,	0x2C,	0x5E,	0xB6,	0x15,	0x37,	'y',	0x12,
	0x29,	'a',	0x24,	0x27,	0x5F,	'x',	0x27,	0x5F,
	0xAB,	0x27,	0x5F,	0xAB,	0x27,	0x5F,	0xAB,	0x27,
	0x5F,	0xAB,	0x27,	0x5F,	0xAB,	0x27,	0x5F,	0xAB,
	0x27,	0x5F,	0xAB,	0x27,	0x5F,	0xAB,	0x27,	0x5F,
	0xAB,	0x27,	0x5F,	0xAB,	0x27,	0x5F,	0xAB,	0x27,
	0x5F,	0xAB,	0x27,	0x5F,	0xAB,	0x27,	0x5F,	0xAB,
	0x27,	0x5F,	0xAB,	0x25,	0x5F,	0xAB,	0x25,	0x5F,
	0xAB,	0x25,	0x5F,	0xAB,	0x22,	0x5F,	0xAB,	0x22,
	0x5F,	0xAB,	0x22,	0x5F,	0xAB,	0x1F,	'U',	0xAB,
	0x1F,	'U',	0xAB,	0x1F,	'U',	0xAB,	0x1F,	'U',
	0xAB,	0x1F,	'K',	0xAB,	0x1F,	'L',	0xAB,	0x1F,
	'K',	0xAB,	0x1D,	'K',	0xAB,	0x1B,	'K',	0xAB,
	0x1D,	'D',	0xAB,	0x1D,	'C',	0xAB,	0x1D,	'D',
	0xAB,	0x18,	'D',	0xAB,	0x18,	'D',	0xAB,	0x18,
	'D',	0xAB,	0x16,	0x3D,	0xAB,	0x16,	0x3D,	0xAB,
	0x16,	0x3D,	0xAB,	0x17,	0x36,	0xAB,	0x16,	0x36,
	0xAB,	0x14,	0x36,	0xAB,	0x14,	0x36,	0xAB,	0x14,
	0x36,	0xAB,	0x13,	0x30,	0xAB,	0x13,	0x30,	0xAB,
	0x13,	0x2A,	0xAB,	0x13,	0x2A,	0xAB,	0x13,	0x25,
	0xAB,	0x10,	0x24,	0xAB,	0x10,	0x25,	0xAB,	0x10,
	0x25,	0xAB,	0xF,	0x25,	0xAB,	0xF,	0x20,	0xAB,
	0xE,	0x20,	0xAB,	0xF,	0x20,	0xAB,	0xF,	0x1C,
	0xAB,	0xD,	0x1C,	0xAB,	0xD,	0x1C,	0xAB,	0xD,
	0x1D,	0xAB,	0xD,	0x1C,	0xAB,	0xD,	0x18,	0xAB,
	0xD,	0x18,	0xAB,	0xD,	0x18,	0xAB,	0xC,	0x15,
	0xAB,	0xC,	0x18,	0xAB,	0xC,	0x15,	0xAB,	0xC,
	0x15,	0xAB,	0xC,	0x15,	0xAB,	0xC,	0x15,	0xAB,
	0xC,	0x15,	0xAB,	0xC,	0x15,	0xAB,	0xC,	0x15,
	0xAB,	0xC,	0x15,	0xAB,	0xC,	0x15,	0xAB,	0xC,
	0x15,	0xAB,	0xC,	0x15,	0xAB,	0xC,	0x15,	0xAB,
	0xC,	0x15,	0xAB,	0xC,	0x15,	0xAB,	0xC,	0x15,
	0xAB,	0xC,	0x15,	0xAB,	0xC,	0x15,	0xAB,	0xC,
	0x15,	0xAB,	0xC,	0x15,	0xAB,	0xC,	0x15,	0xAB,
	0xC,	0x15,	0xAB,	0xC,	0x15,	0xAB,	0xC,	0x15,
	0xAB,	0xC,	0x15,	0xAB,	0xC,	0x15,	0xAB,	0xC,
	0x15,	0xAB,	0xC,	0x15,	0xAB,	0xC,	0x15,	0xAB,
	0xC,	0x15,	0xAB,	0xC,	0x15,	0xAB,	0xC,	0x15,
	0xAB,	0xC,	0x15,	0xAB,	0xC,	0x15,	0xAB,	0xC,
	0x15,	0xAB,	0xC,	0x15,	0xAB,	0xC,	0x15,	0xAB,
	0xC,	0x15,	0xAB,	0xC,	0x15,	0xAB,	0xC,	0x15,
	0xAB,	0xC,	0x15,	0xAB,	0xC,	0x15,	0xAB,	0xC,
	0x15,	0xAB,	0xC,	0x15,	0xAB,	0xC,	0x15,	0xAB,
	0xC,	0x15,	0xAB,	0xC,	0x15,	0xAB,	0xC,	0x15,
	0xAB,	0xC,	0x15,	0xAB,	0xC,	0x15,	0xAB,	0xC,
	0x15,	0xAB,	0xC,	0x15,	0x91,	0xC,	0x15,	0x23,
	0xC,	0x15,	0x10,	0xC,	0x15,	0x13,	0x10,	0x1A,
	0x27,	0x1C,	0x26,	0x2A,	0x1D,	0x28,	0x23,	'L',
	0xA5,	0x19,	0x3D,	0x88,	0xA,	0x27,	0x5F,	0xE,
	0x27,	0x5F,	0x3E,	0x27,	0x5F,	0x7E,	0x27,	0x5F,
	0x9C,	0x27,	0x5F,	0xAB,	0x27,	0x5F,	0xAB,	0x27,
	0x5F,	0xAB,	0x27,	0x5F,	0xAB,	0x27,	0x5F,	0xAB,
	0x27,	0x5F,	0xAB,	0x27,	0x5F,	0xAB,	0x27,	0x5F,
	0xAB,	0x27,	0x5F,	0xAB,	0x27,	0x5F,	0xAB,	0x27,
	0x5F,	0xAB,	0x27,	0x5F,	0xAB,	0x27,	0x5F,	0xAB,
	0x27,	0x5F,	0xAB,	0x25,	0x5F,	0xAB,	0x25,	0x5F,
	0xAB,	0x25,	0x5F,	0xAB,	0x22,	0x5F,	0xAB,	0x22,
	0x5F,	0xAB,	0x22,	0x5F,	0xAB,	0x1F,	'U',	0xAB,
	0x1F,	'U',	0xAB,	0x1F,	'U',	0xAB,	0x1F,	'U',
	0xAB,	0x1F,	'K',	0xAB,	0x1F,	'K',	0xAB,	0x1F,
	'L',	0xAB,	0x1D,	'K',	0xAB,	0x1B,	'K',	0xAB,
	0x1D,	'C',	0xAB,	0x1D,	'C',	0xAB,	0x1D,	'D',
	0xAB,	0x18,	'D',	0xAB,	0x18,	'D',	0xAB,	0x18,
	'D',	0xAB,	0x1B,	0x3D,	0xAB,	0x17,	0x3D,	0xAB,
	0x16,	0x3D,	0xAA,	0x17,	0x36,	0xAB,	0x16,	0x37,
	0xAB,	0x14,	0x36,	0xAB,	0x14,	0x36,	0xAB,	0x14,
	0x36,	0xAB,	0x13,	0x30,	0xAB,	0x13,	0x30,	0xAA,
	0x13,	0x30,	0xAB,	0x10,	0x2A,	0xAB,	0x10,	0x2A,
	0xAB,	0xF,	0x25,	0xAB,	0xF,	0x24,	0xAB,	0xF,
	0x25,	0xAB,	0xF,	0x20,	0xAB,	0xF,	0x20,	0xAB,
	0xF,	0x20,	0xAB,	0xF,	0x20,	0xAB,	0xF,	0x1C,
	0xAB,	0xD,	0x1C,	0xAB,	0xD,	0x1C,	0xAB,	0xD,
	0x1D,	0xAB,	0xD,	0x1C,	0xAB,	0xD,	0x18,	0xAB,
	0xD,	0x18,	0xAB,	0xD,	0x18,	0xAB,	0xC,	0x15,
	0xAB,	0xC,	0x18,	0xAB,	0xC,	0x15,	0xAB,	0xC,
	0x15,	0xAB,	0xC,	0x15,	0xAB,	0xC,	0x15,	0xAA,
	0xC,	0x15,	0xAA,	0xC,	0x15,	0xAB,	0xC,	0x15,
	0xAB,	0xC,	0x15,	0xAB,	0xC,	0x15,	0xAB,	0xC,
	0x15,	0xAB,	0xC,	0x15,	0xAB,	0xC,	0x15,	0xAB,
	0xC,	0x15,	0xAA,	0xC,	0x15,	0xAB,	0xC,	0x15,
	0xAB,	0xC,	0x15,	0xAB,	0xC,	0x15,	0xAB,	0xC,
	0x15,	0xAB,	0xC,	0x15,	0xAB,	0xC,	0x15,	0xAB,
	0xC,	0x15,	0xAB,	0xC,	0x15,	0xAA,	0xC,	0x15,
	0xAB,	0xC,	0x15,	0xAB,	0xC,	0x15,	0xAB,	0xC,
	0x15,	0xAB,	0xC,	0x15,	0xAB,	0xC,	0x15,	0xAB,
	0xC,	0x15,	0xAB,	0xC,	0x15,	0xAB,	0xC,	0x15,
	0xAB,	0xC,	0x15,	0xAA,	0xC,	0x15,	0xAB,	0xC,
	0x15,	0xAB,	0xC,	0x15,	0xAB,	0xC,	0x15,	0xAB,
	0xC,	0x15,	0xAB,	0xC,	0x15,	0xAB,	0xC,	0x15,
	0xAB,	0xC,	0x15,	0xAB,	0xC,	0x15,	0xAB,	0xC,
	0x15,	0xAB,	0xC,	0x15,	0xAB,	0xC,	0x15,	0xAB,
	0xC,	0x15,	0xAB,	0xC,	0x15,	0xAB,	0xC,	0x15,
	0xAB,	0xC,	0x15,	0xAB,	0xC,	0x15,	0xAB,	0xC,
	0x15,	0xAA,	0xC,	0x15,	0xAB,	0xC,	0x15,	0xA6,
	0xC,	0x15,	'u',	0xC,	0x15,	0x30,	0xC,	0x15,
	0x13,	0xC,	0x15,	0x13,	0x10,	0x1A,	0x20,	'F',
	0x9D,	0x21,	'I',	0xA1,	0x24,	'J',	0xA2,	0x25,
	'Q',	0xA5,	0x17,	0x39,	0x7D,	0x12,	0x2B,	'd',
	0x14,	0x27,	0x5F,	'Q',	0x27,	0x5F,	0xAA,	0x27,
	0x5F,	0xAB,	0x27,	0x5F,	0xAB,	0x27,	0x5F,	0xAB,
	0x27,	0x5F,	0xAB,	0x27,	0x5F,	0xAB,	0x28,	0x5F,
	0xAB,	0x27,	0x5F,	0xAB,	0x27,	0x5F,	0xAB,	0x27,
	0x5F,	0xAA,	0x27,	0x5F,	0xAB,	0x27,	0x5F,	0xAB,
	0x28,	0x5F,	0xAA,	0x25,	0x5F,	0xAA,	0x25,	0x5F,
	0xAB,	0x25,	0x5F,	0xAB,	0x22,	0x5F,	0xAB,	0x22,
	0x5F,	0xAB,	0x22,	0x5F,	0xAA,	0x20,	'U',	0xAB,
	0x1F,	'U',	0xAB,	0x1F,	'U',	0xAB,	0x1F,	'U',
	0xAA,	0x20,	'K',	0xAA,	0x1F,	'L',	0xAA,	0x1D,
	'K',	0xAB,	0x1D,	'K',	0xAB,	0x1B,	'K',	0xAA,
	0x1D,	'C',	0xAB,	0x1D,	'D',	0xAB,	0x1D,	'D',
	0xAA,	0x18,	'D',	0xAA,	0x18,	'D',	0xAA,	0x18,
	'D',	0xAB,	0x1B,	0x3D,	0xAB,	0x17,	0x3D,	0xAA,
	0x17,	0x3D,	0xAB,	0x17,	0x36,	0xAA,	0x17,	0x37,
	0xAB,	0x14,	0x36,	0xAB,	0x14,	0x36,	0xAB,	0x14,
	0x36,	0xAB,	0x13,	0x30,	0xAB,	0x13,	0x30,	0xAA,
	0x13,	0x30,	0xAA,	0x10,	0x2A,	0xAB,	0x10,	0x2A,
	0xAB,	0xF,	0x25,	0xAB,	0xF,	0x25,	0xAB,	0xF,
	0x25,	0xAA,	0xF,	0x20,	0xAB,	0xF,	0x20,	0xAB,
	0xF,	0x20,	0xAB,	0xF,	0x20,	0xAA,	0xF,	0x1C,
	0xAB,	0xD,	0x1C,	0xAA,	0xD,	0x1C,	0xAA,	0xD,
	0x1C,	0xAB,	0xD,	0x1D,	0xAA,	0xD,	0x18,	0xAB,
	0xD,	0x18,	0xAB,	0xD,	0x18,	0xAA,	0xC,	0x15,
	0xAB,	0xC,	0x18,	0xAB,	0xC,	0x15,	0xAA,	0xC,
	0x15,	0xAB,	0xC,	0x15,	0xAB,	0xC,	0x15,	0xAB,
	0xC,	0x15,	0xAB,	0xC,	0x15,	0xAB,	0xC,	0x15,
	0xAB,	0xC,	0x15,	0xAA,	0xC,	0x15,	0xAB,	0xC,
	0x15,	0xAB,	0xC,	0x15,	0xAA,	0xC,	0x15,	0xAA,
	0xC,	0x15,	0xAA,	0xC,	0x15,	0xAB,	0xC,	0x15,
	0xAA,	0xC,	0x15,	0xAA,	0xC,	0x15,	0xAB,	0xC,
	0x15,	0xAA,	0xC,	0x15,	0xAB,	0xC,	0x15,	0xAB,
	0xC,	0x15,	0xAA,	0xC,	0x15,	0xAA,	0xC,	0x15,
	0xAB,	0xC,	0x15,	0xAA,	0xC,	0x15,	0xAA,	0xC,
	0x15,	0xAB,	0xC,	0x15,	0xAA,	0xC,	0x15,	0xAA,
	0xC,	0x15,	0xAA,	0xC,	0x15,	0xAB,	0xC,	0x15,
	0xAA,	0xC,	0x15,	0xAB,	0xC,	0x15,	0xAB,	0xC,
	0x15,	0xAA,	0xC,	0x15,	0xAB,	0xC,	0x15,	0xAA,
	0xC,	0x15,	0xAB,	0xC,	0x15,	0xAA,	0xC,	0x15,
	0xAB,	0xC,	0x15,	0xAB,	0xC,	0x15,	0xAA,	0xC,
	0x15,	0xAB,	0xC,	0x15,	0xAB,	0xC,	0x15,	0xAA,
	0xC,	0x15,	0xAB,	0xC,	0x15,	0xAB,	0xC,	0x15,
	0xAB,	0xC,	0x15,	0xAB,	0xC,	0x15,	0xAA,	0xC,
	0x15,	0xAB,	0xC,	0x15,	0xAA,	0xC,	0x15,	0xAA,
	0xC,	0x15,	0xA3,	0xC,	0x15,	'R',	0xC,	0x15,
	0x12,	0xC,	0x15,	0xA,	0xC,	0x15,	0x27,	'I',
	0xA0,	0x28,	'M',	0xA5,	0x28,	'O',	0xA8,	0x27,
	'N',	0xA7,	0x28,	'V',	0xAC,	0x28,	'Y',	0xB0,
	0x14,	0x37,	'x',	0x11,	0x28,	0x5F,	'O',	0x28,
	0x5F,	0xAA,	0x28,	0x5F,	0xAB,	0x27,	0x5F,	0xAB,
	0x27,	0x5F,	0xAA,	0x28,	0x5F,	0xAA,	0x28,	0x5F,
	0xAA,	0x28,	0x5F,	0xAA,	0x27,	0x5F,	0xAA,	0x28,
	0x5F,	0xAA,	0x28,	0x5F,	0xAA,	0x28,	0x5F,	0xAA,
	0x25,	0x5F,	0xAA,	0x25,	0x5F,	0xAA,	0x25,	0x5F,
	0xAB,	0x25,	0x5F,	0xAA,	0x22,	0x5F,	0xAA,	0x22,
	0x5F,	0xAA,	0x22,	0x5F,	0xAB,	0x1F,	'U',	0xAA,
	0x20,	'U',	0xAA,	0x1F,	'U',	0xAA,	0x20,	'U',
	0xAB,	0x20,	'K',	0xAA,	0x20,	'K',	0xAA,	0x1D,
	'K',	0xAA,	0x1D,	'K',	0xAB,	0x1B,	'K',	0xAB,
	0x1D,	'D',	0xAB,	0x1D,	'D',	0xAB,	0x1D,	'D',
	0xAA,	0x18,	'D',	0xAA,	0x18,	'D',	0xAA,	0x18,
	'D',	0xAA,	0x1B,	0x3D,	0xAA,	0x17,	0x3D,	0xAB,
	0x17,	0x3D,	0xAA,	0x17,	0x36,	0xAA,	0x17,	0x36,
	0xAA,	0x14,	0x36,	0xAA,	0x14,	0x36,	0xAA,	0x13,
	0x30,	0xAB,	0x13,	0x30,	0xAB,	0x13,	0x30,	0xAA,
	0x11,	0x2A,	0xAA,	0x10,	0x2A,	0xAA,	0x11,	0x2A,
	0xAB,	0xF,	0x25,	0xAB,	0xF,	0x25,	0xAA,	0xF,
	0x20,	0xAA,	0xF,	0x20,	0xAA,	0xF,	0x20,	0xAA,
	0xF,	0x20,	0xAA,	0xF,	0x20,	0xAA,	0xF,	0x1C,
	0xAB,	0xD,	0x1C,	0xAA,	0xD,	0x1D,	0xAA,	0xD,
	0x1C,	0xAA,	0xD,	0x1C,	0xAA,	0xD,	0x18,	0xAA,
	0xD,	0x18,	0xAA,	0xD,	0x18,	0xAA,	0xC,	0x15,
	0xAA,	0xC,	0x18,	0xAA,	0xC,	0x15,	0xAA,	0xC,
	0x15,	0xAA,	0xC,	0x15,	0xAA,	0xC,	0x15,	0xAB,
	0xC,	0x15,	0xAA,	0xC,	0x15,	0xAA,	0xC,	0x15,
	0xAA,	0xC,	0x15,	0xAA,	0xC,	0x15,	0xAA,	0xC,
	0x15,	0xAA,	0xC,	0x15,	0xAA,	0xC,	0x15,	0xAB,
	0xC,	0x15,	0xAA,	0xC,	0x15,	0xAB,	0xC,	0x15,
	0xAA,	0xC,	0x15,	0xAA,	0xC,	0x15,	0xAA,	0xC,
	0x15,	0xAB,	0xC,	0x15,	0xAB,	0xC,	0x15,	0xAA,
	0xC,	0x15,	0xAA,	0xC,	0x15,	0xAA,	0xC,	0x15,
	0xAB,	0xC,	0x15,	0xAB,	0xC,	0x15,	0xAA,	0xC,
	0x15,	0xAB,	0xC,	0x15,	0xAA,	0xC,	0x15,	0xAA,
	0xC,	0x15,	0xAA,	0xC,	0x15,	0xAA,	0xC,	0x15,
	0xAA,	0xC,	0x15,	0xAA,	0xC,	0x15,	0xAB,	0xC,
	0x15,	0xAA,	0xC,	0x15,	0xAA,	0xC,	0x15,	0xAA,
	0xC,	0x15,	0xAA,	0xC,	0x15,	0xAB,	0xC,	0x15,
	0xAA,	0xC,	0x15,	0xAA,	0xC,	0x15,	0xAA,	0xC,
	0x15,	0xAA,	0xC,	0x15,	0xAA,	0xC,	0x15,	0xAB,
	0xC,	0x15,	0xAA,	0xC,	0x15,	0xAA,	0xC,	0x15,
	0xAA,	0xC,	0x15,	0xAA,	0xC,	0x15,	0xAA,	0xC,
	0x15,	0xAA,	0xC,	0x15,	0x96,	0xC,	0x15,	'T',
	0xC,	0x15,	0x29,	0xC,	0x15,	0xA,	0xC,	0x15,
	0xF,	0xE,	0x17,	0x12,	0x10,	0x19,	0x23,	'F',
	0x9D,	0x24,	'I',	0xA0,	0x24,	'I',	0xA0,	0x24,
	'H',	0x9E,	0x24,	'I',	0xA0,	0x25,	'O',	0xA3,
	0x25,	'P',	0xA3,	0x18,	0x3B,	0x7E,	0xB,	0x29,
	'a',	'R',	0x28,	0x5F,	0xAA,	0x28,	0x5F,	0xAA,
	0x28,	0x5F,	0xA8,	0x28,	0x5F,	'I',	0x28,	0x5F,
	0x8F,	0x28,	0x5F,	0xAA,	0x28,	0x5F,	0xAA,	0x28,
	0x5F,	0xAA,	0x28,	0x5F,	0xAA,	0x28,	0x5F,	0xAA,
	0x25,	0x5F,	0xAA,	0x25,	0x5F,	0xAA,	0x25,	0x5F,
	0xAA,	0x25,	0x5F,	0xAA,	0x22,	0x5F,	0xAA,	0x22,
	0x5F,	0xAA,	0x22,	0x5F,	0xAA,	0x20,	'U',	0xAA,
	0x20,	'U',	0xAA,	0x20,	'U',	0xAA,	0x20,	'U',
	0xAA,	0x20,	'K',	0xAA,	0x20,	'K',	0xAA,	0x1D,
	'K',	0xAA,	0x1D,	'L',	0xAA,	0x1B,	'K',	0xAA,
	0x1D,	'D',	0xAA,	0x1D,	'D',	0xAA,	0x1D,	'D',
	0xAA,	0x19,	'D',	0xAA,	0x19,	'D',	0xAA,	0x19,
	'D',	0xAA,	0x1B,	0x3D,	0xAA,	0x17,	0x3D,	0xAA,
	0x17,	0x3D,	0xAA,	0x17,	0x37,	0xAA,	0x17,	0x36,
	0xAA,	0x14,	0x36,	0xAA,	0x14,	0x36,	0xAA,	0x13,
	0x30,	0xAA,	0x13,	0x30,	0xAA,	0x13,	0x30,	0xAA,
	0x11,	0x2A,	0xAA,	0x11,	0x2A,	0xAA,	0x11,	0x2A,
	0xAA,	0xF,	0x25,	0xAA,	0xF,	0x25,	0xAA,	0xF,
	0x20,	0xAA,	0xF,	0x20,	0xAA,	0xF,	0x20,	0xAA,
	0xF,	0x20,	0xAA,	0xF,	0x20,	0xAA,	0xF,	0x1D,
	0xAA,	0xD,	0x1C,	0xAA,	0xD,	0x1C,	0xAA,	0xD,
	0x1C,	0xAA,	0xD,	0x1C,	0xAA,	0xD,	0x18,	0xAB,
	0xD,	0x18,	0xAB,	0xD,	0x18,	0xAA,	0xC,	0x15,
	0xAA,	0xC,	0x18,	0xAA,	0xC,	0x15,	0xAA,	0xC,
	0x15,	0xAA,	0xC,	0x15,	0xAA,	0xC,	0x15,	0xAA,
	0xC,	0x15,	0xAA,	0xC,	0x15,	0xAA,	0xC,	0x15,
	0xAA,	0xC,	0x15,	0xAA,	0xC,	0x15,	0xAA,	0xC,
	0x15,	0xAA,	0xC,	0x15,	0xAA,	0xC,	0x15,	0xAA,
	0xC,	0x15,	0xAA,	0xC,	0x15,	0xAA,	0xC,	0x15,
	0xAA,	0xC,	0x15,	0xAA,	0xC,	0x15,	0xAA,	0xC,
	0x15,	0xAA,	0xC,	0x15,	0xAA,	0xC,	0x15,	0xAA,
	0xC,	0x15,	0xAA,	0xC,	0x15,	0xAA,	0xC,	0x15,
	0xAA,	0xC,	0x15,	0xAA,	0xC,	0x15,	0xAA,	0xC,
	0x15,	0xAA,	0xC,	0x15,	0xAA,	0xC,	0x15,	0xAA,
	0xC,	0x15,	0xAA,	0xC,	0x15,	0xAA,	0xC,	0x15,
	0xAA,	0xC,	0x15,	0xAA,	0xC,	0x15,	0xAA,	0xC,
	0x15,	0xAA,	0xC,	0x15,	0xAA,	0xC,	0x15,	0xAB,
	0xC,	0x15,	0xAA,	0xC,	0x15,	0xAA,	0xC,	0x15,
	0xAA,	0xC,	0x15,	0xAA,	0xC,	0x15,	0xAA,	0xC,
	0x15,	0xAA,	0xC,	0x15,	0xAA,	0xC,	0x15,	0xAA,
	0xC,	0x15,	0xAA,	0xC,	0x15,	0xAA,	0xC,	0x15,
	0xAA,	0xC,	0x15,	0xAA,	0xC,	0x15,	0xAA,	0xC,
	0x15,	0x7B,	0xC,	0x15,	0x21,	0xC,	0x15,	0x11,
	0xF,	0x18,	0x1A,	0x17,	0x1F,	0x22,	0x1B,	0x25,
	0x26,	0x1D,	0x26,	0x26,	0x1C,	0x26,	0x21,	'F',
	0x9B,	0x23,	'F',	0x9D,	0x23,	'E',	0x9A,	0x23,
	'D',	0x98,	0x23,	'F',	0x9B,	0x25,	'H',	0x9E,
	0x25,	'M',	0xA0,	0x27,	'L',	0x9E,	0x21,	'E',
	0x93,	0x12,	0x28,	0x5F,	0x33,	0x28,	0x5F,	'p',
	0x28,	0x5F,	'L',	0x28,	0x5F,	0x2B,	0x28,	0x5F,
	0x97,	0x25,	0x5F,	0xAA,	0x25,	0x5F,	0xAA,	0x25,
	0x5F,	0xAA,	0x25,	0x5F,	0xAA,	0x25,	0x5F,	0xAA,
	0x25,	0x5F,	0xAA,	0x25,	0x5F,	0xAA,	0x22,	'U',
	0xAA,	0x23,	'U',	0xAA,	0x23,	'U',	0xAA,	0x22,
	'U',	0xA9,	0x23,	'U',	0xAA,	0x20,	'U',	0xAA,
	0x20,	'U',	0xA9,	0x20,	'U',	0xAA,	0x20,	'U',
	0xAA,	0x1D,	'K',	0xA9,	0x1D,	'K',	0xAA,	0x1D,
	'L',	0xAA,	0x1D,	'L',	0xAA,	0x1B,	'K',	0xAA,
	0x1B,	'L',	0xAA,	0x1B,	'L',	0xAA,	0x19,	'D',
	0xAA,	0x19,	0x3D,	0xAA,	0x19,	0x3D,	0xAA,	0x19,
	0x3D,	0xAA,	0x19,	0x3D,	0xA9,	0x17,	0x3D,	0xAA,
	0x17,	0x3D,	0xAA,	0x15,	0x36,	0xA9,	0x14,	0x36,
	0xAA,	0x14,	0x36,	0xAA,	0x14,	0x37,	0xAA,	0x14,
	0x30,	0xAA,	0x13,	0x30,	0xAA,	0x13,	0x30,	0xAA,
	0x11,	0x2A,	0xAA,	0x11,	0x2A,	0xAA,	0xF,	0x25,
	0xAA,	0xF,	0x25,	0xAA,	0xF,	0x25,	0xAA,	0xF,
	0x20,	0xAA,	0xF,	0x20,	0xAA,	0xD,	0x20,	0xAA,
	0xD,	0x20,	0xAA,	0xF,	0x1C,	0xAA,	0xF,	0x1C,
	0xAA,	0xF,	0x1C,	0xAA,	0xD,	0x18,	0xAA,	0xD,
	0x18,	0xAA,	0xD,	0x18,	0xAA,	0xD,	0x18,	0xAA,
	0xD,	0x18,	0xAA,	0xD,	0x18,	0xAA,	0xD,	0x15,
	0xAA,	0xC,	0x18,	0xAA,	0xC,	0x15,	0xAA,	0xC,
	0x15,	0xAA,	0xC,	0x15,	0xAA,	0xC,	0x15,	0xAA,
	0xC,	0x15,	0xAA,	0xC,	0x15,	0xAA,	0xC,	0x15,
	0xAA,	0xC,	0x15,	0xAA,	0xC,	0x15,	0xAA,	0xC,
	0x15,	0xAA,	0xD,	0x15,	0xAA,	0xD,	0x15,	0xAA,
	0xC,	0x15,	0xAA,	0xC,	0x15,	0xAA,	0xC,	0x15,
	0xAA,	0xC,	0x15,	0xAA,	0xD,	0x15,	0xA9,	0xD,
	0x15,	0xAA,	0xC,	0x15,	0xAA,	0xD,	0x15,	0xAA,
	0xC,	0x15,	0xAA,	0xC,	0x15,	0xAA,	0xC,	0x15,
	0xAA,	0xC,	0x15,	0xAA,	0xC,	0x15,	0xAA,	0xC,
	0x15,	0xAA,	0xC,	0x15,	0xAA,	0xC,	0x15,	0xAA,
	0xC,	0x15,	0xAA,	0xC,	0x15,	0xAA,	0xC,	0x15,
	0xAA,	0xD,	0x15,	0xAA,	0xC,	0x15,	0xAA,	0xC,
	0x15,	0xAA,	0xC,	0x15,	0xAA,	0xD,	0x15,	0xAA,
	0xC,	0x15,	0xAA,	0xD,	0x15,	0xA9,	0xD,	0x15,
	0xAA,	0xC,	0x15,	0xAA,	0xC,	0x15,	0xAA,	0xC,
	0x15,	0xAA,	0xC,	0x15,	0xAA,	0xC,	0x15,	0xA8,
	0xC,	0x15,	'f',	0xC,	0x15,	0xA5,	0xC,	0x15,
	0xAA,	0xC,	0x15,	0xAA,	0xC,	0x15,	'u',	0xC,
	0x15,	0xF,	0xC,	0x15,	0x14,	0x12,	0x1A,	0x2A,
	0x21,	0x2A,	0x2D,	0x22,	0x2C,	0x2B,	0x22,	0x2B,
	0x29,	0x20,	0x29,	0x29,	0x1F,	0x29,	0x25,	'F',
	0x9B,	0x25,	'D',	0x98,	0x24,	'D',	0x98,	0x26,
	'D',	0x98,	0x28,	'F',	0x9B,	0x28,	'E',	0x9A,
	0x28,	'E',	0x9A,	0x25,	'F',	0x94,	0x27,	'I',
	0x9A,	0x12,	0x30,	'k',	0xA,	0x28,	0x5F,	0xA,
	0x28,	0x5F,	0x21,	0x28,	0x5F,	0x9B,	0x25,	0x5F,
	0xAA,	0x25,	0x5F,	0xAA,	0x25,	0x5F,	0xAA,	0x25,
	0x5F,	0xA9,	0x25,	0x5F,	0xAA,	0x25,	0x5F,	0xA9,
	0x25,	0x5F,	0xAA,	0x22,	'U',	0xAA,	0x22,	'U',
	0xAA,	0x23,	'U',	0xA9,	0x22,	'U',	0xAA,	0x23,
	'U',	0xAA,	0x23,	'U',	0xAA,	0x20,	'U',	0xA9,
	0x20,	'U',	0xA9,	0x20,	'U',	0xAA,	0x20,	'U',
	0xA9,	0x20,	'L',	0xAA,	0x1D,	'K',	0xAA,	0x1D,
	'L',	0xAA,	0x1D,	'K',	0xA9,	0x1C,	'L',	0xA9,
	0x1C,	'K',	0xAA,	0x1B,	'K',	0xAA,	0x19,	'D',
	0xA9,	0x19,	0x3D,	0xA9,	0x19,	0x3D,	0xAA,	0x19,
	0x3D,	0xAA,	0x19,	0x3D,	0xAA,	0x17,	0x3D,	0xAA,
	0x17,	0x3D,	0xA9,	0x15,	0x36,	0xA9,	0x15,	0x36,
	0xAA,	0x15,	0x36,	0xA9,	0x15,	0x37,	0xAA,	0x13,
	0x30,	0xAA,	0x14,	0x30,	0xA9,	0x11,	0x2A,	0xA9,
	0x11,	0x2A,	0xA9,	0x11,	0x2A,	0xAA,	0xF,	0x25,
	0xAA,	0xF,	0x25,	0xAA,	0xF,	0x25,	0xA9,	0xF,
	0x20,	0xAA,	0xF,	0x20,	0xA9,	0xD,	0x20,	0xA9,
	0xD,	0x20,	0xAA,	0xF,	0x1C,	0xA9,	0xF,	0x1C,
	0xA9,	0xD,	0x18,	0xA9,	0xD,	0x18,	0xAA,	0xD,
	0x18,	0xAA,	0xD,	0x18,	0xAA,	0xD,	0x18,	0xA9,
	0xD,	0x18,	0xAA,	0xD,	0x18,	0xAA,	0xD,	0x15,
	0xA9,	0xD,	0x18,	0xAA,	0xD,	0x15,	0xA9,	0xD,
	0x15,	0xAA,	0xD,	0x15,	0xA9,	0xD,	0x15,	0xAA,
	0xC,	0x15,	0xAA,	0xC,	0x15,	0xAA,	0xC,	0x15,
	0xAA,	0xC,	0x15,	0xAA,	0xC,	0x15,	0xA9,	0xD,
	0x15,	0xAA,	0xC,	0x15,	0xAA,	0xD,	0x15,	0xAA,
	0xD,	0x15,	0xAA,	0xD,	0x15,	0xA9,	0xD,	0x15,
	0xAA,	0xC,	0x15,	0xAA,	0xC,	0x15,	0xA9,	0xD,
	0x15,	0xAA,	0xD,	0x15,	0xAA,	0xD,	0x15,	0xAA,
	0xC,	0x15,	0xAA,	0xC,	0x15,	0xA9,	0xD,	0x15,
	0xAA,	0xC,	0x15,	0xAA,	0xD,	0x15,	0xA9,	0xD,
	0x15,	0xAA,	0xD,	0x15,	0xA9,	0xD,	0x15,	0xAA,
	0xC,	0x15,	0xA9,	0xD,	0x15,	0xAA,	0xD,	0x15,
	0xAA,	0xD,	0x15,	0xAA,	0xC,	0x15,	0xAA,	0xD,
	0x15,	0xA9,	0xD,	0x15,	0xAA,	0xD,	0x15,	0xAA,
	0xC,	0x15,	0xAA,	0xD,	0x15,	0xAA,	0xD,	0x15,
	0xA9,	0xD,	0x15,	0xAA,	0xC,	0x15,	0xAA,	0xD,
	0x15,	0xA9,	0xD,	0x15,	0xAA,	0xD,	0x15,	0xA8,
	0xD,	0x15,	0x31,	0xC,	0x15,	'f',	0xC,	0x15,
	0xA1,	0xD,	0x15,	0x90,	0xD,	0x15,	0x31,	0xD,
	0x15,	0x16,	0x14,	0x1C,	0x27,	0x1E,	0x27,	0x29,
	0x20,	0x29,	0x2B,	0x22,	0x2B,	0x2B,	0x22,	0x2B,
	0x2A,	0x22,	0x2B,	0x2A,	0x21,	0x2A,	0x26,	0x3F,
	0x87,	0x26,	0x3E,	0x86,	0x26,	'B',	0x94,	0x28,
	'C',	0x97,	0x2A,	'E',	0x9A,	0x28,	'C',	0x97,
	0x26,	'B',	0x95,	0x24,	'A',	0x93,	0x26,	'A',
	0x94,	0x1E,	0x39,	0x84,	0xC,	0x27,	'b',	0x2B,
	0x25,	0x5F,	0x9B,	0x25,	0x5F,	0xA9,	0x26,	0x5F,
	0xAA,	0x25,	0x5F,	0xAA,	0x25,	0x5F,	0xA9,	0x25,
	0x5F,	0xA9,	0x26,	0x5F,	0xA9,	0x26,	0x5F,	0xA9,
	0x23,	'U',	0xA9,	0x23,	'U',	0xA9,	0x23,	'U',
	0xA9,	0x23,	'U',	0xA9,	0x23,	'U',	0xAA,	0x22,
	'U',	0xA9,	0x23,	'U',	0xA9,	0x20,	'U',	0xA9,
	0x20,	'U',	0xA9,	0x20,	'U',	0xA9,	0x20,	'U',
	0xA9,	0x1D,	'L',	0xA9,	0x1D,	'L',	0xA9,	0x1D,
	'K',	0xAA,	0x1D,	'K',	0xA9,	0x1C,	'K',	0xA9,
	0x1C,	'L',	0xA9,	0x1C,	'K',	0xA9,	0x19,	'D',
	0xAA,	0x19,	0x3D,	0xAA,	0x19,	0x3D,	0xAA,	0x19,
	0x3D,	0xA9,	0x19,	0x3D,	0xAA,	0x17,	0x3D,	0xA9,
	0x17,	0x3D,	0xA9,	0x15,	0x37,	0xAA,	0x15,	0x37,
	0xA9,	0x15,	0x36,	0xAA,	0x15,	0x36,	0xA9,	0x14,
	0x30,	0xA9,	0x14,	0x30,	0xAA,	0x11,	0x2A,	0xA9,
	0x11,	0x2A,	0xA9,	0x11,	0x2A,	0xAA,	0xF,	0x25,
	0xA9,	0xF,	0x25,	0xA9,	0xF,	0x25,	0xA9,	0xF,
	0x20,	0xA9,	0xF,	0x20,	0xA9,	0xD,	0x20,	0xA9,
	0xD,	0x20,	0xA9,	0xF,	0x1C,	0xA9,	0xF,	0x1D,
	0xA9,	0xD,	0x18,	0xA9,	0xE,	0x18,	0xA9,	0xD,
	0x18,	0xA9,	0xE,	0x18,	0xA9,	0xD,	0x18,	0xA9,
	0xD,	0x18,	0xAA,	0xD,	0x18,	0xA9,	0xD,	0x15,
	0xA9,	0xD,	0x18,	0xA9,	0xD,	0x15,	0xA9,	0xD,
	0x15,	0xA9,	0xD,	0x15,	0xA9,	0xD,	0x15,	0xA9,
	0xD,	0x15,	0xAA,	0xD,	0x15,	0xA9,	0xD,	0x15,
	0xA9,	0xD,	0x15,	0xA9,	0xD,	0x15,	0xA9,	0xD,
	0x15,	0xA9,	0xD,	0x15,	0xA9,	0xD,	0x15,	0xA9,
	0xD,	0x15,	0xA9,	0xD,	0x15,	0xAA,	0xD,	0x15,
	0xAA,	0xD,	0x15,	0xA9,	0xC,	0x15,	0xA9,	0xD,
	0x15,	0xA9,	0xD,	0x15,	0xA9,	0xD,	0x15,	0xA9,
	0xD,	0x15,	0xA9,	0xD,	0x15,	0xA9,	0xD,	0x15,
	0xA9,	0xD,	0x15,	0xAA,	0xD,	0x15,	0xA9,	0xD,
	0x15,	0xA9,	0xD,	0x15,	0xA9,	0xD,	0x15,	0xA9,
	0xD,	0x15,	0xAA,	0xD,	0x15,	0xAA,	0xD,	0x15,
	0xAA,	0xD,	0x15,	0xA9,	0xD,	0x15,	0xA9,	0xD,
	0x15,	0xAA,	0xD,	0x15,	0xAA,	0xD,	0x15,	0xAA,
	0xD,	0x15,	0xA9,	0xD,	0x15,	0xA9,	0xD,	0x15,
	0xA9,	0xD,	0x15,	0xA9,	0xD,	0x15,	0xA9,	0xD,
	0x15,	0xA9,	0xD,	0x15,	0xA9,	0xD,	0x15,	0xA9,
	0xD,	0x15,	0x90,	0xD,	0x15,	0x27,	0xD,	0x15,
	0x1E,	0xD,	0x15,	0xE,	0xD,	0x15,	0xC,	0xD,
	0x16,	0x23,	0x1D,	0x26,	0x23,	0x1C,	0x26,	0x23,
	0x1C,	0x26,	0x24,	0x1D,	0x26,	0x26,	0x1D,	0x27,
	0x27,	0x1E,	0x28,	0x29,	0x20,	0x29,	0x28,	'A',
	0x88,	0x28,	0x40,	0x88,	0x2A,	'A',	0x9A,	0x28,
	0x40,	0x97,	0x28,	'C',	0x97,	0x28,	'C',	0x97,
	0x26,	'A',	0x93,	0x26,	'C',	0x97,	0x15,	0x30,
	'q',	0x1D,	0x26,	0x5F,	'I',	0x25,	0x5F,	0xA5,
	0x26,	0x5F,	0xAA,	0x26,	0x5F,	0xA9,	0x25,	0x5F,
	0xA9,	0x26,	0x5F,	0xA9,	0x26,	0x5F,	0xA9,	0x23,
	0x5F,	0xA9,	0x23,	0x5F,	0xA9,	0x23,	'U',	0xAA,
	0x23,	'U',	0xA9,	0x23,	'U',	0xA9,	0x23,	'U',
	0xA9,	0x23,	'U',	0xA9,	0x23,	'U',	0xA9,	0x23,
	'U',	0xA9,	0x23,	'U',	0xA9,	0x20,	'U',	0xA9,
	0x20,	'U',	0xA9,	0x20,	'U',	0xA9,	0x20,	'L',
	0xA9,	0x1D,	'K',	0xA9,	0x1D,	'L',	0xA9,	0x1D,
	'L',	0xA9,	0x1D,	'L',	0xA9,	0x1C,	'K',	0xAA,
	0x1C,	'K',	0xA9,	0x19,	'D',	0xA9,	0x19,	'D',
	0xA9,	0x19,	0x3D,	0xA9,	0x19,	0x3D,	0xA9,	0x19,
	0x3D,	0xAA,	0x19,	0x3D,	0xA9,	0x17,	0x3D,	0xA9,
	0x17,	0x3D,	0xA9,	0x15,	0x36,	0xA9,	0x15,	0x37,
	0xA9,	0x15,	0x37,	0xA9,	0x15,	0x36,	0xA9,	0x14,
	0x30,	0xA9,	0x14,	0x30,	0xA9,	0x11,	0x2A,	0xA9,
	0x11,	0x2A,	0xA9,	0x11,	0x2A,	0xA9,	0xF,	0x25,
	0xA9,	0xF,	0x25,	0xA9,	0xF,	0x25,	0xA9,	0xF,
	0x20,	0xA9,	0x10,	0x20,	0xA9,	0xE,	0x20,	0xA9,
	0xE,	0x20,	0xA9,	0xF,	0x1C,	0xA9,	0xF,	0x1C,
	0xA9,	0xE,	0x18,	0xA9,	0xE,	0x18,	0xA9,	0xE,
	0x18,	0xA9,	0xE,	0x18,	0xA9,	0xD,	0x18,	0xA9,
	0xE,	0x18,	0xA9,	0xE,	0x18,	0xA9,	0xD,	0x15,
	0xA9,	0xD,	0x18,	0xA9,	0xD,	0x15,	0xA9,	0xD,
	0x15,	0xA9,	0xD,	0x15,	0xA9,	0xD,	0x15,	0xA9,
	0xD,	0x15,	0xA9,	0xD,	0x15,	0xA9,	0xD,	0x15,
	0xA9,	0xD,	0x15,	0xA9,	0xD,	0x15,	0xA9,	0xD,
	0x15,	0xA9,	0xD,	0x15,	0xA9,	0xD,	0x15,	0xA9,
	0xD,	0x15,	0xA9,	0xD,	0x15,	0xA9,	0xD,	0x15,
	0xA9,	0xD,	0x15,	0xA9,	0xD,	0x15,	0xA9,	0xD,
	0x15,	0xA9,	0xD,	0x15,	0xA9,	0xD,	0x15,	0xA9,
	0xD,	0x15,	0xA9,	0xD,	0x15,	0xA9,	0xD,	0x15,
	0xA9,	0xD,	0x15,	0xA9,	0xD,	0x15,	0xA9,	0xD,
	0x15,	0xA9,	0xD,	0x15,	0xA9,	0xD,	0x15,	0xA9,
	0xD,	0x15,	0xA9,	0xD,	0x15,	0xAA,	0xD,	0x15,
	0xA9,	0xD,	0x15,	0xA9,	0xD,	0x15,	0xA9,	0xD,
	0x15,	0xA9,	0xD,	0x15,	0xAA,	0xD,	0x15,	0xA9,
	0xD,	0x15,	0xA9,	0xD,	0x15,	0xA9,	0xD,	0x15,
	0xA9,	0xD,	0x15,	0xA9,	0xD,	0x15,	0xA9,	0xD,
	0x15,	0xA9,	0xD,	0x15,	0xA9,	0xD,	0x15,	0xA9,
	0xD,	0x15,	0xA9,	0xD,	0x15,	0xA7,	0xD,	0x15,
	'G',	0xD,	0x15,	0xA,	0xD,	0x15,	0x1B,	0x1C,
	0x24,	0x22,	0x23,	0x2C,	0x21,	0x1C,	0x26,	0x23,
	0x1F,	0x27,	0x22,	0x1D,	0x27,	0x22,	0x1D,	0x26,
	0x23,	0x1D,	0x26,	0x23,	0x1C,	0x26,	0x28,	0x3D,
	0x88,	0x28,	0x3C,	0x97,	0x2A,	'A',	0x8A,	0x28,
	0x40,	0x87,	0x27,	0x40,	0x87,	0x26,	0x3E,	0x83,
	0x24,	0x3D,	0x90,	0x12,	0x2B,	'n',	0xB,	0x26,
	0x5F,	'z',	0x26,	0x5F,	0xA9,	0x26,	0x5F,	0xA9,
	0x26,	0x5F,	0xA9,	0x23,	0x5F,	0xA9,	0x23,	0x5F,
	0xA9,	0x23,	'U',	0xA9,	0x23,	'U',	0xA9,	0x23,
	'U',	0xA9,	0x23,	'U',	0xA9,	0x23,	'U',	0xA9,
	0x23,	'U',	0xA9,	0x23,	'U',	0xA9,	0x23,	'U',
	0xA9,	0x20,	'U',	0xA9,	0x20,	'U',	0xA9,	0x20,
	'U',	0xA9,	0x20,	'U',	0xA9,	0x20,	'K',	0xA9,
	0x20,	'L',	0xA9,	0x20,	'K',	0xA9,	0x1D,	'L',
	0xA9,	0x1C,	'L',	0xA9,	0x1C,	'L',	0xA9,	0x1C,
	'L',	0xA9,	0x1C,	'L',	0xA9,	0x1C,	'L',	0xA9,
	0x19,	'D',	0xA9,	0x19,	'D',	0xA9,	0x19,	'D',
	0xA9,	0x17,	0x3D,	0xA9,	0x18,	0x3D,	0xA9,	0x18,
	0x3D,	0xA9,	0x18,	0x3D,	0xA9,	0x17,	0x3D,	0xA9,
	0x15,	0x37,	0xA9,	0x15,	0x37,	0xA9,	0x15,	0x37,
	0xA9,	0x14,	0x30,	0xA9,	0x14,	0x30,	0xA9,	0x14,
	0x30,	0xA9,	0x14,	0x30,	0xA9,	0x11,	0x2A,	0xA9,
	0x11,	0x2A,	0xA9,	0x10,	0x25,	0xA9,	0x10,	0x25,
	0xA9,	0x10,	0x25,	0xA9,	0x10,	0x25,	0xA9,	0xF,
	0x20,	0xA9,	0x10,	0x20,	0xA9,	0xF,	0x1C,	0xA9,
	0xE,	0x1D,	0xA9,	0xF,	0x1D,	0xA9,	0xE,	0x1D,
	0xA9,	0xE,	0x18,	0xA9,	0xE,	0x18,	0xA9,	0xE,
	0x18,	0xA9,	0xE,	0x18,	0xA9,	0xE,	0x18,	0xA9,
	0xE,	0x18,	0xA9,	0xE,	0x18,	0xA9,	0xD,	0x15,
	0xA9,	0xD,	0x18,	0xA9,	0xD,	0x15,	0xA9,	0xD,
	0x15,	0xA9,	0xD,	0x15,	0xA9,	0xD,	0x15,	0xA9,
	0xD,	0x15,	0xA9,	0xD,	0x15,	0xA9,	0xD,	0x15,
	0xA9,	0xD,	0x15,	0xA9,	0xD,	0x15,	0xA9,	0xD,
	0x15,	0xA9,	0xD,	0x15,	0xA9,	0xD,	0x15,	0xA9,
	0xD,	0x15,	0xA9,	0xD,	0x15,	0xA9,	0xD,	0x15,
	0xA9,	0xD,	0x15,	0xA9,	0xD,	0x15,	0xA9,	0xD,
	0x15,	0xA9,	0xD,	0x15,	0xA9,	0xD,	0x15,	0xA9,
	0xD,	0x15,	0xA9,	0xD,	0x15,	0xA9,	0xD,	0x15,
	0xA9,	0xD,	0x15,	0xA9,	0xD,	0x15,	0xA8,	0xD,
	0x15,	0xA9,	0xD,	0x15,	0xA9,	0xD,	0x15,	0xA9,
	0xD,	0x15,	0xA9,	0xD,	0x15,	0xA9,	0xD,	0x15,
	0xA9,	0xD,	0x15,	0xA9,	0xD,	0x15,	0xA9,	0xD,
	0x15,	0xA9,	0xD,	0x15,	0xA9,	0xD,	0x15,	0xA8,
	0xD,	0x15,	0xA9,	0xD,	0x15,	0xA9,	0xD,	0x15,
	0xA9,	0xD,	0x15,	0xA9,	0xD,	0x15,	0xA9,	0xD,
	0x15,	0xA9,	0xD,	0x15,	0xA9,	0xD,	0x15,	0xA9,
	0xD,	0x15,	0xA9,	0xD,	0x15,	0xA9,	0xD,	0x16,
	0xA1,	0xD,	0x15,	0x1C,	0xD,	0x15,	0x9,	0xD,
	0x15,	0x1C,	0x1E,	0x27,	0x25,	0x29,	0x33,	0x22,
	0x20,	0x29,	0x24,	0x26,	0x30,	0x23,	0x1F,	0x27,
	0x22,	0x1D,	0x27,	0x22,	0x1E,	0x26,	0x28,	0x3C,
	0x87,	0x27,	0x3C,	0x87,	0x28,	0x40,	0x87,	0x28,
	0x40,	0x87,	0x26,	0x3F,	0x86,	0x28,	'A',	0x88,
	0x18,	0x33,	'z',	0x16,	0x23,	0x5F,	'Z',	0x23,
	0x5F,	0xA6,	0x23,	0x5F,	0xA9,	0x23,	0x5F,	0xA8,
	0x23,	0x5F,	0xA9,	0x23,	0x5F,	0xA9,	0x23,	0x5F,
	0xA9,	0x23,	'U',	0xA8,	0x23,	'U',	0xA8,	0x23,
	'U',	0xA9,	0x23,	'U',	0xA9,	0x23,	'U',	0xA8,
	0x23,	'U',	0xA9,	0x23,	'U',	0xA9,	0x23,	'U',
	0xA9,	0x20,	'U',	0xA8,	0x20,	'U',	0xA9,	0x20,
	'U',	0xA9,	0x20,	'U',	0xA9,	0x20,	'L',	0xA9,
	0x20,	'K',	0xA9,	0x1E,	'K',	0xA9,	0x1D,	'L',
	0xA9,	0x1C,	'K',	0xA9,	0x1C,	'L',	0xA8,	0x1E,
	'D',	0xA9,	0x1E,	'D',	0xA9,	0x1A,	'D',	0xA9,
	0x19,	'D',	0xA9,	0x19,	'D',	0xA9,	0x19,	'D',
	0xA9,	0x18,	0x3D,	0xA9,	0x18,	0x3D,	0xA8,	0x18,
	0x3D,	0xA8,	0x18,	0x3D,	0xA8,	0x18,	0x3D,	0xA9,
	0x15,	0x36,	0xA9,	0x15,	0x37,	0xA9,	0x15,	0x37,
	0xA9,	0x14,	0x30,	0xA9,	0x14,	0x30,	0xA9,	0x14,
	0x30,	0xA9,	0x11,	0x2A,	0xA9,	0x11,	0x2A,	0xA8,
	0x11,	0x2A,	0xA9,	0xF,	0x25,	0xA9,	0x10,	0x25,
	0xA9,	0x10,	0x25,	0xA9,	0x10,	0x20,	0xA9,	0xF,
	0x20,	0xA8,	0x10,	0x20,	0xA9,	0x10,	0x1C,	0xA8,
	0xE,	0x1D,	0xA9,	0xE,	0x1C,	0xA9,	0xE,	0x1D,
	0xA9,	0xE,	0x18,	0xA9,	0xE,	0x18,	0xA8,	0xE,
	0x18,	0xA9,	0xE,	0x18,	0xA8,	0xE,	0x18,	0xA9,
	0xE,	0x18,	0xA9,	0xE,	0x18,	0xA9,	0xD,	0x15,
	0xA9,	0xD,	0x18,	0xA9,	0xD,	0x15,	0xA9,	0xD,
	0x15,	0xA9,	0xD,	0x15,	0xA9,	0xD,	0x15,	0xA9,
	0xD,	0x15,	0xA9,	0xD,	0x15,	0xA8,	0xD,	0x15,
	0xA9,	0xD,	0x15,	0xA9,	0xD,	0x15,	0xA9,	0xD,
	0x15,	0xA9,	0xD,	0x15,	0xA9,	0xD,	0x15,	0xA9,
	0xD,	0x15,	0xA9,	0xD,	0x15,	0xA9,	0xD,	0x15,
	0xA9,	0xD,	0x15,	0xA9,	0xD,	0x15,	0xA8,	0xD,
	0x15,	0xA9,	0xD,	0x15,	0xA9,	0xD,	0x15,	0xA9,
	0xD,	0x15,	0xA9,	0xD,	0x15,	0xA8,	0xD,	0x15,
	0xA9,	0xD,	0x15,	0xA9,	0xD,	0x15,	0xA9,	0xD,
	0x15,	0xA8,	0xD,	0x15,	0xA9,	0xD,	0x15,	0xA9,
	0xD,	0x15,	0xA9,	0xD,	0x15,	0xA9,	0xD,	0x15,
	0xA9,	0xD,	0x15,	0xA9,	0xD,	0x15,	0xA9,	0xD,
	0x15,	0xA9,	0xD,	0x15,	0xA9,	0xD,	0x15,	0xA9,
	0xD,	0x15,	0xA8,	0xD,	0x15,	0xA9,	0xD,	0x15,
	0xA8,	0xD,	0x15,	0xA9,	0xD,	0x15,	0xA9,	0xD,
	0x15,	0xA9,	0xD,	0x15,	0xA9,	0xD,	0x15,	0xA8,
	0xD,	0x15,	0xA9,	0xD,	0x15,	0xA8,	0xD,	0x15,
	0xA5,	0xD,	0x15,	0x3D,	0xD,	0x15,	'O',	0xD,
	0x15,	0x10,	0xD,	0x16,	0x14,	0x16,	0x1F,	0x24,
	0x24,	0x2D,	0x27,	0x28,	0x31,	0x24,	0x27,	0x30,
	0x22,	0x21,	0x2A,	0x23,	0x26,	0x2F,	0x27,	0x3C,
	0x87,	0x27,	0x3C,	0x87,	0x27,	0x40,	0x87,	0x27,
	0x40,	0x87,	0x26,	0x3F,	0x86,	0x1A,	0x33,	'n',
	0x9,	0x23,	0x5F,	0x36,	0x23,	0x5F,	0xA8,	0x23,
	0x5F,	0xA9,	0x23,	0x5F,	0xA8,	0x23,	0x5F,	0xA9,
	0x23,	0x5F,	0xA8,	0x23,	0x5F,	0xA8,	0x23,	0x5F,
	0xA9,	0x23,	'U',	0xA8,	0x23,	'U',	0xA9,	0x23,
	'U',	0xA8,	0x23,	'U',	0xA8,	0x23,	'U',	0xA8,
	0x23,	'U',	0xA9,	0x23,	'U',	0xA8,	0x23,	'U',
	0xA9,	0x20,	'U',	0xA9,	0x20,	'U',	0xA8,	0x21,
	'U',	0xA8,	0x21,	'U',	0xA9,	0x20,	'L',	0xA9,
	0x20,	'L',	0xA8,	0x1E,	'L',	0xA8,	0x1E,	'L',
	0xA8,	0x1C,	'L',	0xA8,	0x1E,	'D',	0xA8,	0x1E,
	'D',	0xA8,	0x1E,	'D',	0xA9,	0x19,	'D',	0xA8,
	0x1A,	'D',	0xA8,	0x1A,	'D',	0xA8,	0x18,	0x3D,
	0xA8,	0x18,	0x3D,	0xA8,	0x18,	0x3D,	0xA8,	0x18,
	0x3D,	0xA9,	0x18,	0x3D,	0xA8,	0x18,	0x3E,	0xA8,
	0x15,	0x37,	0xA8,	0x15,	0x37,	0xA8,	0x15,	0x36,
	0xA9,	0x14,	0x30,	0xA8,	0x14,	0x30,	0xA8,	0x14,
	0x30,	0xA9,	0x11,	0x2A,	0xA8,	0x12,	0x2A,	0xA9,
	0x11,	0x2A,	0xA8,	0x10,	0x25,	0xA9,	0x10,	0x25,
	0xA9,	0x10,	0x25,	0xA8,	0x10,	0x20,	0xA8,	0x10,
	0x20,	0xA8,	0x10,	0x20,	0xA8,	0x10,	0x1D,	0xA8,
	0xE,	0x1D,	0xA9,	0xE,	0x1C,	0xA9,	0xE,	0x1D,
	0xA8,	0xE,	0x18,	0xA8,	0xE,	0x18,	0xA8,	0xE,
	0x18,	0xA8,	0xE,	0x18,	0xA9,	0xE,	0x18,	0xA8,
	0xE,	0x18,	0xA8,	0xE,	0x18,	0xA9,	0xD,	0x15,
	0xA9,	0xD,	0x18,	0xA8,	0xD,	0x15,	0xA8,	0xD,
	0x15,	0xA9,	0xD,	0x15,	0xA8,	0xD,	0x15,	0xA8,
	0xD,	0x15,	0xA8,	0xD,	0x16,	0xA8,	0xD,	0x15,
	0xA9,	0xD,	0x15,	0xA8,	0xD,	0x15,	0xA8,	0xD,
	0x15,	0xA9,	0xD,	0x15,	0xA8,	0xD,	0x15,	0xA8,
	0xD,	0x15,	0xA8,	0xD,	0x15,	0xA8,	0xD,	0x15,
	0xA8,	0xD,	0x15,	0xA8,	0xD,	0x15,	0xA9,	0xD,
	0x15,	0xA9,	0xD,	0x15,	0xA8,	0xD,	0x15,	0xA9,
	0xD,	0x15,	0xA9,	0xD,	0x15,	0xA8,	0xD,	0x15,
	0xA8,	0xD,	0x15,	0xA8,	0xD,	0x15,	0xA8,	0xD,
	0x15,	0xA9,	0xD,	0x15,	0xA8,	0xD,	0x15,	0xA8,
	0xD,	0x15,	0xA8,	0xD,	0x15,	0xA9,	0xD,	0x15,
	0xA8,	0xD,	0x15,	0xA9,	0xD,	0x15,	0xA8,	0xD,
	0x15,	0xA8,	0xD,	0x15,	0xA8,	0xD,	0x15,	0xA8,
	0xD,	0x15,	0xA9,	0xD,	0x15,	0xA8,	0xD,	0x15,
	0xA8,	0xD,	0x15,	0xA8,	0xD,	0x16,	0xA9,	0xD,
	0x15,	0xA8,	0xD,	0x15,	0xA9,	0xD,	0x15,	0xA9,
	0xD,	0x15,	0xA8,	0xD,	0x15,	0xA9,	0xD,	0x15,
	0xA8,	0xD,	0x15,	'G',	0xD,	0x15,	'y',	0xD,
	0x15,	'd',	0xD,	0x15,	0x1A,	0xD,	0x15,	0x10,
	0x12,	0x19,	0x24,	0x21,	0x2A,	0x27,	0x23,	0x2C,
	0x24,	0x24,	0x2D,	0x27,	0x29,	0x33,	0x27,	0x3C,
	0x87,	0x25,	0x3B,	0x84,	0x27,	0x40,	0x87,	0x28,
	0x40,	0x87,	0x27,	0x40,	0x87,	0x12,	0x2A,	0x60,
	0xB,	0x23,	0x5F,	0x86,	0x23,	0x60,	0xA8,	0x23,
	0x5F,	0xA8,	0x23,	0x60,	0xA8,	0x23,	0x5F,	0xA8,
	0x23,	0x5F,	0xA8,	0x23,	0x5F,	0xA8,	0x23,	0x5F,
	0xA8,	0x23,	'V',	0xA8,	0x23,	'U',	0xA8,	0x23,
	'U',	0xA8,	0x23,	'U',	0xA8,	0x23,	'U',	0xA8,
	0x23,	'U',	0xA8,	0x23,	'V',	0xA8,	0x23,	'U',
	0xA8,	0x21,	'U',	0xA8,	0x21,	'U',	0xA8,	0x21,
	'V',	0xA8,	0x21,	'U',	0xA8,	0x20,	'L',	0xA8,
	0x21,	'L',	0xA8,	0x1E,	'L',	0xA8,	0x1E,	'K',
	0xA8,	0x1C,	'L',	0xA8,	0x1E,	'D',	0xA8,	0x1E,
	'D',	0xA8,	0x1E,	'D',	0xA8,	0x1A,	'D',	0xA8,
	0x1A,	'D',	0xA8,	0x1A,	'D',	0xA8,	0x18,	0x3E,
	0xA8,	0x18,	0x3E,	0xA9,	0x18,	0x3D,	0xA8,	0x18,
	0x3D,	0xA9,	0x18,	0x3D,	0xA8,	0x18,	0x3D,	0xA9,
	0x15,	0x37,	0xA8,	0x15,	0x37,	0xA8,	0x15,	0x37,
	0xA8,	0x14,	0x30,	0xA8,	0x14,	0x30,	0xA8,	0x14,
	0x30,	0xA8,	0x12,	0x2A,	0xA8,	0x12,	0x2A,	0xA8,
	0x12,	0x2A,	0xA8,	0x10,	0x25,	0xA8,	0x10,	0x25,
	0xA8,	0x10,	0x25,	0xA8,	0x10,	0x20,	0xA8,	0x10,
	0x20,	0xA8,	0x10,	0x20,	0xA8,	0x10,	0x1D,	0xA8,
	0xE,	0x1D,	0xA8,	0xE,	0x1D,	0xA8,	0xE,	0x1C,
	0xA8,	0xE,	0x18,	0xA8,	0xE,	0x18,	0xA8,	0xE,
	0x18,	0xA8,	0xE,	0x18,	0xA8,	0xE,	0x18,	0xA8,
	0xE,	0x18,	0xA8,	0xE,	0x18,	0xA8,	0xD,	0x15,
	0xA8,	0xD,	0x18,	0xA8,	0xD,	0x15,	0xA8,	0xD,
	0x15,	0xA8,	0xD,	0x15,	0xA8,	0xD,	0x15,	0xA8,
	0xD,	0x15,	0xA8,	0xD,	0x15,	0xA8,	0xD,	0x15,
	0xA8,	0xD,	0x15,	0xA8,	0xD,	0x15,	0xA8,	0xD,
	0x15,	0xA8,	0xD,	0x15,	0xA8,	0xD,	0x15,	0xA8,
	0xD,	0x15,	0xA8,	0xD,	0x15,	0xA8,	0xD,	0x15,
	0xA8,	0xD,	0x15,	0xA8,	0xD,	0x15,	0xA8,	0xD,
	0x15,	0xA8,	0xD,	0x15,	0xA8,	0xD,	0x15,	0xA8,
	0xD,	0x15,	0xA9,	0xD,	0x15,	0xA8,	0xD,	0x15,
	0xA8,	0xD,	0x15,	0xA8,	0xD,	0x15,	0xA8,	0xD,
	0x15,	0xA8,	0xD,	0x15,	0xA8,	0xD,	0x15,	0xA9,
	0xD,	0x15,	0xA8,	0xD,	0x15,	0xA8,	0xD,	0x15,
	0xA8,	0xD,	0x15,	0xA8,	0xD,	0x15,	0xA8,	0xD,
	0x15,	0xA8,	0xD,	0x15,	0xA8,	0xD,	0x15,	0xA8,
	0xD,	0x15,	0xA8,	0xD,	0x15,	0xA8,	0xD,	0x15,
	0xA8,	0xD,	0x15,	0xA8,	0xD,	0x15,	0xA8,	0xD,
	0x15,	0xA8,	0xD,	0x15,	0xA8,	0xD,	0x15,	0xA8,
	0xD,	0x16,	0xA8,	0xD,	0x15,	0xA8,	0xD,	0x15,
	0xA8,	0xD,	0x15,	'G',	0xD,	0x15,	'y',	0xD,
	0x15,	0xA9,	0xD,	0x15,	0x33,	0xD,	0x15,	0x9,
	0xD,	0x15,	0x19,	0x18,	0x20,	0x26,	0x1F,	0x28,
	0x26,	0x21,	0x29,	0x24,	0x21,	0x29,	0x25,	0x3C,
	0x84,	0x26,	0x3B,	0x83,	0x25,	0x3C,	0x84,	0x26,
	0x3D,	0x87,	0x27,	0x3C,	0x87,	0xF,	0x21,	'W',
	'G',	0x21,	'U',	0xA8,	0x21,	'U',	0xA8,	0x21,
	'U',	0xA8,	0x21,	'U',	0xA8,	0x21,	'V',	0xA8,
	0x21,	'U',	0xA8,	0x21,	'U',	0xA8,	0x21,	'U',
	0xA8,	0x21,	'U',	0xA8,	0x21,	'U',	0xA8,	0x21,
	'U',	0xA8,	0x21,	'U',	0xA8,	0x21,	'U',	0xA8,
	0x21,	'U',	0xA8,	0x21,	'V',	0xA8,	0x21,	'U',
	0xA8,	0x21,	'L',	0xA8,	0x21,	'L',	0xA8,	0x21,
	'L',	0xA8,	0x21,	'L',	0xA8,	0x1C,	'L',	0xA8,
	0x1C,	'L',	0xA8,	0x1C,	'K',	0xA8,	0x1C,	'L',
	0xA8,	0x1C,	'L',	0xA8,	0x1C,	'L',	0xA8,	0x1C,
	'L',	0xA8,	0x1C,	'L',	0xA8,	0x1A,	0x3E,	0xA8,
	0x1A,	0x3D,	0xA8,	0x1A,	0x3D,	0xA8,	0x1A,	0x3D,
	0xA8,	0x18,	0x3D,	0xA8,	0x18,	0x3D,	0xA8,	0x18,
	0x37,	0xA8,	0x18,	0x37,	0xA8,	0x15,	0x37,	0xA8,
	0x15,	0x37,	0xA8,	0x15,	0x37,	0xA8,	0x14,	0x30,
	0xA8,	0x14,	0x30,	0xA8,	0x14,	0x30,	0xA8,	0x12,
	0x2A,	0xA8,	0x12,	0x2A,	0xA8,	0x10,	0x25,	0xA8,
	0x10,	0x25,	0xA8,	0x10,	0x25,	0xA8,	0x10,	0x25,
	0xA8,	0x10,	0x20,	0xA8,	0x10,	0x21,	0xA8,	0x10,
	0x20,	0xA8,	0x10,	0x20,	0xA8,	0x10,	0x1D,	0xA8,
	0xE,	0x1D,	0xA8,	0xE,	0x1D,	0xA8,	0xE,	0x1D,
	0xA8,	0xE,	0x18,	0xA8,	0xE,	0x18,	0xA8,	0xE,
	0x18,	0xA8,	0xE,	0x18,	0xA8,	0xE,	0x18,	0xA8,
	0xE,	0x18,	0xA8,	0xE,	0x18,	0xA8,	0xD,	0x15,
	0xA8,	0xE,	0x15,	0xA8,	0xE,	0x15,	0xA8,	0xE,
	0x15,	0xA8,	0xD,	0x15,	0xA8,	0xD,	0x15,	0xA8,
	0xD,	0x15,	0xA8,	0xD,	0x15,	0xA8,	0xD,	0x15,
	0xA8,	0xD,	0x15,	0xA8,	0xD,	0x15,	0xA8,	0xD,
	0x15,	0xA8,	0xD,	0x15,	0xA8,	0xD,	0x15,	0xA8,
	0xD,	0x15,	0xA8,	0xD,	0x15,	0xA8,	0xD,	0x15,
	0xA8,	0xD,	0x15,	0xA8,	0xD,	0x15,	0xA8,	0xD,
	0x15,	0xA8,	0xD,	0x15,	0xA8,	0xD,	0x15,	0xA8,
	0xD,	0x15,	0xA8,	0xD,	0x15,	0xA8,	0xD,	0x15,
	0xA8,	0xD,	0x16,	0xA8,	0xD,	0x15,	0xA8,	0xD,
	0x15,	0xA8,	0xD,	0x15,	0xA8,	0xD,	0x15,	0xA8,
	0xD,	0x15,	0xA8,	0xD,	0x15,	0xA8,	0xD,	0x15,
	0xA8,	0xD,	0x15,	0xA8,	0xD,	0x15,	0xA8,	0xD,
	0x15,	0xA8,	0xD,	0x15,	0xA8,	0xD,	0x15,	0xA8,
	0xD,	0x15,	0xA8,	0xD,	0x16,	0xA8,	0xD,	0x15,
	0xA8,	0xD,	0x16,	0xA8,	0xD,	0x15,	0xA8,	0xD,
	0x15,	0xA8,	0xD,	0x15,	0xA8,	0xE,	0x15,	0xA8,
	0xD,	0x15,	0xA8,	0xD,	0x15,	0xA8,	0xD,	0x16,
	0xA8,	0xD,	0x15,	0x8D,	0xD,	0x15,	0x9A,	0xD,
	0x15,	0xA8,	0xD,	0x15,	'y',	0xD,	0x15,	0x10,
	0xD,	0x15,	0x10,	0x10,	0x17,	0x25,	0x1F,	0x27,
	0x25,	0x1F,	0x28,	0x24,	0x1E,	0x27,	0x25,	0x3C,
	0x84,	0x25,	0x3A,	0x82,	0x25,	0x3B,	0x83,	0x26,
	0x3C,	0x86,	0xD,	0x23,	0x5B,	0x38,	0x21,	'U',
	0xA8,	0x21,	'U',	0xA8,	0x21,	'U',	0xA8,	0x21,
	'V',	0xA8,	0x21,	'U',	0xA8,	0x21,	'V',	0xA8,
	0x21,	'U',	0xA8,	0x21,	'U',	0xA8,	0x21,	'U',
	0xA7,	0x21,	'U',	0xA8,	0x21,	'V',	0xA8,	0x21,
	'U',	0xA8,	0x21,	'U',	0xA8,	0x21,	'U',	0xA8,
	0x21,	'U',	0xA8,	0x21,	'U',	0xA8,	0x21,	'V',
	0xA8,	0x21,	'L',	0xA8,	0x21,	'L',	0xA7,	0x21,
	'K',	0xA8,	0x1E,	'L',	0xA8,	0x1D,	'L',	0xA8,
	0x1D,	'L',	0xA8,	0x1D,	'K',	0xA8,	0x1C,	'L',
	0xA8,	0x1C,	'L',	0xA8,	0x1C,	'L',	0xA8,	0x1A,
	'D',	0xA7,	0x1A,	'D',	0xA8,	0x1A,	0x3D,	0xA8,
	0x1C,	0x3D,	0xA8,	0x1A,	0x3E,	0xA8,	0x1A,	0x3D,
	0xA8,	0x18,	0x3D,	0xA8,	0x18,	0x3D,	0xA7,	0x18,
	0x37,	0xA7,	0x18,	0x37,	0xA8,	0x16,	0x37,	0xA8,
	0x15,	0x37,	0xA7,	0x14,	0x30,	0xA8,	0x14,	0x30,
	0xA8,	0x14,	0x30,	0xA8,	0x14,	0x30,	0xA8,	0x12,
	0x2A,	0xA8,	0x12,	0x2A,	0xA8,	0x10,	0x25,	0xA7,
	0x10,	0x25,	0xA8,	0x10,	0x25,	0xA8,	0x10,	0x21,
	0xA8,	0x10,	0x20,	0xA8,	0x10,	0x20,	0xA8,	0x10,
	0x20,	0xA7,	0x10,	0x21,	0xA8,	0x10,	0x1D,	0xA8,
	0xE,	0x1C,	0xA7,	0xE,	0x1D,	0xA8,	0xE,	0x1D,
	0xA8,	0xE,	0x18,	0xA8,	0xE,	0x18,	0xA8,	0xE,
	0x18,	0xA8,	0xE,	0x18,	0xA8,	0xE,	0x18,	0xA8,
	0xE,	0x18,	0xA8,	0xE,	0x18,	0xA8,	0xD,	0x15,
	0xA8,	0xE,	0x15,	0xA8,	0xE,	0x15,	0xA8,	0xE,
	0x15,	0xA7,	0xD,	0x16,	0xA8,	0xD,	0x15,	0xA8,
	0xE,	0x15,	0xA7,	0xE,	0x15,	0xA8,	0xD,	0x15,
	0xA8,	0xD,	0x15,	0xA8,	0xD,	0x15,	0xA8,	0xE,
	0x15,	0xA8,	0xD,	0x15,	0xA7,	0xE,	0x15,	0xA7,
	0xE,	0x15,	0xA8,	0xD,	0x15,	0xA8,	0xE,	0x15,
	0xA8,	0xD,	0x15,	0xA7,	0xD,	0x15,	0xA8,	0xE,
	0x15,	0xA8,	0xE,	0x15,	0xA8,	0xE,	0x15,	0xA7,
	0xE,	0x15,	0xA8,	0xD,	0x15,	0xA8,	0xE,	0x15,
	0xA8,	0xE,	0x15,	0xA7,	0xE,	0x15,	0xA8,	0xD,
	0x15,	0xA8,	0xD,	0x15,	0xA8,	0xE,	0x15,	0xA8,
	0xE,	0x15,	0xA7,	0xD,	0x15,	0xA8,	0xD,	0x16,
	0xA8,	0xD,	0x15,	0xA8,	0xE,	0x15,	0xA8,	0xD,
	0x15,	0xA8,	0xE,	0x15,	0xA8,	0xD,	0x15,	0xA8,
	0xD,	0x16,	0xA8,	0xE,	0x15,	0xA8,	0xD,	0x15,
	0xA7,	0xE,	0x16,	0xA8,	0xD,	0x15,	0xA8,	0xD,
	0x15,	0xA8,	0xE,	0x15,	0xA8,	0xE,	0x15,	0xA8,
	0xD,	0x15,	0xA8,	0xD,	0x15,	0xA8,	0xD,	0x15,
	0xA8,	0xD,	0x15,	0xA8,	0xD,	0x16,	0xA8,	0xD,
	0x15,	0xA8,	0xD,	0x15,	0xA7,	0xD,	0x16,	's',
	0xE,	0x15,	0x13,	0xE,	0x15,	0x19,	0x16,	0x1F,
	0x26,	0x1F,	0x28,	0x26,	0x1F,	0x28,	0x25,	0x3B,
	0x83,	0x25,	0x3B,	0x83,	0x24,	0x39,	0x81,	0xF,
	0x26,	0x5E,	0x1F,	0x21,	'U',	0x8C,	0x21,	'U',
	0xA7,	0x21,	'V',	0xA7,	0x21,	'U',	0xA8,	0x21,
	'U',	0xA7,	0x21,	'U',	0xA7,	0x21,	'U',	0xA7,
	0x21,	'U',	0xA8,	0x21,	'V',	0xA8,	0x21,	'V',
	0xA8,	0x21,	'U',	0xA8,	0x21,	'U',	0xA8,	0x21,
	'U',	0xA7,	0x21,	'U',	0xA8,	0x21,	'U',	0xA8,
	0x21,	'U',	0xA8,	0x21,	'V',	0xA7,	0x21,	'U',
	0xA8,	0x21,	'L',	0xA7,	0x1E,	'L',	0xA7,	0x1E,
	'L',	0xA8,	0x1E,	'L',	0xA7,	0x1D,	'L',	0xA7,
	0x1D,	'L',	0xA8,	0x1D,	'L',	0xA8,	0x1C,	'D',
	0xA7,	0x1A,	'D',	0xA7,	0x1A,	'D',	0xA7,	0x1A,
	'D',	0xA7,	0x1A,	'D',	0xA7,	0x1C,	0x3E,	0xA8,
	0x1A,	0x3D,	0xA8,	0x1A,	0x3D,	0xA7,	0x1A,	0x3E,
	0xA7,	0x18,	0x3D,	0xA8,	0x18,	0x37,	0xA8,	0x18,
	0x37,	0xA8,	0x18,	0x37,	0xA7,	0x16,	0x37,	0xA8,
	0x16,	0x37,	0xA7,	0x15,	0x30,	0xA7,	0x15,	0x30,
	0xA8,	0x14,	0x30,	0xA8,	0x15,	0x30,	0xA8,	0x12,
	0x2A,	0xA7,	0x12,	0x2A,	0xA8,	0x10,	0x25,	0xA8,
	0x10,	0x25,	0xA7,	0x10,	0x25,	0xA7,	0x10,	0x20,
	0xA7,	0x10,	0x20,	0xA7,	0x10,	0x20,	0xA8,	0x10,
	0x20,	0xA7,	0x10,	0x20,	0xA7,	0xE,	0x1D,	0xA8,
	0xE,	0x1D,	0xA7,	0xF,	0x1D,	0xA8,	0xE,	0x1D,
	0xA8,	0xE,	0x18,	0xA8,	0xE,	0x18,	0xA7,	0xE,
	0x18,	0xA8,	0xE,	0x18,	0xA7,	0xE,	0x18,	0xA7,
	0xE,	0x18,	0xA7,	0xE,	0x18,	0xA7,	0xE,	0x15,
	0xA7,	0xF,	0x15,	0xA7,	0xE,	0x15,	0xA8,	0xE,
	0x15,	0xA8,	0xD,	0x15,	0xA8,	0xD,	0x15,	0xA8,
	0xD,	0x16,	0xA8,	0xE,	0x15,	0xA8,	0xD,	0x15,
	0xA8,	0xD,	0x15,	0xA7,	0xE,	0x15,	0xA7,	0xE,
	0x16,	0xA8,	0xE,	0x15,	0xA8,	0xE,	0x15,	0xA7,
	0xE,	0x15,	0xA8,	0xD,	0x16,	0xA8,	0xE,	0x15,
	0xA7,	0xE,	0x15,	0xA7,	0xE,	0x15,	0xA8,	0xE,
	0x15,	0xA7,	0xE,	0x15,	0xA8,	0xD,	0x15,	0xA7,
	0xE,	0x15,	0xA7,	0xE,	0x15,	0xA7,	0xE,	0x16,
	0xA8,	0xE,	0x15,	0xA8,	0xE,	0x15,	0xA8,	0xE,
	0x15,	0xA7,	0xE,	0x16,	0xA8,	0xE,	0x16,	0xA8,
	0xD,	0x15,	0xA7,	0xE,	0x15,	0xA7,	0xE,	0x15,
	0xA7,	0xE,	0x16,	0xA7,	0xE,	0x15,	0xA7,	0xE,
	0x16,	0xA7,	0xE,	0x16,	0xA7,	0xE,	0x15,	0xA7,
	0xE,	0x15,	0xA8,	0xD,	0x16,	0xA8,	0xD,	0x15,
	0xA8,	0xE,	0x15,	0xA7,	0xE,	0x15,	0xA8,	0xE,
	0x15,	0xA8,	0xD,	0x16,	0xA8,	0xD,	0x15,	0xA7,
	0xE,	0x16,	0xA7,	0xE,	0x15,	0xA8,	0xE,	0x16,
	0xA8,	0xE,	0x16,	0xA8,	0xD,	0x16,	0xA7,	0xE,
	0x15,	0xA7,	0xE,	0x16,	0xA7,	0xE,	0x15,	0xA8,
	0xE,	0x15,	'D',	0xE,	0x15,	0xA,	0xE,	0x15,
	0x24,	0x1F,	0x27,	0x26,	0x1F,	0x27,	0x23,	0x3B,
	0x82,	0x24,	0x3A,	0x82,	0x19,	0x31,	'p',	0x9,
	0x21,	'U',	'v',	0x21,	'U',	0xA7,	0x21,	'V',
	0xA7,	0x21,	'V',	0xA7,	0x21,	'V',	0xA7,	0x21,
	'U',	0xA7,	0x21,	'U',	0xA7,	0x21,	'V',	0xA8,
	0x21,	'U',	0xA7,	0x21,	'V',	0xA7,	0x21,	'V',
	0xA7,	0x21,	'V',	0xA7,	0x21,	'U',	0xA7,	0x21,
	'U',	0xA7,	0x21,	'U',	0xA7,	0x21,	'U',	0xA7,
	0x21,	'V',	0xA7,	0x21,	'U',	0xA7,	0x21,	'L',
	0xA7,	0x1F,	'L',	0xA7,	0x1F,	'L',	0xA7,	0x1E,
	'L',	0xA7,	0x1F,	'L',	0xA7,	0x1D,	'L',	0xA7,
	0x1D,	'L',	0xA7,	0x1D,	'D',	0xA7,	0x1D,	'D',
	0xA7,	0x1A,	'D',	0xA7,	0x1A,	'D',	0xA8,	0x1A,
	'D',	0xA7,	0x1A,	'D',	0xA7,	0x1A,	0x3D,	0xA7,
	0x1A,	0x3D,	0xA7,	0x1A,	0x3D,	0xA7,	0x18,	0x3D,
	0xA7,	0x18,	0x37,	0xA7,	0x18,	0x36,	0xA7,	0x18,
	0x37,	0xA7,	0x18,	0x37,	0xA7,	0x16,	0x37,	0xA7,
	0x15,	0x30,	0xA7,	0x15,	0x30,	0xA7,	0x15,	0x30,
	0xA7,	0x15,	0x30,	0xA8,	0x12,	0x2A,	0xA7,	0x12,
	0x2B,	0xA7,	0x12,	0x2A,	0xA7,	0x10,	0x25,	0xA7,
	0x10,	0x25,	0xA7,	0x10,	0x25,	0xA7,	0x10,	0x21,
	0xA7,	0x10,	0x20,	0xA7,	0x10,	0x21,	0xA8,	0x10,
	0x20,	0xA8,	0x10,	0x21,	0xA7,	0xE,	0x1D,	0xA7,
	0xF,	0x1D,	0xA7,	0xF,	0x1D,	0xA8,	0xE,	0x1D,
	0xA7,	0xF,	0x18,	0xA7,	0xE,	0x18,	0xA7,	0xE,
	0x18,	0xA8,	0xE,	0x18,	0xA7,	0xF,	0x18,	0xA7,
	0xF,	0x18,	0xA7,	0xF,	0x18,	0xA7,	0xE,	0x16,
	0xA7,	0xF,	0x15,	0xA7,	0xE,	0x15,	0xA7,	0xE,
	0x15,	0xA7,	0xE,	0x16,	0xA7,	0xE,	0x15,	0xA7,
	0xE,	0x15,	0xA7,	0xE,	0x16,	0xA7,	0xE,	0x15,
	0xA7,	0xE,	0x15,	0xA7,	0xE,	0x15,	0xA7,	0xE,
	0x15,	0xA7,	0xE,	0x15,	0xA7,	0xE,	0x15,	0xA8,
	0xE,	0x15,	0xA7,	0xE,	0x16,	0xA7,	0xE,	0x15,
	0xA7,	0xE,	0x15,	0xA7,	0xE,	0x15,	0xA7,	0xE,
	0x16,	0xA7,	0xE,	0x15,	0xA7,	0xE,	0x15,	0xA8,
	0xE,	0x16,	0xA7,	0xE,	0x15,	0xA7,	0xE,	0x15,
	0xA7,	0xE,	0x15,	0xA7,	0xE,	0x16,	0xA7,	0xE,
	0x16,	0xA7,	0xE,	0x15,	0xA7,	0xE,	0x15,	0xA7,
	0xE,	0x16,	0xA7,	0xE,	0x15,	0xA7,	0xE,	0x16,
	0xA7,	0xE,	0x16,	0xA7,	0xE,	0x16,	0xA7,	0xE,
	0x15,	0xA7,	0xE,	0x15,	0xA7,	0xE,	0x16,	0xA7,
	0xE,	0x15,	0xA7,	0xE,	0x16,	0xA7,	0xE,	0x15,
	0xA7,	0xE,	0x15,	0xA7,	0xE,	0x15,	0xA7,	0xE,
	0x15,	0xA8,	0xE,	0x15,	0xA7,	0xE,	0x15,	0xA7,
	0xE,	0x15,	0xA7,	0xE,	0x15,	0xA7,	0xE,	0x16,
	0xA8,	0xE,	0x15,	0xA8,	0xE,	0x15,	0xA7,	0xE,
	0x15,	0xA7,	0xE,	0x15,	0xA7,	0xE,	0x15,	0xA7,
	0xE,	0x16,	0x87,	0xE,	0x16,	0x16,	0xE,	0x15,
	0x17,	0x16,	0x1D,	0x28,	0x20,	0x28,	0x23,	0x38,
	'v',	0x21,	0x34,	'o',	0xE,	0x21,	'L',	0x40,
	0x21,	'L',	0xA2,	0x21,	'L',	0xA4,	0x21,	'L',
	0xA4,	0x21,	'L',	0xA4,	0x22,	'L',	0xA4,	0x21,
	'L',	0xA7,	0x21,	'L',	0xA7,	0x1F,	'V',	0xA7,
	0x1F,	'U',	0xA7,	0x1F,	'U',	0xA7,	0x1F,	'V',
	0xA7,	0x1F,	'V',	0xA7,	0x1F,	'V',	0xA7,	0x1F,
	'V',	0xA7,	0x1F,	'V',	0xA7,	0x1F,	'L',	0xA7,
	0x21,	'L',	0xA7,	0x1F,	'L',	0xA7,	0x1F,	'L',
	0xA7,	0x1D,	'L',	0xA7,	0x1D,	'L',	0xA7,	0x1D,
	'K',	0xA7,	0x1D,	'L',	0xA7,	0x1D,	'D',	0xA7,
	0x1D,	'D',	0xA7,	0x1D,	'D',	0xA7,	0x1D,	'D',
	0xA7,	0x1D,	0x3D,	0xA7,	0x1A,	0x3D,	0xA7,	0x1D,
	0x3D,	0xA7,	0x1A,	0x3D,	0xA7,	0x18,	0x3E,	0xA7,
	0x18,	0x3E,	0xA7,	0x18,	0x3E,	0xA7,	0x18,	0x37,
	0xA7,	0x18,	0x3D,	0xA7,	0x16,	0x37,	0xA7,	0x16,
	0x37,	0xA7,	0x16,	0x37,	0xA7,	0x15,	0x30,	0xA7,
	0x15,	0x30,	0xA7,	0x15,	0x30,	0xA7,	0x15,	0x30,
	0xA7,	0x12,	0x2A,	0xA7,	0x12,	0x2A,	0xA7,	0x12,
	0x2B,	0xA7,	0x10,	0x25,	0xA7,	0x11,	0x25,	0xA7,
	0x10,	0x25,	0xA7,	0x10,	0x20,	0xA7,	0x10,	0x20,
	0xA7,	0xF,	0x20,	0xA7,	0xF,	0x20,	0xA7,	0xF,
	0x20,	0xA7,	0x10,	0x1D,	0xA7,	0xF,	0x18,	0xA7,
	0xF,	0x18,	0xA7,	0xF,	0x18,	0xA7,	0xF,	0x18,
	0xA7,	0xF,	0x18,	0xA7,	0xF,	0x18,	0xA7,	0xF,
	0x18,	0xA7,	0xF,	0x18,	0xA7,	0xF,	0x18,	0xA7,
	0xF,	0x18,	0xA7,	0xF,	0x18,	0xA7,	0xE,	0x15,
	0xA7,	0xE,	0x16,	0xA7,	0xE,	0x15,	0xA7,	0xE,
	0x15,	0xA7,	0xE,	0x16,	0xA7,	0xE,	0x16,	0xA7,
	0xE,	0x15,	0xA7,	0xE,	0x15,	0xA7,	0xE,	0x16,
	0xA7,	0xE,	0x16,	0xA7,	0xE,	0x15,	0xA7,	0xE,
	0x16,	0xA7,	0xE,	0x15,	0xA7,	0xE,	0x16,	0xA7,
	0xE,	0x15,	0xA7,	0xE,	0x16,	0xA7,	0xE,	0x15,
	0xA7,	0xE,	0x16,	0xA7,	0xE,	0x15,	0xA7,	0xE,
	0x16,	0xA7,	0xE,	0x15,	0xA7,	0xE,	0x15,	0xA7,
	0xE,	0x15,	0xA7,	0xE,	0x15,	0xA7,	0xE,	0x15,
	0xA7,	0xE,	0x15,	0xA7,	0xE,	0x15,	0xA7,	0xE,
	0x16,	0xA7,	0xE,	0x15,	0xA7,	0xE,	0x15,	0xA7,
	0xE,	0x15,	0xA7,	0xE,	0x16,	0xA7,	0xE,	0x15,
	0xA7,	0xE,	0x15,	0xA7,	0xE,	0x16,	0xA7,	0xE,
	0x15,	0xA7,	0xE,	0x16,	0xA7,	0xE,	0x15,	0xA7,
	0xE,	0x15,	0xA7,	0xE,	0x15,	0xA7,	0xE,	0x16,
	0xA7,	0xE,	0x16,	0xA7,	0xE,	0x16,	0xA7,	0xE,
	0x15,	0xA7,	0xE,	0x15,	0xA7,	0xE,	0x15,	0xA7,
	0xE,	0x16,	0xA7,	0xE,	0x15,	0xA7,	0xE,	0x15,
	0xA7,	0xE,	0x15,	0xA7,	0xE,	0x15,	0xA7,	0xE,
	0x16,	0xA7,	0xE,	0x16,	0xA7,	0xE,	0x16,	0xA7,
	0xE,	0x16,	0xA7,	0xE,	0x15,	'y',	0xE,	0x16,
	0xB,	0xE,	0x15,	0x12,	0x13,	0x1A,	0x23,	0x37,
	't',	0xC,	0x22,	'P',	0x1C,	0x22,	'L',	0x40,
	0x21,	'L',	0x2F,	0x21,	'L',	0x2E,	0x22,	'L',
	0x2F,	0x22,	'L',	0x30,	0x22,	'L',	0x2C,	0x22,
	'L',	0x3A,	0x22,	'L',	0x91,	0x1F,	'U',	0xA7,
	0x1F,	'U',	0xA7,	0x1F,	'U',	0xA7,	0x1F,	'U',
	0xA7,	0x1F,	'U',	0xA7,	0x1F,	'U',	0xA7,	0x1F,
	'U',	0xA7,	0x1F,	'U',	0xA6,	0x22,	'L',	0xA7,
	0x1F,	'L',	0xA6,	0x1F,	'L',	0xA7,	0x1F,	'L',
	0xA7,	0x1D,	'L',	0xA6,	0x1D,	'L',	0xA7,	0x1F,
	'D',	0xA7,	0x1F,	'D',	0xA7,	0x1D,	'D',	0xA7,
	0x1D,	'D',	0xA6,	0x1D,	'D',	0xA7,	0x1D,	'D',
	0xA6,	0x1A,	0x3D,	0xA7,	0x1D,	0x3E,	0xA7,	0x1A,
	0x3D,	0xA7,	0x1A,	0x3D,	0xA7,	0x19,	0x3D,	0xA7,
	0x19,	0x3E,	0xA7,	0x19,	0x37,	0xA7,	0x18,	0x37,
	0xA7,	0x16,	0x37,	0xA7,	0x16,	0x37,	0xA6,	0x16,
	0x37,	0xA6,	0x16,	0x37,	0xA7,	0x15,	0x30,	0xA7,
	0x15,	0x30,	0xA7,	0x15,	0x30,	0xA7,	0x15,	0x2B,
	0xA7,	0x12,	0x2A,	0xA7,	0x12,	0x2A,	0xA7,	0x11,
	0x25,	0xA7,	0x11,	0x25,	0xA7,	0x11,	0x25,	0xA7,
	0x11,	0x25,	0xA7,	0x10,	0x21,	0xA7,	0x11,	0x20,
	0xA7,	0xF,	0x20,	0xA7,	0xF,	0x20,	0xA7,	0x10,
	0x1D,	0xA7,	0x10,	0x1D,	0xA6,	0xF,	0x18,	0xA7,
	0xF,	0x18,	0xA7,	0xF,	0x18,	0xA7,	0xF,	0x18,
	0xA7,	0xF,	0x18,	0xA6,	0xF,	0x18,	0xA7,	0xF,
	0x18,	0xA7,	0xF,	0x18,	0xA7,	0xF,	0x18,	0xA7,
	0xF,	0x18,	0xA7,	0xE,	0x16,	0xA7,	0xE,	0x15,
	0xA7,	0xE,	0x16,	0xA7,	0xE,	0x15,	0xA7,	0xE,
	0x16,	0xA7,	0xE,	0x15,	0xA7,	0xE,	0x15,	0xA7,
	0xE,	0x15,	0xA6,	0xE,	0x15,	0xA7,	0xE,	0x16,
	0xA7,	0xE,	0x16,	0xA7,	0xE,	0x16,	0xA7,	0xE,
	0x16,	0xA7,	0xE,	0x16,	0xA7,	0xE,	0x15,	0xA6,
	0xE,	0x16,	0xA7,	0xE,	0x16,	0xA7,	0xE,	0x15,
	0xA7,	0xE,	0x16,	0xA7,	0xE,	0x16,	0xA7,	0xE,
	0x16,	0xA7,	0xE,	0x15,	0xA7,	0xE,	0x16,	0xA7,
	0xE,	0x16,	0xA7,	0xE,	0x15,	0xA7,	0xE,	0x15,
	0xA7,	0xE,	0x16,	0xA7,	0xE,	0x16,	0xA7,	0xE,
	0x15,	0xA7,	0xE,	0x15,	0xA7,	0xE,	0x16,	0xA7,
	0xE,	0x15,	0xA7,	0xE,	0x15,	0xA7,	0xE,	0x15,
	0xA7,	0xE,	0x15,	0xA7,	0xE,	0x16,	0xA7,	0xE,
	0x15,	0xA7,	0xE,	0x16,	0xA7,	0xE,	0x15,	0xA7,
	0xE,	0x16,	0xA7,	0xE,	0x15,	0xA6,	0xE,	0x15,
	0xA7,	0xE,	0x15,	0xA7,	0xE,	0x16,	0xA7,	0xE,
	0x15,	0xA7,	0xE,	0x16,	0xA7,	0xE,	0x16,	0xA7,
	0xE,	0x15,	0xA7,	0xE,	0x16,	0xA7,	0xE,	0x15,
	0xA7,	0xE,	0x16,	0xA6,	0xE,	0x16,	0xA6,	0xE,
	0x15,	0xA7,	0xE,	0x15,	0xA7,	0xE,	0x16,	0xA7,
	0xE,	0x15,	0xA7,	0xE,	0x16,	0xA7,	0xE,	0x16,
	'R',	0xE,	0x15,	0x17,	0xE,	0x16,	0xD,	0x23,
	'Q',	0x8,	0x1F,	'L',	0xA,	0x1F,	'L',	0xA,
	0x20,	'N',	0x1A,	0x2D,	'c',	0x1A,	0x30,	'g',
	0x19,	0x2E,	'd',	0x1A,	0x32,	'f',	0x16,	0x2C,
	0x5D,	0x8,	0x22,	'L',	0x25,	0x1F,	'V',	'c',
	0x1F,	'U',	'n',	0x1F,	'U',	0x9C,	0x1F,	'V',
	0xA6,	0x1F,	'V',	0xA7,	0x1F,	'V',	0xA6,	0x1F,
	'V',	0xA6,	0x1F,	'U',	0xA6,	0x1F,	'L',	0xA6,
	0x1F,	'L',	0xA6,	0x1F,	'L',	0xA6,	0x1F,	'L',
	0xA6,	0x1D,	'L',	0xA6,	0x1F,	'D',	0xA6,	0x1F,
	'D',	0xA7,	0x1F,	'D',	0xA7,	0x1D,	'D',	0xA6,
	0x1D,	'D',	0xA7,	0x1D,	'D',	0xA7,	0x1D,	'D',
	0xA6,	0x1D,	0x3E,	0xA6,	0x1B,	0x3D,	0xA6,	0x19,
	0x3E,	0xA7,	0x19,	0x3E,	0xA6,	0x19,	0x3E,	0xA7,
	0x19,	0x3E,	0xA6,	0x19,	0x37,	0xA7,	0x19,	0x37,
	0xA6,	0x16,	0x37,	0xA7,	0x16,	0x37,	0xA7,	0x16,
	0x37,	0xA7,	0x16,	0x37,	0xA7,	0x15,	0x30,	0xA6,
	0x15,	0x30,	0xA7,	0x15,	0x30,	0xA7,	0x15,	0x2B,
	0xA6,	0x13,	0x2A,	0xA7,	0x13,	0x2A,	0xA7,	0x11,
	0x25,	0xA6,	0x11,	0x25,	0xA7,	0x11,	0x25,	0xA7,
	0x11,	0x25,	0xA6,	0x11,	0x20,	0xA7,	0x11,	0x20,
	0xA7,	0xF,	0x21,	0xA7,	0x11,	0x1D,	0xA7,	0x11,
	0x1D,	0xA6,	0x11,	0x1D,	0xA7,	0xF,	0x18,	0xA7,
	0xF,	0x18,	0xA7,	0xF,	0x18,	0xA7,	0xF,	0x18,
	0xA7,	0xF,	0x18,	0xA6,	0xF,	0x18,	0xA7,	0xF,
	0x18,	0xA7,	0xE,	0x15,	0xA7,	0xF,	0x18,	0xA6,
	0xF,	0x18,	0xA7,	0xE,	0x16,	0xA6,	0xE,	0x15,
	0xA7,	0xE,	0x16,	0xA6,	0xE,	0x15,	0xA7,	0xE,
	0x16,	0xA7,	0xE,	0x16,	0xA6,	0xE,	0x15,	0xA6,
	0xE,	0x15,	0xA7,	0xE,	0x15,	0xA6,	0xE,	0x15,
	0xA6,	0xE,	0x16,	0xA7,	0xE,	0x16,	0xA6,	0xE,
	0x16,	0xA6,	0xE,	0x16,	0xA6,	0xE,	0x15,	0xA7,
	0xE,	0x16,	0xA7,	0xE,	0x15,	0xA6,	0xE,	0x15,
	0xA7,	0xE,	0x16,	0xA7,	0xE,	0x16,	0xA7,	0xE,
	0x16,	0xA6,	0xE,	0x15,	0xA6,	0xE,	0x16,	0xA7,
	0xE,	0x16,	0xA7,	0xE,	0x16,	0xA7,	0xE,	0x16,
	0xA7,	0xE,	0x15,	0xA7,	0xE,	0x15,	0xA6,	0xE,
	0x16,	0xA6,	0xE,	0x15,	0xA7,	0xE,	0x16,	0xA6,
	0xE,	0x16,	0xA7,	0xE,	0x15,	0xA6,	0xE,	0x15,
	0xA7,	0xE,	0x15,	0xA7,	0xE,	0x16,	0xA7,	0xE,
	0x15,	0xA7,	0xE,	0x16,	0xA7,	0xE,	0x16,	0xA6,
	0xE,	0x16,	0xA7,	0xE,	0x15,	0xA7,	0xE,	0x16,
	0xA6,	0xE,	0x15,	0xA6,	0xE,	0x16,	0xA7,	0xE,
	0x16,	0xA6,	0xE,	0x15,	0xA6,	0xE,	0x16,	0xA7,
	0xE,	0x15,	0xA6,	0xE,	0x15,	0xA6,	0xE,	0x16,
	0xA6,	0xE,	0x16,	0xA6,	0xE,	0x16,	0x8C,	0xE,
	0x16,	0x60,	0xE,	0x15,	'c',	0xE,	0x16,	'b',
	0xE,	0x16,	'b',	0xE,	0x16,	'b',	0xE,	0x15,
	0x85,	0xE,	0x16,	0x39,	0xE,	0x16,	0x10,	0x26,
	'Y',	0xC,	0x23,	'Q',	0x18,	0x2D,	'b',	0x21,
	0x35,	'p',	0x1F,	0x33,	'm',	0x1F,	0x32,	'l',
	0x1F,	0x33,	'o',	0x21,	0x36,	'q',	0x22,	0x36,
	'r',	0x1C,	0x33,	'i',	0xF,	0x25,	0x5F,	0xD,
	0x23,	0x5B,	0xD,	0x20,	'V',	0x15,	0x1F,	'V',
	0x30,	0x1F,	'V',	0x5B,	0x1F,	'U',	0x93,	0x1D,
	'L',	0xA6,	0x1D,	'L',	0xA6,	0x1F,	'L',	0xA6,
	0x1F,	'L',	0xA6,	0x1F,	'L',	0xA6,	0x1F,	'L',
	0xA6,	0x1D,	'L',	0xA6,	0x1F,	'D',	0xA6,	0x1F,
	'D',	0xA7,	0x1F,	'D',	0xA6,	0x1D,	'D',	0xA6,
	0x1D,	'D',	0xA6,	0x1D,	'D',	0xA6,	0x1D,	'D',
	0xA6,	0x1B,	0x3E,	0xA7,	0x1A,	0x3E,	0xA6,	0x19,
	0x3E,	0xA6,	0x19,	0x3E,	0xA6,	0x19,	0x3E,	0xA6,
	0x19,	0x37,	0xA6,	0x19,	0x37,	0xA6,	0x19,	0x37,
	0xA6,	0x16,	0x37,	0xA6,	0x16,	0x37,	0xA6,	0x16,
	0x37,	0xA6,	0x16,	0x37,	0xA6,	0x15,	0x31,	0xA6,
	0x15,	0x30,	0xA6,	0x15,	0x30,	0xA7,	0x15,	0x2B,
	0xA7,	0x12,	0x2B,	0xA6,	0x13,	0x2A,	0xA6,	0x11,
	0x25,	0xA6,	0x11,	0x25,	0xA6,	0x11,	0x25,	0xA6,
	0x11,	0x21,	0xA7,	0x11,	0x20,	0xA6,	0x11,	0x21,
	0xA6,	0xF,	0x21,	0xA6,	0x11,	0x1D,	0xA7,	0x11,
	0x1D,	0xA6,	0x11,	0x1D,	0xA6,	0xF,	0x18,	0xA6,
	0xF,	0x18,	0xA6,	0xF,	0x18,	0xA6,	0xF,	0x18,
	0xA6,	0xF,	0x18,	0xA6,	0xF,	0x18,	0xA6,	0xE,
	0x16,	0xA7,	0xE,	0x15,	0xA6,	0xF,	0x18,	0xA6,
	0xE,	0x15,	0xA6,	0xE,	0x16,	0xA7,	0xE,	0x15,
	0xA6,	0xE,	0x16,	0xA7,	0xE,	0x16,	0xA6,	0xE,
	0x16,	0xA6,	0xE,	0x15,	0xA6,	0xE,	0x16,	0xA6,
	0xE,	0x16,	0xA7,	0xE,	0x16,	0xA6,	0xE,	0x15,
	0xA6,	0xE,	0x16,	0xA6,	0xE,	0x15,	0xA6,	0xE,
	0x15,	0xA6,	0xE,	0x16,	0xA6,	0xE,	0x15,	0xA6,
	0xE,	0x16,	0xA6,	0xE,	0x16,	0xA7,	0xE,	0x16,
	0xA6,	0xE,	0x16,	0xA6,	0xE,	0x15,	0xA6,	0xE,
	0x15,	0xA7,	0xE,	0x16,	0xA6,	0xE,	0x16,	0xA6,
	0xE,	0x16,	0xA6,	0xE,	0x16,	0xA6,	0xE,	0x16,
	0xA6,	0xE,	0x15,	0xA6,	0xE,	0x16,	0xA6,	0xE,
	0x16,	0xA6,	0xE,	0x16,	0xA6,	0xE,	0x16,	0xA6,
	0xE,	0x16,	0xA7,	0xE,	0x15,	0xA6,	0xE,	0x16,
	0xA6,	0xE,	0x16,	0xA6,	0xE,	0x16,	0xA6,	0xE,
	0x15,	0xA6,	0xE,	0x15,	0xA7,	0xE,	0x15,	0xA6,
	0xE,	0x16,	0xA6,	0xE,	0x16,	0xA6,	0xE,	0x15,
	0xA6,	0xE,	0x16,	0xA6,	0xE,	0x16,	0xA6,	0xE,
	0x16,	0xA6,	0xE,	0x15,	0xA6,	0xE,	0x16,	0xA6,
	0xE,	0x15,	0xA2,	0xE,	0x16,	0x83,	0xE,	0x16,
	'n',	0xE,	0x15,	'N',	0xE,	0x16,	0x15,	0xE,
	0x16,	0xD,	0x10,	0x17,	0xE,	0x11,	0x18,	0xE,
	0x10,	0x17,	0xF,	0x11,	0x17,	0xF,	0x11,	0x18,
	0x18,	0xE,	0x16,	0x17,	0xE,	0x16,	0x20,	0x31,
	'o',	0x1F,	0x30,	'm',	0x1F,	0x30,	'm',	0x20,
	0x31,	'o',	0x22,	0x32,	'q',	0x24,	0x34,	's',
	0x24,	0x34,	's',	0x22,	0x32,	'q',	0x21,	0x31,
	'o',	0x1F,	0x30,	'm',	0x20,	0x30,	'm',	0x22,
	0x31,	'p',	0x1F,	0x2F,	'k',	0x19,	0x2A,	'a',
	0x15,	0x27,	0x5D,	0xD,	0x20,	'P',	0x16,	0x1D,
	'L',	'J',	0x1D,	'L',	0xA2,	0x1D,	'L',	0xA6,
	0x1D,	'L',	0xA6,	0x1D,	'L',	0xA6,	0x1D,	'L',
	0xA6,	0x1B,	'D',	0xA6,	0x1B,	'D',	0xA6,	0x1B,
	'D',	0xA6,	0x1B,	'D',	0xA6,	0x1B,	0x3E,	0xA6,
	0x1B,	0x3E,	0xA6,	0x1B,	0x3D,	0xA6,	0x1B,	0x3E,
	0xA6,	0x19,	0x3E,	0xA6,	0x19,	0x3E,	0xA6,	0x19,
	0x3E,	0xA6,	0x19,	0x3E,	0xA6,	0x16,	0x37,	0xA6,
	0x16,	0x37,	0xA6,	0x16,	0x37,	0xA6,	0x16,	0x37,
	0xA6,	0x15,	0x30,	0xA6,	0x15,	0x30,	0xA6,	0x15,
	0x30,	0xA6,	0x15,	0x30,	0xA6,	0x15,	0x30,	0xA6,
	0x13,	0x2B,	0xA6,	0x13,	0x2A,	0xA6,	0x13,	0x2B,
	0xA6,	0x13,	0x25,	0xA6,	0x13,	0x25,	0xA6,	0x11,
	0x25,	0xA6,	0x11,	0x25,	0xA6,	0x11,	0x21,	0xA6,
	0x11,	0x21,	0xA6,	0x11,	0x20,	0xA6,	0x11,	0x20,
	0xA6,	0x11,	0x1D,	0xA6,	0x11,	0x1D,	0xA6,	0x11,
	0x1D,	0xA6,	0xF,	0x1D,	0xA6,	0xF,	0x18,	0xA6,
	0xF,	0x18,	0xA6,	0xF,	0x18,	0xA6,	0xF,	0x18,
	0xA6,	0xE,	0x18,	0xA6,	0xE,	0x18,	0xA6,	0xE,
	0x18,	0xA6,	0xE,	0x18,	0xA6,	0xE,	0x18,	0xA6,
	0xE,	0x18,	0xA6,	0xE,	0x15,	0xA6,	0xE,	0x16,
	0xA6,	0xE,	0x15,	0xA6,	0xE,	0x15,	0xA6,	0xE,
	0x15,	0xA6,	0xE,	0x16,	0xA6,	0xE,	0x15,	0xA6,
	0xE,	0x16,	0xA6,	0xE,	0x16,	0xA6,	0xE,	0x16,
	0xA6,	0xE,	0x16,	0xA6,	0xE,	0x15,	0xA6,	0xE,
	0x15,	0xA6,	0xE,	0x16,	0xA6,	0xE,	0x16,	0xA6,
	0xE,	0x15,	0xA6,	0xE,	0x16,	0xA6,	0xE,	0x16,
	0xA6,	0xE,	0x15,	0xA6,	0xE,	0x16,	0xA6,	0xE,
	0x16,	0xA6,	0xE,	0x16,	0xA6,	0xE,	0x16,	0xA6,
	0xE,	0x16,	0xA6,	0xE,	0x16,	0xA6,	0xE,	0x16,
	0xA6,	0xE,	0x16,	0xA6,	0xE,	0x16,	0xA6,	0xE,
	0x16,	0xA6,	0xE,	0x15,	0xA6,	0xE,	0x16,	0xA6,
	0xE,	0x15,	0xA6,	0xE,	0x15,	0xA6,	0xE,	0x16,
	0xA6,	0xE,	0x16,	0xA6,	0xE,	0x16,	0xA6,	0xE,
	0x16,	0xA6,	0xE,	0x15,	0xA6,	0xE,	0x16,	0xA6,
	0xE,	0x15,	0xA6,	0xE,	0x16,	0xA6,	0xE,	0x15,
	0xA6,	0xE,	0x16,	0xA6,	0xE,	0x16,	0xA6,	0xE,
	0x16,	0x9C,	0xE,	0x16,	'r',	0xE,	0x15,	'E',
	0xE,	0x16,	0x26,	0xE,	0x16,	0x11,	0xE,	0x16,
	0xF,	0xF,	0x16,	0xE,	0x11,	0x17,	0x17,	0x16,
	0x1E,	0x22,	0x1E,	0x26,	0x24,	0x1E,	0x26,	0x26,
	0x1F,	0x27,	0x27,	0x20,	0x28,	0x27,	0x20,	0x28,
	0x28,	0x20,	0x28,	0x21,	0x1D,	0x23,	0x21,	0x31,
	'p',	0x22,	0x33,	'r',	0x23,	0x34,	's',	0x22,
	0x33,	'r',	0x22,	0x33,	'r',	0x22,	0x32,	'q',
	0x20,	0x31,	'o',	0x1F,	0x30,	'm',	0x1F,	0x31,
	'o',	0x21,	0x32,	'q',	0x22,	0x37,	'f',	0x21,
	0x36,	'f',	0x21,	0x35,	'e',	0x1F,	0x33,	'c',
	0x20,	0x31,	'd',	0x22,	0x32,	'f',	0x18,	0x2A,
	'W',	0x8,	0x1D,	'D',	0x27,	0x1D,	'L',	0x98,
	0x1D,	'L',	0xA6,	0x1D,	'L',	0xA6,	0x1B,	'D',
	0xA6,	0x1B,	'D',	0xA6,	0x1B,	'D',	0xA6,	0x1B,
	'D',	0xA6,	0x1B,	'D',	0xA6,	0x1B,	0x3D,	0xA6,
	0x1B,	0x3D,	0xA6,	0x1B,	0x3D,	0xA6,	0x1B,	0x3E,
	0xA6,	0x19,	0x3E,	0xA6,	0x19,	0x3D,	0xA6,	0x19,
	0x3E,	0xA6,	0x19,	0x37,	0xA6,	0x17,	0x37,	0xA6,
	0x16,	0x37,	0xA6,	0x16,	0x37,	0xA6,	0x16,	0x37,
	0xA6,	0x16,	0x30,	0xA6,	0x15,	0x30,	0xA6,	0x15,
	0x30,	0xA6,	0x16,	0x30,	0xA6,	0x15,	0x30,	0xA6,
	0x13,	0x2B,	0xA6,	0x13,	0x2A,	0xA6,	0x13,	0x2B,
	0xA6,	0x13,	0x25,	0xA6,	0x13,	0x25,	0xA6,	0x11,
	0x25,	0xA6,	0x13,	0x25,	0xA6,	0x11,	0x20,	0xA6,
	0x11,	0x21,	0xA6,	0x11,	0x21,	0xA6,	0x11,	0x21,
	0xA6,	0x11,	0x1D,	0xA6,	0x11,	0x1D,	0xA6,	0xF,
	0x1D,	0xA6,	0xF,	0x1D,	0xA6,	0xF,	0x18,	0xA5,
	0xF,	0x18,	0xA6,	0xF,	0x18,	0xA6,	0x10,	0x18,
	0xA5,	0xF,	0x18,	0xA6,	0xF,	0x18,	0xA6,	0xE,
	0x18,	0xA6,	0xE,	0x18,	0xA6,	0xE,	0x18,	0xA6,
	0xE,	0x18,	0xA6,	0xF,	0x16,	0xA6,	0xE,	0x16,
	0xA4,	0xE,	0x16,	0xA2,	0xF,	0x16,	0x96,	0xE,
	0x16,	0x84,	0xE,	0x16,	0x9B,	0xE,	0x16,	0xA6,
	0xE,	0x16,	0xA6,	0xE,	0x16,	0xA5,	0xF,	0x16,
	0xA6,	0xF,	0x16,	0xA6,	0xE,	0x16,	0xA5,	0xF,
	0x15,	0xA6,	0xE,	0x16,	0xA6,	0xF,	0x15,	0xA6,
	0xE,	0x16,	0xA6,	0xE,	0x16,	0xA6,	0xE,	0x16,
	0xA6,	0xE,	0x16,	0xA6,	0xE,	0x16,	0xA6,	0xE,
	0x15,	0xA6,	0xF,	0x15,	0xA6,	0xF,	0x16,	0xA6,
	0xE,	0x16,	0xA6,	0xE,	0x16,	0xA6,	0xE,	0x16,
	0xA6,	0xE,	0x15,	0xA6,	0xE,	0x15,	0xA6,	0xE,
	0x16,	0xA6,	0xE,	0x16,	0xA6,	0xE,	0x16,	0xA6,
	0xE,	0x16,	0xA6,	0xE,	0x16,	0xA6,	0xF,	0x16,
	0xA6,	0xE,	0x15,	0xA6,	0xE,	0x15,	0xA6,	0xE,
	0x15,	0xA6,	0xE,	0x16,	0xA6,	0xE,	0x16,	0xA6,
	0xE,	0x16,	0xA6,	0xF,	0x16,	0xA6,	0xE,	0x16,
	0xA6,	0xE,	0x16,	0xA6,	0xF,	0x15,	0x99,	0xE,
	0x16,	0x21,	0xE,	0x16,	0x8,	0xE,	0x15,	0x10,
	0x12,	0x18,	0x18,	0x17,	0x1E,	0x25,	0x1F,	0x27,
	0x27,	0x21,	0x29,	0x24,	0x1F,	0x27,	0x22,	0x1D,
	0x25,	0x27,	0x20,	0x28,	0x2C,	0x22,	0x2A,	0x2C,
	0x22,	0x2A,	0x2C,	0x22,	0x2A,	0x29,	0x21,	0x29,
	0x27,	0x20,	0x28,	0x29,	0x20,	0x28,	0x22,	0x30,
	'g',	0x22,	0x2F,	'f',	0x20,	0x31,	'p',	0x1F,
	0x30,	'm',	0x1E,	0x31,	'o',	0x21,	0x31,	'p',
	0x22,	0x32,	'q',	0x21,	0x32,	'q',	0x21,	0x32,
	'q',	0x21,	0x31,	'p',	0x21,	0x35,	'e',	0x20,
	0x35,	'e',	0x22,	0x36,	'e',	0x25,	0x38,	'i',
	0x24,	0x34,	'h',	0x24,	0x34,	'h',	0x26,	0x35,
	'j',	0x1D,	0x2E,	0x5F,	0xB,	0x1F,	'N',	0x1D,
	0x1E,	'L',	0x8B,	0x1B,	'D',	0xA6,	0x1B,	'D',
	0xA3,	0x1B,	'D',	0xA3,	0x1B,	'D',	0xA4,	0x1B,
	'D',	0xA5,	0x1B,	'D',	0xA5,	0x1B,	0x3E,	0xA6,
	0x1B,	0x3E,	0xA6,	0x1B,	0x3E,	0xA6,	0x1B,	0x3E,
	0xA5,	0x19,	0x3D,	0xA5,	0x19,	0x37,	0xA5,	0x19,
	0x37,	0xA5,	0x19,	0x37,	0xA6,	0x16,	0x37,	0xA5,
	0x16,	0x37,	0xA5,	0x17,	0x37,	0xA5,	0x17,	0x37,
	0xA6,	0x16,	0x30,	0xA5,	0x15,	0x30,	0xA6,	0x16,
	0x30,	0xA5,	0x16,	0x30,	0xA5,	0x13,	0x2B,	0xA6,
	0x13,	0x2B,	0xA5,	0x13,	0x2B,	0xA6,	0x11,	0x25,
	0xA5,	0x13,	0x25,	0xA5,	0x13,	0x25,	0xA6,	0x13,
	0x25,	0xA5,	0x11,	0x25,	0xA6,	0x11,	0x21,	0xA6,
	0x11,	0x21,	0x9E,	0x11,	0x21,	0x90,	0x11,	0x21,
	0x90,	0x11,	0x1D,	0x91,	0x11,	0x1D,	'o',	0xF,
	0x1D,	0x91,	0xF,	0x1D,	0xA5,	0x10,	0x19,	0xA6,
	0xF,	0x18,	0xA5,	0x10,	0x18,	0xA5,	0xF,	0x18,
	0xA6,	0xF,	0x18,	0xA6,	0xE,	0x18,	0xA6,	0xE,
	0x18,	0xA6,	0xF,	0x18,	0xA6,	0xE,	0x18,	0xA3,
	0xF,	0x18,	0x94,	0xF,	0x16,	'a',	0xF,	0x16,
	0x2C,	0xF,	0x16,	0x31,	0xE,	0x16,	0x2A,	0xF,
	0x15,	0x3D,	0xF,	0x15,	0x89,	0xE,	0x16,	0xA6,
	0xF,	0x16,	0xA6,	0xF,	0x15,	0xA5,	0xF,	0x15,
	0xA6,	0xE,	0x16,	0xA6,	0xF,	0x15,	0xA6,	0xF,
	0x16,	0xA6,	0xF,	0x16,	0xA6,	0xE,	0x16,	0xA6,
	0xE,	0x16,	0xA1,	0xF,	0x16,	0x90,	0xE,	0x16,
	'U',	0xF,	0x16,	'd',	0xF,	0x16,	0xA6,	0xF,
	0x16,	0xA6,	0xF,	0x16,	0xA6,	0xE,	0x16,	0xA5,
	0xF,	0x16,	0xA6,	0xE,	0x16,	0xA6,	0xF,	0x16,
	0xA6,	0xE,	0x16,	0xA6,	0xE,	0x16,	0xA6,	0xF,
	0x16,	0xA6,	0xF,	0x16,	0xA6,	0xE,	0x16,	0xA6,
	0xF,	0x15,	0xA5,	0xF,	0x15,	0xA6,	0xF,	0x16,
	0xA5,	0xF,	0x16,	0xA6,	0xF,	0x16,	0xA6,	0xE,
	0x16,	0xA5,	0xF,	0x16,	0xA5,	0xF,	0x16,	0xA6,
	0xF,	0x16,	0xA6,	0xF,	0x16,	0xA5,	0xF,	0x16,
	0xA5,	0xF,	0x15,	'b',	0xF,	0x15,	0x20,	0xF,
	0x16,	0xC,	0x10,	0x17,	0x19,	0x17,	0x1E,	0x24,
	0x1F,	0x26,	0x27,	0x20,	0x28,	0x29,	0x22,	0x2A,
	0x22,	0x1F,	0x26,	0x24,	0x1E,	0x26,	0x29,	0x21,
	0x29,	0x2D,	0x23,	0x2B,	0x2C,	0x22,	0x2A,	0x29,
	0x20,	0x28,	0x2C,	0x22,	0x2A,	0x2C,	0x23,	0x2B,
	0x2C,	0x22,	0x29,	0x2C,	0x22,	0x2A,	0x1D,	0x2D,
	'b',	0x20,	0x2F,	'd',	0x22,	0x33,	'f',	0x22,
	0x33,	'g',	0x22,	0x33,	'g',	0x23,	0x34,	'h',
	0x24,	0x31,	'd',	0x24,	0x30,	'c',	0x25,	0x32,
	'd',	0x27,	0x33,	'f',	0x24,	0x33,	'r',	0x24,
	0x34,	's',	0x25,	0x35,	't',	0x25,	0x35,	't',
	0x26,	0x35,	'j',	0x25,	0x35,	'j',	0x25,	0x35,
	'k',	0x25,	0x36,	'l',	0x26,	0x33,	'l',	0x14,
	0x25,	'R',	0x19,	0x1B,	'D',	0x34,	0x1B,	'D',
	0x32,	0x1B,	'D',	0x33,	0x1B,	'D',	0x32,	0x1D,
	0x3E,	'P',	0x1E,	0x3E,	'a',	0x1B,	0x3E,	0x5E,
	0x1B,	0x3E,	0x5F,	0x1B,	0x3E,	0x93,	0x19,	0x3E,
	0xA5,	0x19,	0x37,	0xA6,	0x19,	0x37,	0xA6,	0x19,
	0x37,	0xA5,	0x19,	0x37,	0xA6,	0x16,	0x37,	0xA5,
	0x17,	0x37,	0xA5,	0x17,	0x37,	0xA5,	0x17,	0x37,
	0xA5,	0x16,	0x30,	0xA5,	0x16,	0x30,	0xA5,	0x16,
	0x30,	0xA5,	0x16,	0x2B,	0xA5,	0x13,	0x2B,	0xA6,
	0x13,	0x2B,	0xA5,	0x11,	0x25,	0xA6,	0x11,	0x25,
	0xA6,	0x13,	0x25,	0xA5,	0x13,	0x25,	0x9E,	0x11,
	0x25,	0x7B,	0x11,	0x25,	'R',	0x11,	0x21,	0x30,
	0x12,	0x21,	0x28,	0x11,	0x21,	0x3A,	0x11,	0x1D,
	0x3B,	0x11,	0x1D,	0x3A,	0x10,	0x1D,	0x3A,	0x10,
	0x1D,	0x93,	0x10,	0x1D,	0xA6,	0x10,	0x19,	0xA5,
	0x10,	0x18,	0xA5,	0x10,	0x18,	0xA5,	0x10,	0x18,
	0xA5,	0xE,	0x19,	0xA5,	0xF,	0x18,	0x82,	0xF,
	0x18,	0x5E,	0xF,	0x18,	'a',	0xF,	0x18,	0x39,
	0xF,	0x18,	0x2E,	0xF,	0x16,	0x40,	0xF,	0x16,
	'n',	0xF,	0x16,	0x97,	0xF,	0x16,	0x9C,	0xF,
	0x16,	0xA5,	0xF,	0x16,	0xA5,	0xF,	0x16,	0xA5,
	0xF,	0x16,	0xA5,	0xF,	0x16,	0xA6,	0xF,	0x16,
	0xA5,	0xF,	0x15,	0xA5,	0xF,	0x16,	0xA5,	0xF,
	0x16,	0xA5,	0xF,	0x16,	0x93,	0xF,	0x16,	'I',
	0xF,	0x16,	0x20,	0xF,	0x15,	0x21,	0xF,	0x16,
	0x3E,	0xF,	0x16,	'b',	0xF,	0x16,	0x98,	0xF,
	0x16,	0x9C,	0xF,	0x16,	0xA5,	0xF,	0x16,	0xA6,
	0xE,	0x16,	0xA6,	0xE,	0x16,	0xA5,	0xF,	0x16,
	0xA6,	0xF,	0x16,	0xA5,	0xF,	0x16,	0xA5,	0xF,
	0x16,	0xA5,	0xE,	0x16,	0xA5,	0xF,	0x15,	0xA5,
	0xF,	0x16,	0xA6,	0xF,	0x16,	0xA6,	0xE,	0x16,
	0xA5,	0xF,	0x16,	0xA6,	0xF,	0x16,	0xA6,	0xF,
	0x16,	0xA5,	0xF,	0x16,	0xA5,	0xF,	0x16,	0xA6,
	0xF,	0x16,	0xA5,	0xF,	0x16,	0x98,	0xF,	0x16,
	0x35,	0xF,	0x16,	0x9,	0xF,	0x16,	0x13,	0x14,
	0x1B,	0x25,	0x1F,	0x26,	0x24,	0x1F,	0x26,	0x24,
	0x1F,	0x26,	0x27,	0x20,	0x28,	0x29,	0x22,	0x2A,
	0x29,	0x21,	0x29,	0x2D,	0x23,	0x2B,	0x2D,	0x23,
	0x2B,	0x29,	0x21,	0x29,	0x29,	0x21,	0x29,	0x2B,
	0x22,	0x29,	0x29,	0x21,	0x29,	0x29,	0x21,	0x28,
	0x29,	0x20,	0x28,	0x2C,	0x22,	0x2A,	0x21,	0x33,
	0x5C,	0x21,	0x30,	0x5C,	0x22,	0x33,	0x5D,	0x22,
	0x33,	0x5D,	0x21,	0x31,	0x5B,	0x22,	0x32,	0x5B,
	0x21,	0x32,	0x5B,	0x22,	0x32,	0x5C,	0x25,	0x35,
	0x5F,	0x27,	0x37,	'b',	0x24,	0x32,	'j',	0x27,
	0x33,	'k',	0x25,	0x32,	'j',	0x26,	0x31,	'j',
	0x24,	0x32,	'h',	0x22,	0x31,	'g',	0x25,	0x33,
	'l',	0x27,	0x34,	'n',	0x27,	0x34,	'c',	0x27,
	0x34,	'c',	0x20,	0x2E,	'X',	0x1E,	0x2C,	'U',
	0x1E,	0x2A,	'U',	0x1F,	0x2A,	'U',	0x1B,	0x27,
	'Q',	0x10,	0x1E,	'D',	0xF,	0x1E,	'C',	0x10,
	0x1F,	'D',	0xC,	0x1C,	0x40,	0x15,	0x17,	0x37,
	0x34,	0x17,	0x37,	0x7B,	0x17,	0x37,	0xA1,	0x17,
	0x37,	0xA5,	0x17,	0x37,	0xA5,	0x16,	0x31,	0xA5,
	0x16,	0x30,	0x9D,	0x16,	0x30,	0x39,	0x16,	0x30,
	'r',	0x16,	0x30,	0xA5,	0x16,	0x30,	0xA5,	0x13,
	0x2B,	0xA6,	0x13,	0x2A,	0xA5,	0x13,	0x26,	0xA5,
	0x13,	0x26,	0xA5,	0x13,	0x25,	0xA5,	0x12,	0x25,
	0xA1,	0x12,	0x25,	'L',	0x12,	0x25,	0x12,	0x12,
	0x21,	0xF,	0x12,	0x21,	0xB,	0x13,	0x22,	0x8,
	0x12,	0x21,	0x12,	0x12,	0x1D,	'w',	0x12,	0x1D,
	0xA2,	0x12,	0x1D,	0xA5,	0x10,	0x18,	0xA5,	0x10,
	0x18,	0xA5,	0x10,	0x18,	0xA5,	0x10,	0x18,	0xA5,
	0x10,	0x18,	0xA5,	0x10,	0x18,	0xA5,	0x10,	0x19,
	0xA2,	0xF,	0x18,	't',	0xF,	0x18,	0x15,	0xF,
	0x18,	0x8,	0xF,	0x16,	0x8,	0xF,	0x18,	0x34,
	0xF,	0x18,	0xA5,	0xF,	0x16,	0xA5,	0xF,	0x16,
	0xA5,	0xF,	0x16,	0xA5,	0xF,	0x16,	0xA5,	0xF,
	0x16,	0xA5,	0xF,	0x16,	0xA5,	0xF,	0x16,	0xA5,
	0xF,	0x16,	0xA5,	0xF,	0x15,	0xA5,	0xF,	0x16,
	0xA5,	0xF,	0x16,	0xA3,	0xF,	0x16,	0x7B,	0xF,
	0x15,	0x2C,	0xF,	0x16,	0x10,	0xF,	0x16,	0x8,
	0xF,	0x16,	0x8,	0xF,	0x16,	0x10,	0xF,	0x16,
	0x18,	0xF,	0x16,	0x16,	0xF,	0x15,	0x12,	0xF,
	0x16,	0x15,	0xF,	0x16,	0x32,	0xF,	0x16,	0x34,
	0xF,	0x16,	'H',	0xF,	0x16,	0x97,	0xF,	0x16,
	0x9A,	0xF,	0x16,	0x9B,	0xF,	0x16,	0x9A,	0xF,
	0x16,	0xA3,	0xF,	0x16,	0xA5,	0xF,	0x16,	0xA5,
	0xF,	0x16,	0xA5,	0xF,	0x16,	0x9D,	0xF,	0x16,
	0x9B,	0xF,	0x15,	0x9B,	0xF,	0x16,	0x8D,	0xF,
	0x16,	0x3A,	0xF,	0x16,	0x34,	0xF,	0x16,	0x35,
	0xF,	0x16,	0x37,	0xF,	0x16,	0x1F,	0xF,	0x16,
	0xB,	0x10,	0x17,	0x1F,	0x1C,	0x23,	0x24,	0x1F,
	0x26,	0x24,	0x1F,	0x26,	0x24,	0x1F,	0x26,	0x27,
	0x20,	0x28,	0x29,	0x21,	0x29,	0x29,	0x22,	0x2A,
	0x2B,	0x22,	0x2A,	0x2C,	0x23,	0x2B,	0x2C,	0x23,
	0x2B,	0x2B,	0x22,	0x2A,	0x2B,	0x22,	0x2A,	0x2C,
	0x22,	0x2A,	0x2C,	0x22,	0x2A,	0x29,	0x21,	0x29,
	0x27,	0x21,	0x28,	0x29,	0x21,	0x28,	0x22,	0x30,
	0x5D,	0x21,	0x30,	0x5B,	0x22,	0x32,	'Z',	0x22,
	0x33,	0x5C,	0x25,	0x36,	0x60,	0x25,	0x35,	0x5F,
	0x25,	0x37,	'b',	0x25,	0x37,	'b',	0x27,	0x38,
	'c',	0x27,	0x39,	'd',	0x27,	0x36,	'o',	0x27,
	0x34,	'm',	0x27,	0x36,	'o',	0x27,	0x34,	'm',
	0x25,	0x33,	'l',	0x25,	0x34,	'l',	0x27,	0x35,
	'n',	0x27,	0x35,	'o',	0x27,	0x35,	'd',	0x29,
	0x35,	'd',	0x2C,	0x35,	'd',	0x29,	0x35,	'c',
	0x27,	0x31,	'a',	0x27,	0x31,	'a',	0x27,	0x31,
	'a',	0x29,	0x32,	'c',	0x27,	0x31,	'a',	0x29,
	0x32,	'b',	0x29,	0x2F,	'Z',	0x13,	0x20,	0x40,
	0xC,	0x19,	0x3A,	0x15,	0x17,	0x37,	0x19,	0x17,
	0x37,	0x82,	0x17,	0x37,	0xA5,	0x16,	0x31,	'Z',
	0x16,	0x30,	0x2B,	0x16,	0x30,	0x8,	0x16,	0x31,
	0x1A,	0x16,	0x30,	'I',	0x13,	0x2B,	0x9D,	0x14,
	0x2B,	0xA5,	0x14,	0x2B,	0xA5,	0x13,	0x26,	0xA5,
	0x14,	0x25,	0xA1,	0x12,	0x25,	'a',	0x13,	0x25,
	0x1E,	0x12,	0x25,	0xD,	0x13,	0x20,	0x10,	0x16,
	0x26,	0x1C,	0x1E,	0x2E,	0x24,	0x23,	0x36,	0x17,
	0x1A,	0x2B,	0xD,	0x14,	0x1F,	0x17,	0x12,	0x1D,
	0x26,	0x10,	0x18,	'B',	0x10,	0x18,	'B',	0x10,
	0x18,	'C',	0x10,	0x19,	'o',	0x10,	0x18,	'w',
	0x10,	0x19,	'h',	0x10,	0x18,	0x3F,	0x10,	0x19,
	0x24,	0xF,	0x18,	0x15,	0xF,	0x18,	0xC,	0x11,
	0x17,	0x12,	0x14,	0x1B,	0xE,	0x12,	0x1C,	0x19,
	0xF,	0x18,	0x3F,	0xF,	0x16,	'c',	0xF,	0x15,
	0x9D,	0xF,	0x16,	0xA5,	0xF,	0x16,	0xA5,	0xF,
	0x16,	0xA5,	0xF,	0x16,	0xA5,	0xF,	0x16,	0xA5,
	0xF,	0x16,	0xA5,	0xF,	0x16,	0x9E,	0xF,	0x16,
	'o',	0xF,	0x16,	0x25,	0xF,	0x16,	0x15,	0xF,
	0x16,	0xB,	0x11,	0x17,	0x15,	0x16,	0x1D,	0x17,
	0x17,	0x1E,	0x17,	0x17,	0x1E,	0x16,	0x17,	0x1E,
	0x16,	0x17,	0x1E,	0x17,	0x18,	0x1F,	0x19,	0x18,
	0x1F,	0x12,	0x15,	0x1B,	0xC,	0x12,	0x17,	0xC,
	0x12,	0x18,	0xA,	0xF,	0x16,	0x1E,	0xF,	0x16,
	0x1E,	0xF,	0x16,	0x1F,	0xF,	0x16,	0x1C,	0xF,
	0x16,	0x2E,	0xF,	0x16,	'C',	0xF,	0x16,	'B',
	0xF,	0x15,	0x3B,	0xF,	0x16,	0x1C,	0xF,	0x16,
	0x1F,	0xF,	0x16,	0x20,	0xF,	0x16,	0x1B,	0xF,
	0x15,	0x9,	0xF,	0x16,	0xE,	0x12,	0x17,	0xF,
	0x12,	0x18,	0xF,	0x12,	0x18,	0xF,	0x12,	0x18,
	0x21,	0x1C,	0x23,	0x25,	0x20,	0x27,	0x27,	0x21,
	0x28,	0x27,	0x21,	0x28,	0x29,	0x21,	0x29,	0x2C,
	0x24,	0x2C,	0x2B,	0x22,	0x2A,	0x29,	0x21,	0x28,
	0x29,	0x20,	0x27,	0x2B,	0x23,	0x2A,	0x2B,	0x22,
	0x2A,	0x2B,	0x23,	0x2A,	0x2B,	0x23,	0x2A,	0x2B,
	0x23,	0x2A,	0x2C,	0x22,	0x2A,	0x29,	0x21,	0x29,
	0x29,	0x21,	0x29,	0x2B,	0x22,	0x29,	0x22,	0x31,
	0x5D,	0x24,	0x32,	0x5F,	0x27,	0x34,	'a',	0x27,
	0x35,	'c',	0x28,	0x36,	'e',	0x29,	0x38,	'h',
	0x2A,	0x39,	'i',	0x29,	0x38,	'h',	0x29,	0x38,
	'h',	0x29,	0x3B,	'h',	0x2A,	0x39,	't',	0x29,
	0x37,	'q',	0x29,	0x37,	'q',	0x27,	0x35,	'n',
	0x25,	0x34,	'l',	0x25,	0x34,	'l',	0x27,	0x35,
	'n',	0x27,	0x35,	'n',	0x27,	0x35,	'b',	0x29,
	0x34,	'c',	0x29,	0x35,	'c',	0x29,	0x34,	'c',
	0x29,	0x32,	'c',	0x27,	0x31,	'a',	0x27,	0x31,
	'a',	0x27,	0x31,	'a',	0x29,	0x32,	'c',	0x29,
	0x2F,	'Z',	0x27,	0x2E,	'X',	0x27,	0x2E,	'X',
	0x25,	0x2E,	'W',	0x20,	0x28,	'O',	0x12,	0x1E,
	0x3F,	0x18,	0x17,	0x37,	0x34,	0x16,	0x31,	0x13,
	0x16,	0x31,	0xF,	0x1A,	0x36,	0x23,	0x29,	'L',
	0x1B,	0x20,	0x3B,	0xB,	0x16,	0x2D,	0x2A,	0x14,
	0x2B,	'h',	0x14,	0x2B,	0xA5,	0x13,	0x25,	0x7E,
	0x14,	0x26,	0x24,	0x14,	0x25,	0xF,	0x14,	0x26,
	0x17,	0x1B,	0x2C,	0x24,	0x23,	0x35,	0x25,	0x25,
	0x38,	0x24,	0x23,	0x36,	0x24,	0x23,	0x36,	0x24,
	0x23,	0x30,	0x24,	0x24,	0x32,	0x23,	0x23,	0x2F,
	0x1B,	0x1B,	0x24,	0x17,	0x19,	0x22,	0x17,	0x19,
	0x22,	0xF,	0x14,	0x1B,	0x12,	0x12,	0x1A,	0x15,
	0x13,	0x1A,	0xF,	0x12,	0x1A,	0x8,	0x10,	0x18,
	0xD,	0x12,	0x1B,	0x29,	0x24,	0x31,	0x28,	0x24,
	0x2C,	0x28,	0x23,	0x2A,	0x25,	0x21,	0x2D,	0x1D,
	0x1A,	0x26,	0x14,	0x16,	0x1D,	0xD,	0xF,	0x16,
	0x20,	0xF,	0x16,	'I',	0xF,	0x16,	0x8A,	0xF,
	0x16,	0xA5,	0xF,	0x16,	0xA5,	0xF,	0x16,	0xA2,
	0xF,	0x16,	'c',	0xF,	0x16,	0x1F,	0xF,	0x16,
	0xC,	0xF,	0x16,	0x12,	0x15,	0x1B,	0x1F,	0x1D,
	0x24,	0x20,	0x1E,	0x26,	0x1D,	0x1C,	0x24,	0x1E,
	0x1D,	0x24,	0x1F,	0x1E,	0x25,	0x1F,	0x1E,	0x26,
	0x1D,	0x1E,	0x25,	0x1C,	0x1E,	0x26,	0x1F,	0x1E,
	0x25,	0x21,	0x1F,	0x26,	0x21,	0x1F,	0x26,	0x23,
	0x20,	0x27,	0x22,	0x1F,	0x26,	0x1F,	0x1F,	0x26,
	0x1F,	0x1E,	0x25,	0x1E,	0x1E,	0x25,	0x1D,	0x1E,
	0x25,	0x17,	0x18,	0x1E,	0x15,	0x17,	0x1E,	0x15,
	0x17,	0x1E,	0x15,	0x17,	0x1D,	0x17,	0x18,	0x1F,
	0x21,	0x20,	0x27,	0x26,	0x22,	0x29,	0x26,	0x20,
	0x27,	0x29,	0x21,	0x28,	0x29,	0x21,	0x28,	0x29,
	0x20,	0x27,	0x29,	0x20,	0x27,	0x29,	0x20,	0x27,
	0x2B,	0x22,	0x29,	0x2C,	0x23,	0x2A,	0x2B,	0x23,
	0x2A,	0x2B,	0x23,	0x2A,	0x2C,	0x23,	0x2B,	0x2B,
	0x23,	0x2A,	0x29,	0x20,	0x27,	0x29,	0x20,	0x27,
	0x26,	0x1F,	0x26,	0x29,	0x22,	0x29,	0x2B,	0x23,
	0x2A,	0x2C,	0x22,	0x2A,	0x2B,	0x23,	0x2A,	0x2B,
	0x23,	0x2A,	0x2B,	0x23,	0x2A,	0x2B,	0x23,	0x2A,
	0x2B,	0x22,	0x2A,	0x2B,	0x23,	0x2A,	0x28,	0x36,
	'd',	0x27,	0x36,	'd',	0x28,	0x37,	'e',	0x2B,
	0x3A,	'k',	0x2A,	0x39,	'i',	0x2E,	0x3C,	'n',
	0x2B,	0x3A,	'k',	0x2A,	0x39,	'i',	0x28,	0x37,
	'g',	0x29,	0x38,	'h',	0x29,	0x35,	'h',	0x29,
	0x35,	'g',	0x29,	0x35,	'g',	0x27,	0x32,	'c',
	0x25,	0x30,	0x60,	0x29,	0x32,	'c',	0x29,	0x32,
	'c',	0x27,	0x31,	'a',	0x27,	0x34,	'a',	0x29,
	0x35,	'c',	0x29,	0x35,	'c',	0x29,	0x35,	'c',
	0x27,	0x31,	'a',	0x25,	0x30,	0x5F,	0x25,	0x30,
	0x60,	0x27,	0x31,	'a',	0x27,	0x31,	'a',	0x27,
	0x2F,	'X',	0x27,	0x2E,	'X',	0x27,	0x2F,	'X',
	0x27,	0x2F,	'X',	0x25,	0x2D,	'U',	0x25,	0x2D,
	'V',	0x23,	0x28,	'J',	0xA,	0x16,	0x32,	0xC,
	0x19,	0x34,	0x20,	0x27,	'I',	0x20,	0x26,	'A',
	0x20,	0x23,	'B',	0x22,	0x25,	'D',	0x10,	0x1A,
	0x32,	0xD,	0x14,	0x2B,	0x2F,	0x14,	0x26,	0x17,
	0x14,	0x25,	0x17,	0x1D,	0x30,	0x27,	0x26,	0x3E,
	0x27,	0x26,	0x39,	0x25,	0x26,	0x38,	0x25,	0x25,
	0x38,	0x25,	0x26,	0x38,	0x24,	0x23,	0x36,	0x23,
	0x24,	0x30,	0x25,	0x25,	0x32,	0x23,	0x23,	0x31,
	0x25,	0x23,	0x2D,	0x25,	0x23,	0x2D,	0x25,	0x23,
	0x2D,	0x25,	0x23,	0x2D,	0x27,	0x23,	0x2D,	0x25,
	0x24,	0x2D,	0x27,	0x26,	0x2E,	0x24,	0x23,	0x2D,
	0x26,	0x21,	0x2E,	0x28,	0x23,	0x2F,	0x28,	0x24,
	0x2B,	0x2B,	0x26,	0x2D,	0x28,	0x23,	0x31,	0x28,
	0x24,	0x30,	0x29,	0x24,	0x2C,	0x25,	0x21,	0x28,
	0x1C,	0x1A,	0x21,	0xD,	0x12,	0x18,	0x10,	0xF,
	0x16,	0x30,	0xF,	0x16,	'k',	0xF,	0x16,	0x2D,
	0xF,	0x16,	0xC,	0xF,	0x16,	0x12,	0x16,	0x1C,
	0x1D,	0x1C,	0x22,	0x20,	0x1E,	0x25,	0x23,	0x20,
	0x27,	0x24,	0x21,	0x28,	0x23,	0x20,	0x27,	0x21,
	0x1E,	0x25,	0x1E,	0x1C,	0x23,	0x1E,	0x1D,	0x25,
	0x1E,	0x1E,	0x25,	0x1F,	0x1E,	0x25,	0x1F,	0x1E,
	0x26,	0x1D,	0x1E,	0x26,	0x1F,	0x1F,	0x26,	0x1F,
	0x1F,	0x26,	0x1F,	0x1E,	0x25,	0x21,	0x1F,	0x26,
	0x24,	0x20,	0x27,	0x23,	0x20,	0x27,	0x24,	0x21,
	0x28,	0x23,	0x21,	0x28,	0x23,	0x21,	0x28,	0x23,
	0x21,	0x28,	0x23,	0x21,	0x28,	0x21,	0x20,	0x27,
	0x28,	0x25,	0x2C,	0x29,	0x24,	0x2B,	0x29,	0x22,
	0x29,	0x29,	0x21,	0x28,	0x27,	0x20,	0x27,	0x29,
	0x20,	0x27,	0x29,	0x20,	0x27,	0x29,	0x20,	0x27,
	0x2A,	0x21,	0x28,	0x29,	0x20,	0x27,	0x2A,	0x21,
	0x28,	0x2B,	0x21,	0x28,	0x29,	0x20,	0x27,	0x29,
	0x20,	0x27,	0x29,	0x20,	0x27,	0x29,	0x20,	0x27,
	0x26,	0x1F,	0x26,	0x29,	0x21,	0x28,	0x27,	0x21,
	0x28,	0x29,	0x21,	0x28,	0x2B,	0x23,	0x2A,	0x2B,
	0x23,	0x2A,	0x2C,	0x23,	0x2B,	0x2C,	0x24,	0x2B,
	0x2C,	0x24,	0x2B,	0x2C,	0x23,	0x2B,	0x28,	0x35,
	'g',	0x26,	0x33,	'd',	0x28,	0x34,	'e',	0x2D,
	0x39,	'l',	0x2B,	0x36,	'j',	0x2B,	0x36,	'i',
	0x2B,	0x36,	'i',	0x29,	0x35,	'h',	0x28,	0x35,
	'g',	0x29,	0x35,	'g',	0x28,	0x34,	'e',	0x28,
	0x32,	'c',	0x27,	0x31,	'b',	0x25,	0x31,	'a',
	0x27,	0x32,	'a',	0x28,	0x32,	'c',	0x27,	0x32,
	'a',	0x29,	0x32,	'c',	0x27,	0x31,	'a',	0x27,
	0x31,	'a',	0x27,	0x31,	'a',	0x29,	0x32,	'c',
	0x27,	0x31,	'a',	0x27,	0x2F,	'X',	0x25,	0x2D,
	'V',	0x27,	0x2F,	'X',	0x29,	0x2F,	'Z',	0x27,
	0x2F,	'X',	0x27,	0x2E,	'X',	0x27,	0x2F,	'X',
	0x23,	0x29,	'L',	0x27,	0x2B,	'N',	0x21,	0x28,
	'K',	0x22,	0x28,	'K',	0xF,	0x1B,	0x37,	0x13,
	0x1C,	0x35,	0x22,	0x26,	'B',	0x23,	0x28,	'E',
	0x21,	0x26,	0x3A,	0x1E,	0x23,	0x39,	0x1C,	0x21,
	0x36,	0xB,	0x16,	0x27,	0x8,	0x12,	0x21,	0x10,
	0x17,	0x26,	0x23,	0x25,	0x37,	0x29,	0x27,	0x39,
	0x27,	0x26,	0x38,	0x25,	0x26,	0x38,	0x25,	0x26,
	0x31,	0x25,	0x26,	0x31,	0x25,	0x23,	0x32,	0x23,
	0x22,	0x31,	0x25,	0x23,	0x32,	0x25,	0x23,	0x31,
	0x25,	0x23,	0x2D,	0x25,	0x23,	0x2D,	0x25,	0x23,
	0x2D,	0x27,	0x24,	0x2D,	0x27,	0x21,	0x2D,	0x27,
	0x21,	0x2E,	0x25,	0x21,	0x2D,	0x27,	0x23,	0x2F,
	0x28,	0x23,	0x2F,	0x25,	0x21,	0x28,	0x25,	0x22,
	0x29,	0x27,	0x23,	0x2A,	0x28,	0x24,	0x2B,	0x28,
	0x25,	0x2C,	0x28,	0x25,	0x2C,	0x26,	0x23,	0x2A,
	0x25,	0x22,	0x29,	0x24,	0x21,	0x28,	0x1A,	0x1A,
	0x21,	0x8,	0xF,	0x16,	0xF,	0xF,	0x16,	0xD,
	0xF,	0x16,	0x16,	0x18,	0x1E,	0x21,	0x1F,	0x26,
	0x21,	0x1F,	0x26,	0x1E,	0x1E,	0x26,	0x20,	0x1E,
	0x26,	0x20,	0x1E,	0x25,	0x22,	0x1F,	0x26,	0x22,
	0x1F,	0x26,	0x22,	0x1F,	0x26,	0x1F,	0x1E,	0x25,
	0x1E,	0x1F,	0x25,	0x1E,	0x1D,	0x24,	0x20,	0x1E,
	0x26,	0x1F,	0x1E,	0x26,	0x1F,	0x1F,	0x25,	0x1C,
	0x1E,	0x26,	0x1C,	0x1E,	0x25,	0x1F,	0x1E,	0x26,
	0x21,	0x1F,	0x26,	0x21,	0x1F,	0x26,	0x23,	0x20,
	0x27,	0x23,	0x20,	0x27,	0x24,	0x21,	0x28,	0x23,
	0x21,	0x28,	0x25,	0x24,	0x2B,	0x29,	0x26,	0x2D,
	0x2C,	0x28,	0x2F,	0x29,	0x24,	0x2B,	0x29,	0x22,
	0x29,	0x29,	0x22,	0x29,	0x27,	0x21,	0x28,	0x29,
	0x20,	0x27,	0x28,	0x20,	0x27,	0x29,	0x20,	0x27,
	0x2B,	0x21,	0x28,	0x29,	0x20,	0x27,	0x2A,	0x21,
	0x28,	0x2A,	0x21,	0x28,	0x2A,	0x21,	0x28,	0x2A,
	0x21,	0x28,	0x29,	0x20,	0x27,	0x26,	0x20,	0x27,
	0x26,	0x1F,	0x26,	0x27,	0x21,	0x28,	0x29,	0x22,
	0x29,	0x2B,	0x23,	0x2A,	0x2B,	0x23,	0x2A,	0x29,
	0x21,	0x28,	0x2B,	0x23,	0x2A,	0x2C,	0x24,	0x2B,
	0x2C,	0x24,	0x2B,	0x2B,	0x23,	0x2A
};
#elif NDEBUG
unsigned char HPL_CLIENT_ICON[CLIENT_ICON_SIZE] =
{
	'B',	'M',	0x36,	0xC0,	0x0,	0x0,	0x0,	0x0,
	0x0,	0x0,	0x36,	0x0,	0x0,	0x0,	0x28,	0x0,
	0x0,	0x0,	0x80,	0x0,	0x0,	0x0,	0x80,	0x0,
	0x0,	0x0,	0x1,	0x0,	0x18,	0x0,	0x0,	0x0,
	0x0,	0x0,	0x0,	0x0,	0x0,	0x0,	0xC2,	0xE,
	0x0,	0x0,	0xC2,	0xE,	0x0,	0x0,	0x0,	0x0,
	0x0,	0x0,	0x0,	0x0,	0x0,	0x0,	0x17,	0x4,
	0x0,	0x17,	0x4,	0x0,	0x18,	0x5,	0x0,	0x18,
	0x5,	0x0,	0x18,	0x5,	0x0,	0x18,	0x5,	0x1,
	0x18,	0x5,	0x1,	0x18,	0x7,	0x3,	0x1A,	0x8,
	0x5,	0x1A,	0x8,	0x5,	0x1B,	0x9,	0x7,	0x1A,
	0x8,	0x6,	0x1B,	0x9,	0x8,	0x1B,	0x9,	0x8,
	0x1A,	0x8,	0x6,	0x1B,	0x8,	0x7,	0x1C,	0xA,
	0x9,	0x1C,	0x9,	0xA,	0x1C,	0xA,	0x10,	0x1F,
	0xC,	0x15,	0x20,	0xE,	0x13,	0x21,	0xE,	0x13,
	0x21,	0xF,	0x15,	0x20,	0xD,	0x12,	0x22,	0xE,
	0x15,	0x21,	0xE,	0x13,	0x20,	0xD,	0x12,	0x1F,
	0xA,	0xE,	0x1E,	0xA,	0xC,	0x20,	0xC,	0x10,
	0x26,	0x12,	0x1A,	0x35,	0x1E,	0x38,	0x22,	0xD,
	0x13,	0x23,	0xE,	0x18,	0x20,	0xC,	0x11,	0x20,
	0xC,	0x10,	0x1B,	0x8,	0x7,	0x1B,	0x8,	0x7,
	0x1B,	0x8,	0x7,	0x1D,	0x9,	0xA,	0x1B,	0x8,
	0x7,	0x1A,	0x7,	0x5,	0x1A,	0x7,	0x5,	0x18,
	0x5,	0x3,	0x18,	0x5,	0x2,	0x18,	0x5,	0x2,
	0x18,	0x5,	0x2,	0x18,	0x5,	0x2,	0x18,	0x5,
	0x2,	0x1A,	0x5,	0x2,	0x18,	0x4,	0x1,	0x18,
	0x4,	0x1,	0x18,	0x4,	0x1,	0x18,	0x4,	0x1,
	0x1A,	0x5,	0x3,	0x18,	0x4,	0x1,	0x18,	0x4,
	0x1,	0x18,	0x4,	0x0,	0x18,	0x4,	0x0,	0x1A,
	0x5,	0x2,	0x1D,	0x8,	0x7,	0x1F,	0x9,	0x9,
	0x1D,	0x8,	0x7,	0x1E,	0x8,	0x8,	0x1B,	0x7,
	0x5,	0x1B,	0x7,	0x5,	0x1B,	0x7,	0x4,	0x1B,
	0x7,	0x4,	0x1A,	0x5,	0x2,	0x1A,	0x5,	0x2,
	0x1B,	0x7,	0x4,	0x1B,	0x7,	0x3,	0x1B,	0x7,
	0x3,	0x1C,	0x7,	0x4,	0x1A,	0x5,	0x2,	0x22,
	0xA,	0xD,	0x2A,	0xF,	0x15,	0x27,	0xE,	0x11,
	0x2B,	0xF,	0x16,	0x2F,	0x12,	0x1C,	0x2D,	0x11,
	0x19,	0x30,	0x11,	0x1E,	0x32,	0x12,	0x21,	0x36,
	0x15,	0x25,	'D',	0x1D,	0x3C,	0x7B,	0x3A,	'q',
	0x8C,	'E',	0x85,	'x',	0x37,	'o',	'V',	0x25,
	'J',	'H',	0x1E,	0x39,	'S',	0x25,	'F',	'I',
	0x1F,	0x3E,	0x39,	0x16,	0x32,	'D',	0x1C,	'G',
	'D',	0x1D,	'L',	0x1E,	0x8,	0x9,	0x2A,	0xE,
	0x19,	0x3C,	0x18,	0x32,	0x3E,	0x1A,	0x39,	0x3E,
	0x1A,	0x38,	0x3D,	0x1A,	0x35,	0x3C,	0x1A,	0x39,
	0x3E,	0x1B,	0x3B,	0x30,	0x13,	0x25,	0x2F,	0x13,
	0x26,	0x2F,	0x12,	0x23,	0x35,	0x17,	0x29,	0x2C,
	0x10,	0x1B,	0x30,	0x13,	0x22,	0x29,	0xF,	0x17,
	0x20,	0xB,	0xD,	0x21,	0xB,	0x10,	0x23,	0xC,
	0x11,	0x20,	0xA,	0xD,	0x1F,	0x9,	0xB,	0x1B,
	0x7,	0x6,	0x17,	0x4,	0x0,	0x18,	0x5,	0x1,
	0x18,	0x5,	0x0,	0x18,	0x5,	0x0,	0x1A,	0x6,
	0x3,	0x1C,	0x7,	0x5,	0x18,	0x5,	0x0,	0x17,
	0x4,	0x0,	0x17,	0x4,	0x0,	0x18,	0x5,	0x0,
	0x19,	0x5,	0x2,	0x19,	0x5,	0x2,	0x17,	0x4,
	0x0,	0x17,	0x4,	0x0,	0x18,	0x5,	0x0,	0x18,
	0x5,	0x0,	0x18,	0x5,	0x0,	0x18,	0x5,	0x1,
	0x18,	0x7,	0x3,	0x1A,	0x7,	0x4,	0x1A,	0x8,
	0x5,	0x1B,	0x9,	0x7,	0x1B,	0x9,	0x7,	0x1B,
	0x9,	0x8,	0x1C,	0xA,	0x9,	0x1B,	0x9,	0x8,
	0x1B,	0x9,	0x9,	0x1C,	0xA,	0x9,	0x1C,	0x9,
	0xA,	0x1C,	0x9,	0xA,	0x1D,	0xB,	0x10,	0x1E,
	0xA,	0xD,	0x1E,	0xA,	0xC,	0x1F,	0xD,	0xF,
	0x20,	0xD,	0x10,	0x1F,	0xC,	0x10,	0x22,	0xE,
	0x12,	0x20,	0xC,	0x10,	0x22,	0xF,	0x16,	0x20,
	0xD,	0x10,	0x1E,	0xA,	0xD,	0x1F,	0xA,	0xE,
	0x20,	0xD,	0x11,	0x2A,	0x14,	0x22,	0x30,	0x1A,
	0x31,	0x25,	0xF,	0x1A,	0x20,	0xC,	0x10,	0x23,
	0xE,	0x14,	0x20,	0xC,	0x12,	0x20,	0xB,	0x10,
	0x1F,	0xA,	0xC,	0x1D,	0xA,	0xA,	0x1B,	0x8,
	0x7,	0x1A,	0x7,	0x5,	0x1A,	0x7,	0x5,	0x18,
	0x5,	0x2,	0x18,	0x5,	0x2,	0x18,	0x5,	0x3,
	0x18,	0x5,	0x2,	0x1A,	0x5,	0x2,	0x18,	0x5,
	0x2,	0x1A,	0x5,	0x2,	0x1A,	0x5,	0x2,	0x18,
	0x4,	0x1,	0x18,	0x4,	0x1,	0x18,	0x4,	0x1,
	0x18,	0x4,	0x1,	0x18,	0x4,	0x1,	0x18,	0x4,
	0x1,	0x18,	0x4,	0x0,	0x18,	0x4,	0x0,	0x1A,
	0x5,	0x2,	0x1B,	0x7,	0x4,	0x1D,	0x8,	0x7,
	0x1D,	0x8,	0x7,	0x1B,	0x7,	0x5,	0x1B,	0x7,
	0x5,	0x1D,	0x8,	0x6,	0x1D,	0x8,	0x6,	0x1D,
	0x8,	0x5,	0x1D,	0x8,	0x5,	0x1B,	0x7,	0x4,
	0x1B,	0x7,	0x3,	0x1D,	0x7,	0x5,	0x1D,	0x7,
	0x7,	0x1D,	0x7,	0x8,	0x1F,	0x8,	0x9,	0x22,
	0xB,	0xE,	0x2D,	0xF,	0x18,	0x30,	0x12,	0x1D,
	0x31,	0x12,	0x1F,	0x30,	0x12,	0x1C,	0x2F,	0x12,
	0x1D,	0x30,	0x11,	0x1C,	0x32,	0x13,	0x21,	0x33,
	0x12,	0x23,	0x36,	0x15,	0x2A,	'D',	0x1D,	0x38,
	0x60,	0x2C,	'L',	0x83,	0x3C,	0x85,	'n',	0x32,
	't',	0x5C,	0x28,	0x60,	'D',	0x1C,	'B',	0x3F,
	0x19,	0x3C,	0x35,	0x15,	0x2B,	0x30,	0x12,	0x2A,
	0x2F,	0x11,	0x27,	0x2B,	0xF,	0x1B,	0x24,	0xC,
	0x11,	0x27,	0xD,	0x16,	0x36,	0x16,	0x2E,	0x3F,
	0x1B,	0x3A,	'M',	0x23,	'R',	'C',	0x1D,	'C',
	0x31,	0x14,	0x23,	0x2E,	0x11,	0x22,	0x2D,	0x14,
	0x22,	0x2B,	0x11,	0x1B,	0x30,	0x12,	0x23,	0x27,
	0xD,	0x13,	0x2B,	0x12,	0x1D,	0x2F,	0x13,	0x22,
	0x2B,	0x11,	0x1B,	0x23,	0xC,	0xE,	0x21,	0xC,
	0xF,	0x22,	0xB,	0x11,	0x22,	0xC,	0x11,	0x20,
	0x8,	0xB,	0x17,	0x4,	0x0,	0x18,	0x5,	0x0,
	0x1D,	0x8,	0x7,	0x18,	0x5,	0x0,	0x17,	0x4,
	0x0,	0x18,	0x5,	0x0,	0x17,	0x4,	0x0,	0x18,
	0x5,	0x0,	0x17,	0x4,	0x0,	0x17,	0x4,	0x0,
	0x1B,	0x7,	0x2,	0x1A,	0x5,	0x3,	0x17,	0x4,
	0x0,	0x17,	0x4,	0x0,	0x18,	0x5,	0x0,	0x18,
	0x5,	0x0,	0x18,	0x5,	0x1,	0x18,	0x5,	0x1,
	0x18,	0x7,	0x3,	0x1B,	0x8,	0x6,	0x1B,	0x8,
	0x6,	0x1B,	0x8,	0x6,	0x1B,	0x8,	0x7,	0x1B,
	0x8,	0x7,	0x1B,	0x8,	0x7,	0x1B,	0x8,	0x8,
	0x1B,	0x8,	0x8,	0x1C,	0x9,	0xA,	0x1B,	0x8,
	0x8,	0x1B,	0x8,	0x8,	0x1F,	0xB,	0xE,	0x1D,
	0x9,	0xA,	0x1F,	0xB,	0xE,	0x1E,	0xA,	0xC,
	0x1F,	0xC,	0x10,	0x21,	0xE,	0x12,	0x1F,	0xC,
	0x10,	0x20,	0xC,	0x10,	0x20,	0xC,	0x10,	0x21,
	0xE,	0x12,	0x20,	0xC,	0x10,	0x1F,	0xB,	0xD,
	0x20,	0xB,	0x10,	0x20,	0xB,	0x10,	0x2A,	0x14,
	0x25,	0x30,	0x19,	0x2F,	0x22,	0xD,	0x11,	0x20,
	0xC,	0x10,	0x20,	0xC,	0x11,	0x20,	0xB,	0x10,
	0x20,	0xB,	0xF,	0x1F,	0xA,	0xC,	0x1F,	0xA,
	0xD,	0x1B,	0x8,	0x8,	0x1A,	0x7,	0x5,	0x18,
	0x5,	0x2,	0x18,	0x5,	0x2,	0x18,	0x5,	0x2,
	0x1A,	0x5,	0x2,	0x1A,	0x5,	0x2,	0x1A,	0x5,
	0x2,	0x1A,	0x5,	0x2,	0x1A,	0x5,	0x2,	0x1A,
	0x5,	0x2,	0x1A,	0x5,	0x2,	0x18,	0x4,	0x1,
	0x18,	0x4,	0x0,	0x18,	0x4,	0x0,	0x18,	0x4,
	0x0,	0x18,	0x4,	0x0,	0x18,	0x4,	0x0,	0x18,
	0x4,	0x0,	0x1A,	0x5,	0x2,	0x1B,	0x7,	0x5,
	0x1D,	0x8,	0x7,	0x1B,	0x7,	0x5,	0x1B,	0x7,
	0x5,	0x1B,	0x7,	0x5,	0x1E,	0x8,	0x6,	0x1F,
	0x8,	0x8,	0x1F,	0x8,	0x8,	0x1F,	0x8,	0x9,
	0x1B,	0x7,	0x4,	0x1D,	0x7,	0x6,	0x1D,	0x7,
	0x7,	0x1F,	0x8,	0xA,	0x24,	0xC,	0xF,	0x27,
	0xD,	0x12,	0x26,	0xC,	0x10,	0x32,	0x12,	0x1F,
	0x38,	0x16,	0x2C,	0x37,	0x16,	0x2A,	0x37,	0x15,
	0x30,	0x37,	0x17,	0x29,	0x36,	0x15,	0x26,	0x37,
	0x15,	0x28,	'A',	0x19,	'C',	0x37,	0x16,	0x27,
	0x3F,	0x1B,	0x2E,	0x60,	0x2D,	's',	's',	0x36,
	0x93,	'j',	0x34,	0x8F,	'F',	0x1D,	'J',	0x2B,
	0xF,	0x1D,	0x39,	0x16,	0x2C,	0x35,	0x14,	0x28,
	0x27,	0xD,	0x16,	0x27,	0xF,	0x14,	0x2C,	0x10,
	0x1D,	0x21,	0x9,	0xD,	0x25,	0xC,	0x10,	0x39,
	0x18,	0x30,	0x40,	0x1C,	0x39,	0x39,	0x18,	0x2F,
	0x35,	0x15,	0x28,	0x2F,	0x13,	0x22,	0x33,	0x15,
	0x2C,	0x30,	0x14,	0x22,	0x2C,	0x11,	0x20,	0x23,
	0xC,	0xE,	0x27,	0xF,	0x15,	0x27,	0xD,	0x15,
	0x29,	0xE,	0x1B,	0x26,	0xE,	0x15,	0x23,	0xC,
	0x10,	0x22,	0xC,	0xF,	0x24,	0xE,	0x17,	0x25,
	0xF,	0x16,	0x1F,	0x8,	0xA,	0x18,	0x5,	0x1,
	0x19,	0x5,	0x2,	0x18,	0x5,	0x0,	0x17,	0x4,
	0x0,	0x17,	0x4,	0x0,	0x19,	0x5,	0x2,	0x17,
	0x4,	0x0,	0x18,	0x5,	0x0,	0x17,	0x4,	0x0,
	0x19,	0x5,	0x2,	0x1A,	0x5,	0x3,	0x17,	0x4,
	0x0,	0x17,	0x4,	0x0,	0x18,	0x5,	0x0,	0x18,
	0x5,	0x1,	0x18,	0x5,	0x1,	0x17,	0x4,	0x0,
	0x18,	0x5,	0x1,	0x1B,	0x8,	0x7,	0x1B,	0x8,
	0x7,	0x1B,	0x8,	0x7,	0x1B,	0x8,	0x7,	0x1B,
	0x8,	0x8,	0x1A,	0x8,	0x6,	0x1B,	0x8,	0x8,
	0x1A,	0x8,	0x6,	0x1B,	0x8,	0x8,	0x1B,	0x8,
	0x7,	0x1D,	0xA,	0xA,	0x1F,	0xB,	0xF,	0x1F,
	0xA,	0xE,	0x1D,	0xA,	0xC,	0x1D,	0xA,	0xC,
	0x1F,	0xB,	0xE,	0x1F,	0xC,	0xF,	0x1F,	0xC,
	0xE,	0x1F,	0xB,	0xF,	0x1F,	0xB,	0xF,	0x20,
	0xE,	0x12,	0x25,	0x10,	0x18,	0x21,	0xC,	0x12,
	0x1F,	0xB,	0xE,	0x22,	0xC,	0x12,	0x24,	0xE,
	0x15,	0x31,	0x1B,	0x32,	0x2D,	0x18,	0x29,	0x1F,
	0xB,	0xE,	0x20,	0xC,	0x10,	0x20,	0xC,	0x10,
	0x20,	0xB,	0xE,	0x21,	0xB,	0xF,	0x21,	0xB,
	0xF,	0x21,	0xB,	0xF,	0x1A,	0x7,	0x5,	0x1A,
	0x7,	0x5,	0x18,	0x5,	0x2,	0x18,	0x5,	0x2,
	0x1A,	0x5,	0x2,	0x1A,	0x5,	0x2,	0x1A,	0x5,
	0x2,	0x1A,	0x5,	0x2,	0x1A,	0x5,	0x3,	0x1A,
	0x5,	0x3,	0x1A,	0x5,	0x2,	0x18,	0x4,	0x0,
	0x18,	0x4,	0x0,	0x18,	0x4,	0x0,	0x18,	0x4,
	0x0,	0x18,	0x4,	0x0,	0x18,	0x4,	0x0,	0x18,
	0x4,	0x0,	0x1A,	0x5,	0x2,	0x1A,	0x5,	0x2,
	0x1F,	0x8,	0x7,	0x1D,	0x8,	0x6,	0x1B,	0x7,
	0x5,	0x1B,	0x7,	0x5,	0x1E,	0x8,	0x6,	0x1F,
	0x8,	0x6,	0x1F,	0x8,	0x9,	0x1F,	0x8,	0x9,
	0x1F,	0x8,	0x8,	0x1E,	0x8,	0x7,	0x1D,	0x7,
	0x7,	0x23,	0xB,	0xB,	0x29,	0xE,	0x15,	0x2A,
	0xF,	0x17,	0x2A,	0xF,	0x17,	0x2E,	0x12,	0x1B,
	0x36,	0x17,	0x2A,	0x37,	0x17,	0x2A,	0x3D,	0x19,
	0x34,	'C',	0x1C,	0x3A,	0x3A,	0x18,	0x2F,	0x3F,
	0x1A,	0x39,	0x3D,	0x19,	0x34,	0x39,	0x16,	0x28,
	0x3C,	0x19,	0x31,	'J',	0x1F,	'E',	'Y',	0x29,
	0x60,	'C',	0x1C,	0x35,	0x38,	0x16,	0x29,	0x3A,
	0x17,	0x2C,	0x34,	0x13,	0x20,	0x2F,	0x11,	0x1A,
	0x33,	0x15,	0x1F,	0x26,	0xE,	0x14,	0x2E,	0x13,
	0x1B,	0x2B,	0xE,	0x17,	0x24,	0xB,	0xE,	0x2F,
	0x12,	0x21,	0x40,	0x1C,	0x3A,	'G',	0x21,	'C',
	0x38,	0x17,	0x28,	0x2F,	0x12,	0x1F,	0x32,	0x15,
	0x25,	0x2F,	0x14,	0x21,	0x30,	0x14,	0x1F,	0x28,
	0xE,	0x14,	0x27,	0xE,	0x14,	0x27,	0xE,	0x14,
	0x2E,	0x12,	0x1D,	0x2B,	0x10,	0x19,	0x24,	0xD,
	0x12,	0x24,	0xC,	0x10,	0x2A,	0x12,	0x1F,	0x28,
	0xF,	0x17,	0x23,	0xB,	0x10,	0x18,	0x5,	0x2,
	0x19,	0x5,	0x2,	0x19,	0x5,	0x4,	0x19,	0x5,
	0x2,	0x17,	0x4,	0x0,	0x19,	0x5,	0x2,	0x1C,
	0x8,	0x6,	0x18,	0x5,	0x0,	0x17,	0x4,	0x0,
	0x19,	0x5,	0x2,	0x1D,	0x8,	0x6,	0x18,	0x7,
	0x2,	0x18,	0x7,	0x2,	0x19,	0x7,	0x3,	0x18,
	0x5,	0x1,	0x17,	0x4,	0x0,	0x18,	0x5,	0x1,
	0x18,	0x5,	0x2,	0x1B,	0x9,	0x8,	0x1B,	0x8,
	0x7,	0x1B,	0x8,	0x7,	0x1B,	0x8,	0x7,	0x1B,
	0x8,	0x7,	0x1B,	0x8,	0x8,	0x1A,	0x7,	0x6,
	0x1D,	0x9,	0xB,	0x1B,	0x8,	0x8,	0x1B,	0x8,
	0x7,	0x1C,	0x8,	0x7,	0x1D,	0x9,	0xA,	0x1D,
	0xA,	0xC,	0x1F,	0xB,	0xE,	0x1D,	0x9,	0x9,
	0x1F,	0xB,	0xE,	0x1F,	0xB,	0xE,	0x1F,	0xB,
	0xE,	0x20,	0xC,	0x10,	0x1E,	0xA,	0xC,	0x1F,
	0xB,	0xF,	0x1F,	0xB,	0xE,	0x24,	0xF,	0x15,
	0x1F,	0xB,	0xE,	0x20,	0xB,	0xF,	0x20,	0xB,
	0xF,	0x25,	0x10,	0x18,	0x2E,	0x18,	0x29,	0x24,
	0xF,	0x13,	0x20,	0xB,	0xF,	0x22,	0xC,	0x10,
	0x21,	0xB,	0xE,	0x21,	0xB,	0xE,	0x21,	0xB,
	0xE,	0x21,	0xB,	0xE,	0x1E,	0x9,	0x9,	0x1D,
	0x8,	0x7,	0x1B,	0x6,	0x5,	0x1A,	0x5,	0x2,
	0x1A,	0x5,	0x2,	0x1A,	0x5,	0x2,	0x1A,	0x5,
	0x2,	0x1A,	0x5,	0x2,	0x1A,	0x5,	0x2,	0x1A,
	0x5,	0x2,	0x1A,	0x5,	0x2,	0x1A,	0x5,	0x2,
	0x1A,	0x5,	0x2,	0x1A,	0x5,	0x2,	0x18,	0x4,
	0x0,	0x18,	0x4,	0x0,	0x18,	0x4,	0x0,	0x18,
	0x4,	0x0,	0x1A,	0x5,	0x2,	0x1A,	0x5,	0x2,
	0x1D,	0x8,	0x5,	0x1F,	0x8,	0x7,	0x1D,	0x8,
	0x6,	0x1E,	0x8,	0x6,	0x1F,	0x8,	0x6,	0x1F,
	0x8,	0x6,	0x1F,	0x8,	0x9,	0x1F,	0x8,	0x9,
	0x1F,	0x8,	0x8,	0x20,	0x9,	0xB,	0x23,	0xB,
	0xC,	0x25,	0xB,	0xC,	0x2D,	0x10,	0x18,	0x2F,
	0x10,	0x1A,	0x30,	0x10,	0x1C,	0x2C,	0x10,	0x15,
	0x31,	0x13,	0x20,	0x38,	0x16,	0x26,	0x39,	0x17,
	0x28,	'H',	0x20,	'Z',	'A',	0x1B,	'B',	'C',
	0x1C,	0x3C,	0x40,	0x1B,	0x3A,	0x3B,	0x17,	0x30,
	0x34,	0x14,	0x22,	0x3A,	0x18,	0x27,	0x3A,	0x17,
	0x26,	0x35,	0x14,	0x1F,	0x31,	0x13,	0x1D,	0x33,
	0x13,	0x1D,	0x2E,	0x10,	0x18,	0x24,	0xB,	0xD,
	0x2D,	0x11,	0x18,	0x29,	0xE,	0x13,	0x2A,	0xF,
	0x17,	0x27,	0xD,	0x13,	0x26,	0xC,	0x10,	0x24,
	0xC,	0xD,	0x34,	0x14,	0x27,	0x3A,	0x18,	0x2E,
	0x3C,	0x1A,	0x34,	0x32,	0x14,	0x21,	0x31,	0x13,
	0x20,	0x30,	0x15,	0x24,	0x2D,	0x12,	0x1B,	0x2B,
	0x10,	0x17,	0x2F,	0x13,	0x1E,	0x27,	0xE,	0x14,
	0x27,	0xE,	0x14,	0x26,	0xE,	0x12,	0x25,	0xC,
	0x12,	0x2D,	0x11,	0x1C,	0x27,	0xE,	0x15,	0x24,
	0xD,	0x10,	0x24,	0xD,	0x11,	0x1C,	0x8,	0x7,
	0x1B,	0x5,	0x3,	0x1C,	0x8,	0x7,	0x1A,	0x5,
	0x3,	0x17,	0x4,	0x0,	0x17,	0x4,	0x0,	0x19,
	0x5,	0x2,	0x17,	0x4,	0x0,	0x17,	0x4,	0x0,
	0x18,	0x5,	0x0,	0x1A,	0x5,	0x3,	0x18,	0x7,
	0x3,	0x18,	0x7,	0x3,	0x1A,	0x8,	0x5,	0x18,
	0x7,	0x3,	0x17,	0x4,	0x0,	0x17,	0x4,	0x0,
	0x18,	0x5,	0x2,	0x1A,	0x7,	0x4,	0x1B,	0x9,
	0x8,	0x1B,	0x8,	0x7,	0x1B,	0x8,	0x7,	0x1B,
	0x8,	0x8,	0x1B,	0x8,	0x8,	0x1D,	0x9,	0xA,
	0x1D,	0x9,	0xB,	0x1D,	0x9,	0xA,	0x1C,	0x8,
	0x7,	0x1C,	0x8,	0x7,	0x1F,	0xB,	0xC,	0x1C,
	0x8,	0x7,	0x1D,	0xA,	0x9,	0x1D,	0x9,	0x9,
	0x1D,	0x9,	0xA,	0x1D,	0xA,	0xA,	0x1C,	0x8,
	0x7,	0x1E,	0xA,	0xC,	0x1D,	0xA,	0xC,	0x1E,
	0xA,	0xA,	0x21,	0xC,	0x10,	0x21,	0xC,	0xE,
	0x24,	0xF,	0x15,	0x21,	0xC,	0x12,	0x20,	0xB,
	0xF,	0x20,	0xB,	0xF,	0x1F,	0xB,	0xE,	0x22,
	0xB,	0x10,	0x22,	0xB,	0x11,	0x23,	0xC,	0x12,
	0x1F,	0xA,	0xC,	0x21,	0xA,	0xE,	0x21,	0xA,
	0xD,	0x21,	0xB,	0xE,	0x20,	0xA,	0xB,	0x20,
	0xA,	0xB,	0x1E,	0x9,	0x9,	0x1B,	0x6,	0x5,
	0x1A,	0x5,	0x2,	0x1A,	0x5,	0x2,	0x1A,	0x5,
	0x2,	0x1A,	0x5,	0x2,	0x1A,	0x5,	0x2,	0x1A,
	0x5,	0x2,	0x19,	0x5,	0x2,	0x1A,	0x5,	0x2,
	0x1A,	0x5,	0x2,	0x18,	0x4,	0x0,	0x18,	0x4,
	0x0,	0x17,	0x4,	0x0,	0x18,	0x4,	0x0,	0x18,
	0x4,	0x0,	0x18,	0x4,	0x0,	0x1A,	0x5,	0x2,
	0x1B,	0x7,	0x3,	0x1E,	0x8,	0x6,	0x1F,	0x8,
	0x8,	0x1D,	0x7,	0x5,	0x1F,	0x8,	0x9,	0x1E,
	0x7,	0x6,	0x1E,	0x8,	0x6,	0x1F,	0x9,	0x9,
	0x1F,	0x8,	0x9,	0x25,	0xB,	0xE,	0x25,	0xB,
	0xC,	0x27,	0xD,	0x11,	0x2E,	0x10,	0x17,	0x2E,
	0x11,	0x18,	0x34,	0x13,	0x20,	0x32,	0x12,	0x1A,
	0x32,	0x12,	0x1C,	0x35,	0x13,	0x1D,	0x37,	0x15,
	0x1F,	0x3D,	0x18,	0x29,	0x3D,	0x19,	0x36,	'C',
	0x1C,	0x3E,	'F',	0x1F,	'B',	0x3E,	0x18,	'B',
	0x39,	0x15,	0x2A,	0x35,	0x14,	0x1E,	0x30,	0x12,
	0x18,	0x2D,	0x10,	0x14,	0x27,	0xC,	0xD,	0x2A,
	0xE,	0x10,	0x29,	0xE,	0xF,	0x27,	0xE,	0xE,
	0x27,	0xE,	0xE,	0x24,	0xB,	0xC,	0x29,	0xE,
	0x12,	0x21,	0xA,	0xC,	0x27,	0xC,	0x10,	0x24,
	0xD,	0xE,	0x27,	0xD,	0x10,	0x26,	0xD,	0xE,
	0x3D,	0x1A,	0x31,	'B',	0x1D,	0x33,	0x36,	0x16,
	0x22,	0x31,	0x14,	0x21,	0x2B,	0x10,	0x16,	0x27,
	0xE,	0x12,	0x2C,	0x11,	0x19,	0x2E,	0x12,	0x1C,
	0x27,	0xE,	0x12,	0x2D,	0x13,	0x1A,	0x28,	0xF,
	0x15,	0x25,	0xE,	0x11,	0x29,	0xF,	0x16,	0x24,
	0xC,	0xF,	0x24,	0xE,	0x12,	0x1F,	0x8,	0xA,
	0x22,	0xA,	0xD,	0x22,	0xA,	0xD,	0x22,	0xA,
	0xD,	0x1D,	0x8,	0x8,	0x17,	0x4,	0x0,	0x18,
	0x5,	0x1,	0x18,	0x5,	0x0,	0x17,	0x4,	0x0,
	0x17,	0x4,	0x0,	0x18,	0x5,	0x0,	0x1B,	0x9,
	0x6,	0x1A,	0x8,	0x5,	0x1A,	0x8,	0x5,	0x1A,
	0x7,	0x3,	0x18,	0x5,	0x2,	0x17,	0x4,	0x0,
	0x17,	0x4,	0x0,	0x19,	0x7,	0x3,	0x1B,	0x8,
	0x7,	0x1B,	0x8,	0x7,	0x1A,	0x7,	0x5,	0x1A,
	0x7,	0x5,	0x1D,	0x9,	0x9,	0x1E,	0xA,	0xC,
	0x1C,	0x8,	0x8,	0x1D,	0x9,	0xA,	0x1D,	0x9,
	0x9,	0x1D,	0x9,	0x9,	0x1D,	0x9,	0xA,	0x1C,
	0x8,	0x7,	0x1C,	0x8,	0x7,	0x1D,	0x9,	0x9,
	0x1C,	0x8,	0x8,	0x1C,	0x8,	0x7,	0x1D,	0x9,
	0x9,	0x1D,	0x9,	0x9,	0x1D,	0x8,	0x9,	0x1C,
	0x8,	0x8,	0x1E,	0xA,	0xA,	0x1F,	0xB,	0xC,
	0x23,	0xD,	0x11,	0x23,	0xD,	0x12,	0x1F,	0xB,
	0xC,	0x1F,	0xA,	0xA,	0x21,	0xB,	0xE,	0x21,
	0xA,	0xC,	0x26,	0xE,	0x14,	0x21,	0xA,	0xD,
	0x20,	0xA,	0xB,	0x21,	0xA,	0xC,	0x21,	0xB,
	0xC,	0x22,	0xA,	0xC,	0x21,	0xB,	0xB,	0x21,
	0xB,	0xC,	0x1F,	0x9,	0x9,	0x20,	0x9,	0x9,
	0x1C,	0x8,	0x5,	0x1A,	0x7,	0x3,	0x1A,	0x5,
	0x2,	0x19,	0x5,	0x2,	0x19,	0x5,	0x2,	0x1A,
	0x7,	0x3,	0x19,	0x5,	0x2,	0x1A,	0x5,	0x2,
	0x19,	0x5,	0x2,	0x1A,	0x5,	0x2,	0x1A,	0x5,
	0x2,	0x18,	0x4,	0x0,	0x18,	0x4,	0x0,	0x1A,
	0x5,	0x2,	0x18,	0x4,	0x0,	0x1A,	0x5,	0x2,
	0x1A,	0x5,	0x2,	0x1B,	0x7,	0x3,	0x1F,	0x8,
	0x7,	0x1D,	0x8,	0x6,	0x1D,	0x8,	0x5,	0x1D,
	0x8,	0x6,	0x1D,	0x8,	0x5,	0x1F,	0x8,	0x7,
	0x22,	0xB,	0xA,	0x27,	0xD,	0xF,	0x27,	0xD,
	0x10,	0x2B,	0xE,	0x13,	0x2F,	0x11,	0x1A,	0x2F,
	0x11,	0x18,	0x36,	0x14,	0x1C,	0x35,	0x15,	0x1E,
	0x34,	0x13,	0x19,	0x3C,	0x16,	0x23,	0x3C,	0x16,
	0x20,	0x3B,	0x15,	0x1E,	0x3B,	0x17,	0x25,	'A',
	0x1A,	0x35,	0x3E,	0x18,	0x29,	0x3B,	0x17,	0x2F,
	0x3B,	0x16,	0x2A,	0x33,	0x13,	0x24,	0x28,	0xE,
	0x10,	0x2B,	0xE,	0x10,	0x2B,	0xE,	0x10,	0x26,
	0xB,	0xB,	0x2A,	0xF,	0x11,	0x2A,	0xF,	0x11,
	0x27,	0xE,	0xE,	0x23,	0xB,	0xB,	0x29,	0xD,
	0xE,	0x29,	0xE,	0x10,	0x26,	0xC,	0xD,	0x27,
	0xC,	0xE,	0x26,	0xC,	0xE,	0x23,	0xB,	0xC,
	0x2B,	0x10,	0x15,	0x37,	0x16,	0x24,	0x36,	0x15,
	0x1F,	0x38,	0x18,	0x25,	0x2B,	0x10,	0x16,	0x2B,
	0x11,	0x17,	0x27,	0xD,	0x10,	0x29,	0xF,	0x15,
	0x27,	0xE,	0x12,	0x27,	0xE,	0x12,	0x2B,	0x10,
	0x16,	0x26,	0xD,	0x10,	0x2F,	0x12,	0x1D,	0x2C,
	0x12,	0x1B,	0x2B,	0x10,	0x19,	0x27,	0xE,	0x13,
	0x22,	0xA,	0xD,	0x22,	0xA,	0xC,	0x21,	0xA,
	0xC,	0x18,	0x5,	0x2,	0x18,	0x5,	0x1,	0x19,
	0x5,	0x2,	0x18,	0x5,	0x1,	0x19,	0x5,	0x3,
	0x1C,	0x8,	0x9,	0x17,	0x4,	0x0,	0x1C,	0xA,
	0x9,	0x1B,	0x9,	0x7,	0x1A,	0x8,	0x5,	0x1A,
	0x8,	0x5,	0x18,	0x5,	0x2,	0x17,	0x4,	0x0,
	0x17,	0x4,	0x0,	0x18,	0x5,	0x2,	0x1B,	0x8,
	0x7,	0x1B,	0x8,	0x7,	0x1B,	0x8,	0x7,	0x1D,
	0x9,	0x9,	0x1E,	0xA,	0xC,	0x1D,	0x9,	0xA,
	0x1D,	0x9,	0xA,	0x1C,	0x8,	0x7,	0x1C,	0x8,
	0x7,	0x1C,	0x8,	0x7,	0x1C,	0x8,	0x7,	0x1C,
	0x8,	0x7,	0x1D,	0x9,	0x9,	0x1D,	0x9,	0x9,
	0x1D,	0x9,	0x9,	0x1D,	0x9,	0x9,	0x1D,	0x9,
	0x9,	0x1F,	0xA,	0x9,	0x1C,	0x8,	0x8,	0x1D,
	0x8,	0x7,	0x1D,	0x8,	0x7,	0x1F,	0xA,	0xA,
	0x20,	0xA,	0xC,	0x22,	0xB,	0xF,	0x22,	0xB,
	0xE,	0x1F,	0xA,	0x9,	0x21,	0xA,	0xC,	0x21,
	0xA,	0xD,	0x22,	0xC,	0xE,	0x21,	0xA,	0xC,
	0x20,	0xA,	0xC,	0x21,	0xB,	0xC,	0x21,	0xB,
	0xC,	0x21,	0xB,	0xC,	0x21,	0xB,	0xC,	0x1F,
	0x9,	0x9,	0x1F,	0x9,	0x8,	0x22,	0xB,	0xC,
	0x21,	0xA,	0xA,	0x1F,	0x9,	0x8,	0x1C,	0x7,
	0x5,	0x1A,	0x7,	0x3,	0x19,	0x5,	0x2,	0x19,
	0x5,	0x2,	0x19,	0x5,	0x2,	0x1A,	0x7,	0x3,
	0x1B,	0x7,	0x3,	0x1A,	0x5,	0x2,	0x19,	0x5,
	0x2,	0x1A,	0x5,	0x2,	0x18,	0x4,	0x0,	0x18,
	0x4,	0x0,	0x18,	0x4,	0x0,	0x18,	0x4,	0x0,
	0x18,	0x4,	0x0,	0x1A,	0x5,	0x2,	0x20,	0x8,
	0x7,	0x20,	0x8,	0x7,	0x1E,	0x8,	0x6,	0x1E,
	0x8,	0x6,	0x1F,	0x8,	0x6,	0x20,	0x8,	0x7,
	0x22,	0xA,	0xA,	0x2D,	0xE,	0x15,	0x2C,	0xF,
	0x13,	0x2B,	0xE,	0x11,	0x2C,	0xE,	0x10,	0x2E,
	0xF,	0x14,	0x2D,	0xF,	0x11,	0x35,	0x13,	0x1A,
	0x35,	0x13,	0x19,	0x3A,	0x17,	0x1E,	0x37,	0x15,
	0x1B,	0x35,	0x13,	0x19,	0x38,	0x14,	0x19,	'A',
	0x17,	0x25,	0x38,	0x16,	0x23,	0x3B,	0x17,	0x24,
	0x38,	0x16,	0x22,	0x33,	0x11,	0x18,	0x2D,	0x10,
	0x14,	0x2E,	0x10,	0x12,	0x2D,	0xF,	0x10,	0x2A,
	0xE,	0xE,	0x26,	0xD,	0xC,	0x2C,	0xF,	0x11,
	0x2B,	0xF,	0x10,	0x24,	0xA,	0xA,	0x27,	0xC,
	0xC,	0x2D,	0x10,	0x13,	0x2B,	0xE,	0x11,	0x26,
	0xB,	0xC,	0x29,	0xE,	0xF,	0x29,	0xE,	0x10,
	0x23,	0xA,	0xB,	0x29,	0xF,	0x11,	0x37,	0x15,
	0x20,	0x34,	0x14,	0x1D,	0x31,	0x14,	0x1E,	0x2C,
	0x10,	0x16,	0x28,	0xE,	0x10,	0x2B,	0x10,	0x15,
	0x2B,	0x10,	0x18,	0x26,	0xD,	0x10,	0x26,	0xC,
	0xE,	0x24,	0xC,	0xE,	0x2A,	0x10,	0x15,	0x33,
	0x16,	0x22,	0x2A,	0x10,	0x18,	0x2A,	0xF,	0x17,
	0x24,	0xB,	0xD,	0x18,	0x5,	0x3,	0x1E,	0x8,
	0x9,	0x1B,	0x7,	0x7,	0x1B,	0x5,	0x2,	0x18,
	0x5,	0x1,	0x17,	0x4,	0x0,	0x18,	0x5,	0x1,
	0x18,	0x5,	0x1,	0x18,	0x5,	0x2,	0x1B,	0x9,
	0x7,	0x1B,	0x9,	0x7,	0x1A,	0x8,	0x5,	0x1A,
	0x7,	0x5,	0x18,	0x5,	0x2,	0x17,	0x4,	0x0,
	0x17,	0x4,	0x0,	0x18,	0x5,	0x2,	0x1A,	0x7,
	0x5,	0x1B,	0x8,	0x7,	0x1D,	0x9,	0x9,	0x1F,
	0xB,	0xE,	0x1F,	0xA,	0xC,	0x1D,	0x9,	0x9,
	0x1D,	0x9,	0xA,	0x1C,	0x8,	0x7,	0x1C,	0x8,
	0x7,	0x1C,	0x8,	0x7,	0x1D,	0x8,	0x7,	0x1D,
	0x9,	0x9,	0x1D,	0x9,	0x9,	0x1D,	0x9,	0x9,
	0x1F,	0x9,	0x9,	0x1D,	0x8,	0x7,	0x1D,	0x8,
	0x7,	0x1D,	0x8,	0x7,	0x1D,	0x8,	0x7,	0x20,
	0xA,	0xC,	0x1D,	0x8,	0x7,	0x1F,	0xA,	0x9,
	0x1E,	0x8,	0x7,	0x1F,	0xA,	0x9,	0x21,	0xA,
	0xC,	0x20,	0xA,	0xA,	0x1F,	0xA,	0x9,	0x23,
	0xB,	0xE,	0x23,	0xB,	0xE,	0x22,	0xB,	0xC,
	0x22,	0xB,	0xD,	0x22,	0xA,	0xA,	0x22,	0xA,
	0xA,	0x22,	0xA,	0xB,	0x22,	0xA,	0xB,	0x1F,
	0x9,	0x7,	0x20,	0xA,	0xA,	0x1F,	0x9,	0x7,
	0x20,	0x9,	0x7,	0x20,	0xA,	0xA,	0x20,	0x9,
	0x7,	0x20,	0x9,	0x7,	0x1D,	0x7,	0x5,	0x1D,
	0x7,	0x5,	0x1B,	0x7,	0x3,	0x1A,	0x5,	0x2,
	0x1A,	0x5,	0x2,	0x1A,	0x5,	0x2,	0x1A,	0x5,
	0x2,	0x1C,	0x7,	0x3,	0x1A,	0x5,	0x2,	0x17,
	0x4,	0x0,	0x18,	0x4,	0x0,	0x18,	0x4,	0x0,
	0x18,	0x4,	0x0,	0x18,	0x4,	0x0,	0x1A,	0x5,
	0x2,	0x1F,	0x9,	0x7,	0x1D,	0x8,	0x4,	0x1D,
	0x8,	0x4,	0x1D,	0x8,	0x4,	0x1D,	0x8,	0x4,
	0x26,	0xA,	0xC,	0x26,	0xA,	0xC,	0x29,	0xD,
	0xC,	0x2B,	0xE,	0xF,	0x29,	0xD,	0xD,	0x2B,
	0xE,	0xF,	0x2C,	0xF,	0x10,	0x32,	0x12,	0x14,
	0x34,	0x13,	0x15,	0x35,	0x13,	0x16,	0x33,	0x12,
	0x16,	0x33,	0x12,	0x15,	0x2F,	0xF,	0x11,	0x38,
	0x15,	0x1B,	0x35,	0x14,	0x18,	'B',	0x18,	0x2E,
	0x31,	0x11,	0x15,	0x30,	0x10,	0x13,	0x2F,	0x10,
	0x13,	0x33,	0x13,	0x16,	0x2F,	0x10,	0x13,	0x2F,
	0x10,	0x12,	0x30,	0xF,	0x11,	0x27,	0xD,	0xC,
	0x2E,	0xF,	0x10,	0x2C,	0xE,	0x10,	0x29,	0xD,
	0xD,	0x26,	0xC,	0xB,	0x28,	0xD,	0xC,	0x26,
	0xB,	0xC,	0x2A,	0xE,	0xF,	0x25,	0xB,	0xA,
	0x25,	0xB,	0xC,	0x25,	0xA,	0xA,	0x31,	0x13,
	0x18,	0x34,	0x13,	0x1E,	0x33,	0x13,	0x1E,	0x2D,
	0x11,	0x16,	0x2A,	0x10,	0x12,	0x2E,	0x11,	0x18,
	0x27,	0xD,	0x11,	0x29,	0xF,	0x12,	0x25,	0xD,
	0x10,	0x28,	0xE,	0x12,	0x2F,	0x12,	0x1B,	0x2C,
	0x11,	0x19,	0x2C,	0x11,	0x19,	0x27,	0xF,	0x13,
	0x24,	0xC,	0xF,	0x1B,	0x5,	0x3,	0x18,	0x5,
	0x2,	0x1B,	0x7,	0x6,	0x1B,	0x5,	0x2,	0x1A,
	0x7,	0x5,	0x1A,	0x7,	0x5,	0x18,	0x5,	0x2,
	0x17,	0x4,	0x0,	0x17,	0x4,	0x0,	0x1B,	0x8,
	0x6,	0x1B,	0x9,	0x7,	0x1D,	0x9,	0x9,	0x1B,
	0x9,	0x7,	0x1A,	0x7,	0x5,	0x17,	0x4,	0x0,
	0x18,	0x5,	0x2,	0x18,	0x5,	0x2,	0x1A,	0x7,
	0x5,	0x1D,	0x9,	0x9,	0x1E,	0xA,	0xC,	0x1F,
	0xB,	0xE,	0x1F,	0xA,	0xC,	0x1C,	0x8,	0x7,
	0x1D,	0x9,	0x9,	0x1C,	0x8,	0x7,	0x1D,	0x9,
	0x9,	0x1C,	0x8,	0x7,	0x1D,	0x8,	0x7,	0x1D,
	0x8,	0x7,	0x1D,	0x9,	0x9,	0x1F,	0xA,	0x9,
	0x1D,	0x8,	0x7,	0x1D,	0x8,	0x7,	0x1D,	0x8,
	0x7,	0x1D,	0x8,	0x7,	0x1D,	0x8,	0x7,	0x1F,
	0xA,	0x9,	0x1D,	0x8,	0x7,	0x1D,	0x8,	0x7,
	0x1F,	0x9,	0x9,	0x1D,	0x8,	0x6,	0x1D,	0x8,
	0x6,	0x1F,	0x9,	0x8,	0x20,	0xA,	0x9,	0x22,
	0xB,	0xB,	0x20,	0xA,	0xA,	0x21,	0xA,	0x9,
	0x22,	0xB,	0xC,	0x22,	0xA,	0xA,	0x21,	0xA,
	0xA,	0x22,	0xA,	0xA,	0x1F,	0x9,	0x7,	0x1F,
	0x9,	0x7,	0x21,	0xA,	0x9,	0x21,	0xA,	0x9,
	0x20,	0x9,	0x7,	0x20,	0x9,	0x7,	0x28,	0xE,
	0xE,	0x22,	0xA,	0x9,	0x20,	0x9,	0x7,	0x21,
	0x9,	0x8,	0x21,	0xA,	0x7,	0x1D,	0x7,	0x4,
	0x1D,	0x7,	0x4,	0x1C,	0x7,	0x3,	0x1C,	0x7,
	0x3,	0x1C,	0x7,	0x3,	0x1A,	0x5,	0x1,	0x18,
	0x4,	0x0,	0x18,	0x4,	0x0,	0x1A,	0x5,	0x1,
	0x18,	0x4,	0x0,	0x18,	0x4,	0x0,	0x18,	0x4,
	0x0,	0x1A,	0x5,	0x1,	0x20,	0x8,	0x6,	0x20,
	0x8,	0x7,	0x1E,	0x8,	0x4,	0x21,	0x8,	0x7,
	0x26,	0xC,	0xA,	0x28,	0xD,	0xC,	0x28,	0xD,
	0xC,	0x28,	0xD,	0xC,	0x2D,	0xE,	0xF,	0x2C,
	0xE,	0xE,	0x34,	0x12,	0x14,	0x2E,	0xF,	0x10,
	0x2E,	0xF,	0x11,	0x2C,	0xE,	0xE,	0x2B,	0xE,
	0xD,	0x2E,	0xF,	0x10,	0x2F,	0x10,	0x11,	0x2F,
	0x10,	0x12,	0x34,	0x13,	0x17,	0x30,	0x10,	0x13,
	0x37,	0x14,	0x1E,	0x31,	0x11,	0x15,	0x2F,	0x10,
	0x13,	0x31,	0x12,	0x13,	0x32,	0x10,	0x13,	0x30,
	0x10,	0x13,	0x30,	0x10,	0x11,	0x2C,	0xE,	0xD,
	0x2A,	0xE,	0xD,	0x34,	0x12,	0x13,	0x29,	0xD,
	0xE,	0x27,	0xB,	0xA,	0x28,	0xD,	0xC,	0x29,
	0xD,	0xD,	0x26,	0xC,	0xB,	0x23,	0xA,	0xA,
	0x32,	0x11,	0x17,	0x2D,	0xF,	0x11,	0x22,	0xB,
	0x9,	0x29,	0xD,	0x10,	0x30,	0x11,	0x19,	0x2D,
	0x11,	0x14,	0x31,	0x13,	0x1A,	0x2C,	0xF,	0x13,
	0x29,	0xE,	0x12,	0x2E,	0x11,	0x1A,	0x30,	0x12,
	0x1F,	0x2B,	0xE,	0x16,	0x2F,	0x12,	0x1B,	0x2F,
	0x12,	0x19,	0x2B,	0xF,	0x17,	0x2E,	0x13,	0x1A,
	0x29,	0xF,	0x15,	0x21,	0xB,	0xB,	0x18,	0x5,
	0x2,	0x1B,	0x5,	0x3,	0x18,	0x5,	0x2,	0x1A,
	0x5,	0x3,	0x17,	0x4,	0x0,	0x17,	0x4,	0x0,
	0x17,	0x4,	0x0,	0x17,	0x4,	0x0,	0x1D,	0xA,
	0xA,	0x1D,	0x9,	0x9,	0x1D,	0xA,	0xA,	0x1D,
	0x9,	0x9,	0x1B,	0x8,	0x7,	0x17,	0x4,	0x0,
	0x17,	0x4,	0x0,	0x17,	0x4,	0x0,	0x19,	0x6,
	0x3,	0x1E,	0xA,	0xB,	0x1D,	0x9,	0x9,	0x21,
	0xB,	0xD,	0x1F,	0xA,	0xC,	0x1D,	0x9,	0x9,
	0x1D,	0x8,	0x7,	0x1D,	0x8,	0x7,	0x1D,	0x8,
	0x7,	0x1D,	0x8,	0x7,	0x1D,	0x8,	0x7,	0x1D,
	0x8,	0x7,	0x1D,	0x8,	0x7,	0x1B,	0x7,	0x5,
	0x1D,	0x8,	0x7,	0x1D,	0x8,	0x7,	0x1D,	0x8,
	0x7,	0x1D,	0x8,	0x7,	0x1F,	0x9,	0x8,	0x1B,
	0x7,	0x5,	0x1D,	0x8,	0x6,	0x1F,	0x9,	0x8,
	0x1D,	0x8,	0x6,	0x1F,	0x9,	0x8,	0x1D,	0x8,
	0x6,	0x1D,	0x8,	0x6,	0x1D,	0x8,	0x5,	0x20,
	0xA,	0x9,	0x1F,	0x8,	0x7,	0x1F,	0x9,	0x7,
	0x21,	0xA,	0xA,	0x23,	0xB,	0xB,	0x21,	0xA,
	0x9,	0x21,	0xA,	0x8,	0x20,	0x9,	0x7,	0x21,
	0xA,	0x9,	0x21,	0xA,	0x9,	0x21,	0xA,	0x9,
	0x22,	0xA,	0x9,	0x21,	0x9,	0x7,	0x2D,	0xF,
	0x11,	0x2A,	0xE,	0xF,	0x26,	0xC,	0xC,	0x23,
	0xA,	0xA,	0x23,	0xA,	0xA,	0x26,	0xC,	0xA,
	0x24,	0xA,	0xA,	0x21,	0xA,	0x7,	0x26,	0xA,
	0xB,	0x24,	0xA,	0xA,	0x20,	0x8,	0x7,	0x1A,
	0x5,	0x1,	0x1A,	0x5,	0x1,	0x18,	0x4,	0x0,
	0x18,	0x4,	0x0,	0x18,	0x4,	0x0,	0x18,	0x4,
	0x0,	0x18,	0x4,	0x0,	0x1D,	0x7,	0x3,	0x1D,
	0x8,	0x4,	0x1F,	0x8,	0x5,	0x1F,	0x8,	0x5,
	0x24,	0x9,	0x8,	0x29,	0xC,	0xB,	0x2C,	0xE,
	0xD,	0x29,	0xC,	0xC,	0x2A,	0xC,	0xC,	0x2C,
	0xE,	0xE,	0x2C,	0xE,	0xF,	0x2F,	0xF,	0xF,
	0x2C,	0xE,	0xF,	0x2C,	0xE,	0xF,	0x2D,	0xF,
	0xF,	0x2A,	0xE,	0xC,	0x2D,	0xF,	0x10,	0x2C,
	0xF,	0x10,	0x2F,	0xF,	0x11,	0x32,	0x12,	0x14,
	0x2F,	0x10,	0x13,	0x34,	0x12,	0x16,	0x36,	0x15,
	0x19,	0x31,	0x11,	0x16,	0x33,	0x11,	0x15,	0x33,
	0x12,	0x15,	0x39,	0x13,	0x1A,	0x33,	0x12,	0x12,
	0x2F,	0xF,	0x10,	0x2F,	0x10,	0x11,	0x2A,	0xE,
	0xE,	0x3E,	0x16,	0x1C,	0x31,	0x10,	0x12,	0x26,
	0xC,	0xA,	0x29,	0xD,	0xC,	0x28,	0xD,	0xC,
	0x2B,	0xE,	0x10,	0x38,	0x13,	0x1A,	0x2A,	0xE,
	0x10,	0x23,	0xA,	0x9,	0x26,	0xC,	0xE,	0x2D,
	0x10,	0x14,	0x32,	0x14,	0x1A,	0x2C,	0x10,	0x13,
	0x2D,	0x10,	0x15,	0x33,	0x14,	0x1D,	0x38,	0x16,
	0x2A,	0x29,	0xE,	0x12,	0x27,	0xE,	0x13,	0x28,
	0xE,	0x12,	0x28,	0xE,	0x11,	0x2D,	0x11,	0x18,
	0x29,	0xE,	0x11,	0x22,	0xA,	0xC,	0x18,	0x5,
	0x0,	0x1C,	0x7,	0x5,	0x18,	0x5,	0x2,	0x18,
	0x5,	0x2,	0x1A,	0x5,	0x2,	0x17,	0x4,	0x0,
	0x17,	0x4,	0x0,	0x18,	0x5,	0x4,	0x1F,	0xB,
	0xE,	0x1D,	0x9,	0x9,	0x1D,	0xA,	0xC,	0x1D,
	0xA,	0xC,	0x1E,	0xA,	0xB,	0x18,	0x5,	0x2,
	0x17,	0x4,	0x0,	0x17,	0x4,	0x0,	0x17,	0x4,
	0x0,	0x1D,	0x9,	0x9,	0x21,	0xB,	0xD,	0x21,
	0xB,	0xD,	0x1F,	0xA,	0xB,	0x1C,	0x8,	0x7,
	0x1D,	0x8,	0x7,	0x1B,	0x7,	0x5,	0x1D,	0x8,
	0x7,	0x1D,	0x8,	0x7,	0x1D,	0x8,	0x7,	0x1D,
	0x8,	0x6,	0x1D,	0x8,	0x6,	0x1D,	0x8,	0x6,
	0x1D,	0x8,	0x6,	0x1D,	0x8,	0x6,	0x1D,	0x8,
	0x6,	0x1D,	0x8,	0x6,	0x1D,	0x8,	0x6,	0x1D,
	0x8,	0x6,	0x1F,	0x8,	0x7,	0x1F,	0x8,	0x7,
	0x1F,	0x8,	0x7,	0x22,	0xB,	0xD,	0x22,	0xB,
	0xA,	0x25,	0xD,	0xE,	0x25,	0xD,	0xE,	0x2E,
	0x12,	0x16,	0x24,	0xD,	0xC,	0x21,	0xA,	0x8,
	0x20,	0x9,	0x7,	0x21,	0xA,	0x8,	0x21,	0xA,
	0x9,	0x22,	0xA,	0x9,	0x22,	0xA,	0x9,	0x22,
	0xA,	0x9,	0x22,	0xA,	0x9,	0x24,	0xC,	0xA,
	0x23,	0xA,	0xA,	0x23,	0xA,	0xA,	0x26,	0xC,
	0xB,	0x36,	0x14,	0x19,	0x33,	0x13,	0x18,	0x28,
	0xC,	0xC,	0x29,	0xD,	0xE,	0x2A,	0xD,	0xD,
	0x29,	0xD,	0xE,	0x2B,	0xD,	0xE,	0x2E,	0x10,
	0x12,	0x2E,	0xF,	0x11,	0x37,	0x13,	0x19,	0x29,
	0xD,	0xD,	0x19,	0x5,	0x0,	0x17,	0x4,	0x0,
	0x1B,	0x5,	0x2,	0x19,	0x5,	0x0,	0x17,	0x4,
	0x0,	0x17,	0x4,	0x0,	0x19,	0x5,	0x0,	0x1B,
	0x5,	0x2,	0x1D,	0x7,	0x3,	0x1D,	0x7,	0x3,
	0x20,	0x9,	0x6,	0x26,	0xB,	0xA,	0x2B,	0xC,
	0xC,	0x27,	0xB,	0xB,	0x2A,	0xD,	0xC,	0x2A,
	0xD,	0xC,	0x2C,	0xE,	0xF,	0x29,	0xD,	0xB,
	0x29,	0xD,	0xB,	0x2D,	0xF,	0xF,	0x30,	0x10,
	0x12,	0x2B,	0xE,	0xD,	0x2A,	0xE,	0xC,	0x30,
	0x10,	0x10,	0x2C,	0xF,	0xF,	0x30,	0x10,	0x11,
	0x2D,	0xF,	0xF,	0x2D,	0xF,	0x11,	0x31,	0x10,
	0x12,	0x36,	0x14,	0x17,	0x35,	0x12,	0x16,	0x37,
	0x15,	0x18,	0x37,	0x15,	0x17,	'E',	0x17,	0x22,
	0x37,	0x15,	0x16,	0x35,	0x14,	0x15,	0x29,	0xD,
	0xC,	0x30,	0xF,	0x11,	0x2B,	0xD,	0xD,	0x28,
	0xC,	0xC,	0x2E,	0xF,	0xF,	0x35,	0x13,	0x15,
	0x29,	0xD,	0xD,	0x36,	0x13,	0x16,	0x2D,	0x10,
	0x12,	0x32,	0x12,	0x16,	0x23,	0xA,	0xA,	0x23,
	0xA,	0x9,	0x2C,	0x10,	0x13,	0x32,	0x13,	0x1C,
	0x36,	0x16,	0x21,	0x2C,	0x10,	0x13,	0x2C,	0x10,
	0x15,	0x29,	0xF,	0x13,	0x27,	0xD,	0x10,	0x25,
	0xC,	0xC,	0x22,	0xA,	0xA,	0x22,	0xA,	0xA,
	0x22,	0xA,	0xB,	0x20,	0x9,	0x9,	0x18,	0x5,
	0x2,	0x1B,	0x7,	0x5,	0x1A,	0x5,	0x3,	0x1B,
	0x7,	0x5,	0x18,	0x5,	0x2,	0x17,	0x4,	0x0,
	0x17,	0x4,	0x0,	0x17,	0x4,	0x0,	0x1E,	0xA,
	0xC,	0x1E,	0xA,	0xB,	0x1E,	0xA,	0xB,	0x1E,
	0xA,	0xC,	0x1E,	0xA,	0xC,	0x1A,	0x6,	0x3,
	0x17,	0x4,	0x0,	0x17,	0x4,	0x0,	0x17,	0x4,
	0x0,	0x1D,	0x9,	0x9,	0x21,	0xB,	0xE,	0x1F,
	0xA,	0xB,	0x1D,	0x9,	0x9,	0x1D,	0x8,	0x7,
	0x1F,	0x9,	0x8,	0x1D,	0x8,	0x7,	0x1F,	0x9,
	0x9,	0x1F,	0x9,	0x8,	0x1F,	0x9,	0x8,	0x1F,
	0x9,	0x8,	0x21,	0xA,	0xB,	0x24,	0xC,	0xE,
	0x23,	0xC,	0xD,	0x1D,	0x8,	0x6,	0x1B,	0x7,
	0x5,	0x1B,	0x7,	0x5,	0x1F,	0x8,	0x7,	0x20,
	0xA,	0x9,	0x20,	0x9,	0x9,	0x23,	0xB,	0xC,
	0x28,	0xE,	0xF,	0x24,	0xD,	0xB,	0x27,	0xE,
	0xE,	0x28,	0xE,	0x11,	0x2F,	0x14,	0x18,	0x31,
	0x15,	0x19,	0x38,	0x19,	0x20,	0x2F,	0x12,	0x16,
	0x23,	0xB,	0xA,	0x22,	0xA,	0x9,	0x23,	0xB,
	0xA,	0x24,	0xC,	0xA,	0x22,	0xA,	0x9,	0x22,
	0xA,	0x9,	0x27,	0xB,	0xE,	0x26,	0xC,	0xC,
	0x27,	0xC,	0xB,	0x24,	0xA,	0x8,	0x24,	0xA,
	0x8,	0x2B,	0xD,	0xE,	'E',	0x1A,	0x26,	0x37,
	0x15,	0x1C,	0x2B,	0xD,	0xE,	0x2C,	0xE,	0xE,
	0x2F,	0x11,	0x13,	0x2D,	0xF,	0x10,	0x30,	0x10,
	0x13,	0x36,	0x13,	0x17,	'I',	0x1C,	0x25,	'B',
	0x19,	0x20,	0x28,	0xE,	0xB,	0x18,	0x6,	0x1,
	0x1A,	0x7,	0x2,	0x1B,	0x7,	0x3,	0x18,	0x6,
	0x1,	0x18,	0x6,	0x1,	0x1A,	0x6,	0x2,	0x19,
	0x6,	0x2,	0x1D,	0x8,	0x5,	0x1D,	0x8,	0x5,
	0x1F,	0x9,	0x5,	0x26,	0xB,	0x9,	0x26,	0xB,
	0x8,	0x27,	0xB,	0xB,	0x26,	0xB,	0xA,	0x26,
	0xB,	0xA,	0x2A,	0xD,	0xC,	0x2B,	0xD,	0xB,
	0x2B,	0xD,	0xB,	0x2C,	0xE,	0xC,	0x2F,	0xE,
	0x10,	0x2F,	0x10,	0x11,	0x2C,	0xE,	0xD,	0x2A,
	0xE,	0xC,	0x2C,	0xF,	0xE,	0x2D,	0xF,	0xF,
	0x32,	0x10,	0x11,	0x30,	0x10,	0x10,	0x31,	0x10,
	0x12,	0x38,	0x16,	0x18,	'B',	0x18,	0x21,	0x37,
	0x14,	0x1B,	0x3A,	0x14,	0x17,	'E',	0x1B,	0x21,
	0x39,	0x15,	0x18,	0x3C,	0x15,	0x1A,	0x37,	0x12,
	0x16,	0x2B,	0xC,	0xD,	0x2B,	0xE,	0xC,	0x2A,
	0xC,	0xC,	0x2A,	0xE,	0xC,	0x2A,	0xC,	0xD,
	0x31,	0x11,	0x16,	0x2B,	0xF,	0xF,	0x26,	0xB,
	0xA,	0x24,	0xA,	0xA,	0x27,	0xD,	0xD,	0x1F,
	0x8,	0x7,	0x20,	0x8,	0x7,	'A',	0x1A,	0x2E,
	0x36,	0x17,	0x1F,	0x3F,	0x1B,	0x30,	0x30,	0x12,
	0x1B,	0x34,	0x14,	0x1F,	0x2F,	0x11,	0x16,	0x2C,
	0x10,	0x13,	0x26,	0xB,	0xC,	0x23,	0xB,	0xA,
	0x26,	0xC,	0xE,	0x24,	0xC,	0x10,	0x1B,	0x7,
	0x5,	0x18,	0x5,	0x2,	0x1B,	0x7,	0x4,	0x18,
	0x5,	0x2,	0x18,	0x5,	0x2,	0x18,	0x5,	0x2,
	0x18,	0x5,	0x2,	0x17,	0x4,	0x0,	0x1F,	0xA,
	0xC,	0x1D,	0x9,	0x9,	0x1F,	0xA,	0xC,	0x1D,
	0x9,	0xA,	0x1F,	0xA,	0xC,	0x1C,	0x8,	0x7,
	0x17,	0x4,	0x0,	0x17,	0x4,	0x0,	0x17,	0x4,
	0x0,	0x1B,	0x7,	0x5,	0x26,	0xE,	0x14,	0x22,
	0xB,	0xE,	0x21,	0xB,	0xC,	0x21,	0xA,	0xC,
	0x29,	0x10,	0x17,	0x25,	0xD,	0x10,	0x25,	0xE,
	0x10,	0x26,	0xF,	0x12,	0x26,	0xF,	0x12,	0x25,
	0xE,	0x10,	0x28,	0x10,	0x15,	0x28,	0xF,	0x13,
	0x2C,	0x11,	0x18,	0x20,	0x9,	0x9,	0x1D,	0x8,
	0x5,	0x1F,	0x8,	0x7,	0x20,	0x9,	0x8,	0x23,
	0xB,	0xC,	0x23,	0xB,	0xC,	0x22,	0xB,	0xA,
	0x27,	0xE,	0xE,	0x2B,	0x10,	0x11,	0x2F,	0x12,
	0x18,	0x31,	0x13,	0x18,	0x37,	0x16,	0x1C,	0x3B,
	0x19,	0x21,	0x3E,	0x1A,	0x25,	'C',	0x1D,	0x29,
	0x35,	0x15,	0x1A,	0x22,	0xA,	0x9,	0x24,	0xC,
	0xA,	0x29,	0xD,	0xE,	0x26,	0xC,	0xA,	0x26,
	0xC,	0xB,	0x29,	0xD,	0xE,	0x28,	0xD,	0xE,
	0x24,	0xA,	0x9,	0x24,	0xA,	0x8,	0x28,	0xC,
	0xC,	0x29,	0xC,	0xE,	0x34,	0x12,	0x16,	'Y',
	0x23,	0x36,	0x31,	0x10,	0x13,	0x2F,	0xF,	0x11,
	0x2F,	0x10,	0x12,	0x35,	0x13,	0x18,	0x34,	0x13,
	0x17,	0x37,	0x15,	0x17,	'N',	0x20,	0x29,	'M',
	0x20,	0x2B,	'D',	0x1A,	0x1F,	0x20,	0xB,	0x8,
	0x1B,	0x8,	0x5,	0x22,	0xC,	0xA,	0x1E,	0x9,
	0x5,	0x1B,	0x8,	0x5,	0x1C,	0x7,	0x3,	0x1F,
	0xA,	0x7,	0x25,	0xD,	0xA,	0x20,	0xB,	0x8,
	0x1F,	0x8,	0x5,	0x2E,	0x10,	0xF,	0x2D,	0xF,
	0xE,	0x2D,	0xF,	0xD,	0x28,	0xD,	0xC,	0x28,
	0xE,	0xB,	0x27,	0xD,	0xA,	0x27,	0xD,	0xA,
	0x27,	0xB,	0xA,	0x27,	0xB,	0xA,	0x27,	0xD,
	0xA,	0x31,	0x10,	0x11,	0x30,	0x10,	0x11,	0x27,
	0xD,	0xB,	0x2B,	0xE,	0xD,	0x32,	0x11,	0x12,
	0x32,	0x10,	0x11,	0x38,	0x14,	0x15,	0x38,	0x14,
	0x16,	0x32,	0x11,	0x12,	'A',	0x17,	0x1F,	0x3F,
	0x18,	0x1E,	0x38,	0x13,	0x17,	'B',	0x19,	0x1D,
	'L',	0x1E,	0x27,	'A',	0x18,	0x1C,	'E',	0x19,
	0x20,	0x2C,	0xE,	0xF,	0x27,	0xB,	0xC,	0x2B,
	0xE,	0xC,	0x2B,	0xE,	0xC,	0x37,	0x15,	0x18,
	0x28,	0xC,	0xC,	0x2D,	0xF,	0x11,	0x31,	0x11,
	0x16,	0x2A,	0xD,	0xF,	0x22,	0xA,	0x9,	0x22,
	0xA,	0x8,	0x1F,	0x8,	0x7,	0x21,	0x8,	0x7,
	0x31,	0x12,	0x17,	0x39,	0x17,	0x24,	'C',	0x1D,
	0x36,	0x35,	0x15,	0x22,	0x2D,	0x11,	0x15,	0x30,
	0x12,	0x17,	0x29,	0xE,	0x10,	0x29,	0xF,	0x12,
	0x24,	0xB,	0xC,	0x23,	0xB,	0xC,	0x1E,	0x8,
	0x6,	0x1A,	0x5,	0x2,	0x18,	0x5,	0x2,	0x17,
	0x4,	0x0,	0x18,	0x5,	0x2,	0x1B,	0x7,	0x5,
	0x18,	0x5,	0x2,	0x17,	0x4,	0x0,	0x1F,	0xA,
	0xE,	0x1D,	0xA,	0xC,	0x1D,	0xA,	0xA,	0x1F,
	0xB,	0xE,	0x20,	0xB,	0xF,	0x1D,	0x9,	0xB,
	0x17,	0x4,	0x0,	0x17,	0x4,	0x0,	0x18,	0x5,
	0x2,	0x1D,	0x8,	0x7,	0x2D,	0x14,	0x1F,	0x33,
	0x17,	0x26,	0x29,	0x10,	0x18,	0x28,	0x10,	0x15,
	0x30,	0x15,	0x20,	0x29,	0x10,	0x16,	0x27,	0xF,
	0x15,	0x2E,	0x13,	0x1B,	0x2A,	0xF,	0x15,	0x25,
	0xE,	0xF,	0x2B,	0x10,	0x16,	0x28,	0xF,	0x12,
	0x31,	0x14,	0x1B,	0x36,	0x18,	0x1F,	0x26,	0xE,
	0xE,	0x26,	0xE,	0xC,	0x28,	0xE,	0xD,	0x26,
	0xE,	0xE,	0x27,	0xE,	0xE,	0x29,	0xE,	0xE,
	0x29,	0xE,	0xE,	0x2F,	0x10,	0x12,	0x32,	0x13,
	0x17,	0x36,	0x15,	0x19,	0x3B,	0x18,	0x20,	0x40,
	0x1B,	0x25,	0x3D,	0x19,	0x22,	'A',	0x1B,	0x25,
	'C',	0x1B,	0x24,	0x26,	0xC,	0xB,	0x24,	0xA,
	0xA,	0x26,	0xC,	0xA,	0x27,	0xD,	0xC,	0x28,
	0xD,	0xC,	0x27,	0xC,	0xC,	0x27,	0xC,	0xC,
	0x26,	0xA,	0x9,	0x25,	0xA,	0x9,	0x28,	0xC,
	0xC,	0x28,	0xC,	0xC,	0x2A,	0xD,	0xE,	'S',
	0x20,	0x2C,	'X',	0x22,	0x2E,	0x38,	0x16,	0x1C,
	0x3A,	0x17,	0x20,	0x3C,	0x18,	0x1A,	0x38,	0x16,
	0x17,	0x39,	0x17,	0x1A,	'L',	0x22,	0x29,	'W',
	0x26,	0x33,	'X',	0x27,	0x33,	'S',	0x25,	0x2F,
	0x29,	0x11,	0x10,	0x2C,	0x13,	0x12,	0x34,	0x15,
	0x16,	0x23,	0xD,	0xA,	0x21,	0xC,	0x8,	0x26,
	0xE,	0xB,	0x2A,	0x11,	0xF,	0x2B,	0x11,	0xF,
	0x27,	0xE,	0xD,	0x2C,	0x12,	0x10,	0x33,	0x14,
	0x15,	0x33,	0x13,	0x13,	0x2B,	0xF,	0xF,	0x30,
	0x10,	0x11,	0x2A,	0xE,	0xD,	0x2F,	0x10,	0x10,
	0x2B,	0xE,	0xC,	0x28,	0xE,	0xB,	0x29,	0xE,
	0xC,	0x2F,	0xF,	0x10,	0x2E,	0xF,	0xF,	0x27,
	0xD,	0xB,	0x28,	0xD,	0xA,	0x2C,	0xD,	0xC,
	0x2F,	0x10,	0xF,	0x32,	0x12,	0x12,	0x39,	0x15,
	0x19,	0x3A,	0x16,	0x19,	0x33,	0x11,	0x13,	0x3D,
	0x17,	0x1E,	0x3D,	0x17,	0x1E,	0x3B,	0x15,	0x1A,
	'B',	0x19,	0x1E,	'H',	0x1B,	0x23,	0x3B,	0x15,
	0x19,	0x30,	0x11,	0x11,	0x31,	0x11,	0x11,	0x2F,
	0xF,	0x10,	0x27,	0xB,	0xA,	0x2D,	0xE,	0xF,
	0x2C,	0xE,	0xF,	0x36,	0x13,	0x19,	0x30,	0x11,
	0x13,	'E',	0x1A,	0x27,	0x2C,	0xF,	0x12,	0x28,
	0xC,	0xD,	0x28,	0xE,	0xE,	0x1F,	0x8,	0x5,
	0x23,	0xB,	0x9,	0x35,	0x15,	0x19,	0x31,	0x12,
	0x1B,	0x38,	0x15,	0x24,	0x30,	0x13,	0x1A,	0x2B,
	0x10,	0x15,	0x30,	0x12,	0x19,	0x35,	0x15,	0x1D,
	0x30,	0x13,	0x1C,	0x27,	0xE,	0x10,	0x26,	0xC,
	0xE,	0x1A,	0x5,	0x2,	0x1A,	0x5,	0x3,	0x17,
	0x4,	0x0,	0x17,	0x4,	0x0,	0x1B,	0x5,	0x3,
	0x1B,	0x5,	0x3,	0x17,	0x4,	0x0,	0x1F,	0xA,
	0x10,	0x1D,	0xA,	0xC,	0x1D,	0x9,	0xB,	0x1D,
	0x9,	0xB,	0x1F,	0xA,	0xC,	0x1E,	0x9,	0xA,
	0x18,	0x5,	0x2,	0x17,	0x4,	0x0,	0x1A,	0x6,
	0x3,	0x1D,	0x8,	0x8,	0x2F,	0x15,	0x20,	0x32,
	0x16,	0x23,	0x2F,	0x14,	0x1E,	0x27,	0x10,	0x14,
	0x32,	0x15,	0x21,	0x29,	0x10,	0x16,	0x26,	0xE,
	0x11,	0x32,	0x16,	0x1F,	0x2B,	0x11,	0x15,	0x29,
	0x10,	0x14,	0x2F,	0x14,	0x1A,	0x26,	0xE,	0xE,
	0x2D,	0x12,	0x16,	'B',	0x1E,	0x27,	0x33,	0x15,
	0x18,	0x28,	0xE,	0xF,	0x29,	0xF,	0xF,	0x29,
	0xE,	0xE,	0x29,	0xE,	0xE,	0x2E,	0x10,	0x11,
	0x29,	0xE,	0xF,	0x2F,	0x10,	0x12,	0x2E,	0x11,
	0x13,	0x36,	0x15,	0x19,	0x3A,	0x18,	0x1D,	'B',
	0x1B,	0x23,	'F',	0x1C,	0x27,	'K',	0x20,	0x2C,
	'E',	0x1B,	0x25,	0x3D,	0x17,	0x1D,	0x27,	0xC,
	0xB,	0x27,	0xC,	0xB,	0x27,	0xC,	0xC,	0x27,
	0xD,	0xC,	0x25,	0xA,	0x9,	0x26,	0xB,	0x9,
	0x28,	0xC,	0xD,	0x26,	0xB,	0xA,	0x27,	0xC,
	0xA,	0x2A,	0xE,	0xE,	0x31,	0x11,	0x15,	0x3F,
	0x18,	0x1F,	0x5C,	0x24,	'C',	'F',	0x1C,	0x2F,
	0x3A,	0x18,	0x25,	0x3C,	0x1A,	0x2B,	0x3F,	0x1D,
	0x2B,	'C',	0x20,	0x24,	'P',	0x28,	0x2C,	'b',
	0x32,	0x3F,	'a',	0x30,	0x3F,	'f',	0x2F,	'B',
	0x30,	0x19,	0x18,	0x26,	0x13,	0xF,	'F',	0x23,
	0x29,	0x2D,	0x17,	0x17,	0x22,	0xF,	0xC,	0x20,
	0xE,	0xA,	0x3E,	0x1D,	0x1E,	0x2F,	0x15,	0x14,
	0x2D,	0x14,	0x13,	0x2D,	0x13,	0x12,	0x34,	0x15,
	0x16,	0x39,	0x18,	0x1A,	0x33,	0x14,	0x14,	0x2D,
	0x13,	0x11,	0x31,	0x12,	0x14,	0x2B,	0x11,	0xE,
	0x33,	0x13,	0x14,	0x2C,	0xF,	0xE,	0x2B,	0xF,
	0xF,	0x2C,	0x10,	0xF,	0x2C,	0xF,	0xE,	0x2B,
	0xE,	0xC,	0x27,	0xB,	0xA,	0x29,	0xD,	0xC,
	0x2D,	0xF,	0xE,	0x2D,	0xF,	0xF,	0x30,	0x10,
	0x11,	0x3D,	0x15,	0x17,	0x3A,	0x15,	0x19,	0x3B,
	0x16,	0x1B,	'A',	0x17,	0x1F,	'T',	0x20,	0x39,
	'B',	0x19,	0x23,	0x3F,	0x17,	0x1F,	'E',	0x1A,
	0x25,	0x3C,	0x17,	0x1A,	0x3C,	0x17,	0x19,	0x38,
	0x12,	0x1B,	0x2B,	0xE,	0xF,	0x2B,	0xD,	0xD,
	0x2F,	0x10,	0x11,	0x2B,	0xE,	0xF,	0x2B,	0xE,
	0xE,	0x36,	0x15,	0x1B,	0x2C,	0xE,	0x10,	0x24,
	0xA,	0x8,	0x26,	0xB,	0xA,	0x26,	0xC,	0xC,
	0x1D,	0x7,	0x4,	0x27,	0xD,	0xE,	0x3E,	0x18,
	0x2A,	0x3A,	0x16,	0x26,	0x3C,	0x18,	0x22,	0x38,
	0x16,	0x21,	0x31,	0x12,	0x16,	0x2D,	0x11,	0x15,
	0x33,	0x13,	0x23,	0x2E,	0x11,	0x17,	0x31,	0x14,
	0x1C,	0x26,	0xD,	0xE,	0x27,	0xE,	0x12,	0x1B,
	0x5,	0x4,	0x18,	0x5,	0x3,	0x1D,	0x8,	0x8,
	0x18,	0x5,	0x2,	0x1B,	0x5,	0x3,	0x1D,	0xA,
	0xC,	0x1D,	0xA,	0xC,	0x1E,	0x9,	0xC,	0x1E,
	0x9,	0xB,	0x1D,	0x9,	0x9,	0x20,	0xA,	0xD,
	0x1A,	0x6,	0x3,	0x17,	0x4,	0x0,	0x1D,	0x8,
	0x8,	0x23,	0xB,	0x10,	0x2B,	0x12,	0x18,	0x3E,
	0x1F,	0x34,	0x36,	0x1A,	0x29,	0x29,	0xF,	0x13,
	'B',	0x21,	0x36,	0x2E,	0x13,	0x1B,	0x2F,	0x14,
	0x1A,	0x39,	0x1C,	0x27,	0x2D,	0x12,	0x18,	0x37,
	0x18,	0x24,	0x3A,	0x1A,	0x24,	0x2C,	0x11,	0x13,
	'E',	0x21,	0x2C,	0x3B,	0x19,	0x21,	'x',	0x38,
	'Q',	0x29,	0xF,	0xE,	0x2D,	0x10,	0x12,	0x29,
	0xE,	0xE,	0x2B,	0x10,	0xF,	0x2E,	0x10,	0x11,
	0x29,	0xE,	0xF,	0x2F,	0x11,	0x14,	0x30,	0x10,
	0x13,	0x34,	0x13,	0x17,	0x38,	0x17,	0x1B,	'D',
	0x1C,	0x23,	0x40,	0x1A,	0x22,	'G',	0x1C,	0x26,
	'I',	0x1E,	0x29,	'G',	0x1C,	0x25,	0x40,	0x18,
	0x21,	0x2B,	0xE,	0xD,	0x27,	0xC,	0xA,	0x26,
	0xC,	0xC,	0x26,	0xB,	0xB,	0x26,	0xB,	0xA,
	0x27,	0xC,	0xB,	0x27,	0xD,	0xC,	0x26,	0xB,
	0xC,	0x2D,	0xF,	0x11,	0x2F,	0xF,	0x15,	0x36,
	0x13,	0x1B,	'N',	0x1E,	0x34,	0x60,	0x29,	'L',
	0x3B,	0x18,	0x2F,	0x3B,	0x1C,	0x3A,	'G',	0x28,
	'Q',	'h',	0x3B,	0x8C,	'm',	0x3F,	0x8D,	'l',
	0x3A,	'P',	'y',	'C',	0x5F,	'j',	0x3D,	'X',
	'f',	0x3D,	'W',	0x2A,	0x1A,	0x19,	0x39,	0x22,
	0x25,	0x38,	0x20,	0x24,	0x27,	0x17,	0x14,	0x24,
	0x14,	0x11,	'C',	0x23,	0x28,	0x2E,	0x19,	0x19,
	'S',	0x29,	0x33,	'L',	0x26,	0x2E,	'D',	0x1F,
	0x25,	0x3D,	0x1D,	0x1F,	0x3D,	0x1A,	0x1D,	0x34,
	0x15,	0x17,	0x33,	0x15,	0x16,	0x32,	0x13,	0x14,
	0x36,	0x16,	0x18,	0x33,	0x14,	0x17,	0x2B,	0x10,
	0x10,	0x3A,	0x14,	0x19,	0x2D,	0x11,	0x11,	0x27,
	0xE,	0xD,	0x2A,	0xF,	0xD,	0x27,	0xC,	0xB,
	0x2A,	0xE,	0xC,	0x2F,	0x10,	0xF,	0x35,	0x12,
	0x12,	0x35,	0x12,	0x14,	'A',	0x18,	0x1C,	'J',
	0x1D,	0x26,	0x40,	0x18,	0x1F,	'M',	0x1F,	0x28,
	'O',	0x1D,	0x2D,	'D',	0x19,	0x26,	0x3D,	0x17,
	0x1C,	'L',	0x1E,	0x2A,	'A',	0x18,	0x23,	0x36,
	0x13,	0x24,	0x2E,	0x10,	0x13,	0x31,	0x11,	0x13,
	0x2C,	0xD,	0x10,	0x2B,	0xF,	0xF,	0x27,	0xC,
	0xB,	0x2B,	0xE,	0xE,	0x3B,	0x16,	0x1A,	0x26,
	0xB,	0xB,	0x21,	0x9,	0x7,	0x2B,	0xD,	0xE,
	0x22,	0xA,	0x9,	0x1A,	0x5,	0x1,	0x27,	0xB,
	0xD,	0x37,	0x15,	0x22,	0x34,	0x14,	0x1B,	0x37,
	0x16,	0x21,	0x33,	0x14,	0x1E,	0x35,	0x16,	0x23,
	0x36,	0x14,	0x23,	0x35,	0x16,	0x21,	0x2D,	0x10,
	0x15,	0x1D,	0x7,	0x6,	0x2A,	0xF,	0x16,	0x31,
	0x13,	0x26,	0x22,	0xA,	0xB,	0x22,	0xA,	0xD,
	0x17,	0x4,	0x0,	0x17,	0x4,	0x0,	0x1F,	0xA,
	0xF,	0x1F,	0xC,	0x10,	0x1E,	0x9,	0xC,	0x1D,
	0x8,	0x9,	0x1E,	0x9,	0xA,	0x1E,	0xA,	0xA,
	0x1B,	0x7,	0x6,	0x1A,	0x6,	0x3,	0x1F,	0x9,
	0x9,	0x27,	0xF,	0x13,	0x24,	0xD,	0xF,	0x40,
	0x1F,	0x34,	0x3D,	0x1C,	0x2A,	0x25,	0xD,	0xF,
	'A',	0x20,	0x34,	0x2F,	0x14,	0x1B,	0x2D,	0x12,
	0x17,	'F',	0x22,	0x35,	0x28,	0xF,	0x10,	'G',
	0x22,	0x30,	0x34,	0x16,	0x1B,	0x2E,	0x11,	0x14,
	0x3D,	0x1A,	0x22,	0x29,	0x10,	0xF,	'l',	0x36,
	'L',	0x29,	0xE,	0xD,	0x2E,	0x11,	0x12,	0x2E,
	0x10,	0x12,	0x2B,	0x10,	0xF,	0x29,	0xE,	0xD,
	0x2F,	0x10,	0x12,	0x31,	0x10,	0x12,	0x33,	0x13,
	0x15,	0x35,	0x14,	0x17,	0x39,	0x16,	0x1A,	'A',
	0x19,	0x1E,	'A',	0x1A,	0x1F,	'E',	0x1B,	0x23,
	'L',	0x1E,	0x29,	'G',	0x1C,	0x27,	'G',	0x1C,
	0x25,	'E',	0x1B,	0x23,	0x2D,	0xE,	0xE,	0x29,
	0xE,	0xC,	0x2B,	0xD,	0xE,	0x2B,	0xF,	0xE,
	0x29,	0xE,	0xD,	0x29,	0xE,	0x11,	0x2C,	0x10,
	0x13,	0x31,	0x12,	0x17,	0x33,	0x13,	0x18,	0x34,
	0x14,	0x1D,	0x3C,	0x18,	0x27,	's',	0x31,	0x5D,
	'f',	0x2F,	0x5D,	'C',	0x25,	'U',	'E',	0x29,
	'h',	'C',	0x26,	'e',	'X',	0x2F,	0x8C,	'n',
	0x3C,	0x9D,	0x7B,	'J',	0x9F,	0x9A,	'c',	0xA9,
	0xB1,	's',	0xCD,	0x88,	'V',	0x8A,	's',	'G',
	'i',	'j',	'B',	0x5B,	0x38,	0x24,	0x2B,	0x27,
	0x19,	0x19,	0x2E,	0x1A,	0x1B,	'U',	0x31,	'L',
	0xAA,	'S',	0x8A,	'x',	0x3B,	'Z',	's',	0x38,
	'R',	'a',	0x2F,	0x3D,	'S',	0x28,	0x2F,	'F',
	0x1F,	0x26,	'A',	0x1C,	0x21,	0x39,	0x19,	0x1B,
	0x35,	0x15,	0x18,	0x31,	0x14,	0x14,	0x2F,	0x12,
	0x15,	0x2F,	0x12,	0x13,	0x2E,	0x11,	0x11,	0x2D,
	0x11,	0x10,	0x2C,	0x10,	0xF,	0x2E,	0xF,	0xE,
	0x2D,	0xF,	0xE,	0x2F,	0x10,	0x10,	0x30,	0x11,
	0x11,	0x37,	0x13,	0x16,	0x35,	0x12,	0x14,	'E',
	0x1B,	0x21,	'R',	0x20,	0x2C,	0x3E,	0x16,	0x1A,
	'G',	0x19,	0x22,	'P',	0x1D,	0x2A,	'G',	0x19,
	0x25,	'A',	0x18,	0x22,	'M',	0x1D,	0x29,	0x37,
	0x13,	0x18,	0x31,	0x10,	0x13,	0x33,	0x12,	0x15,
	0x2E,	0x10,	0x11,	0x2B,	0xD,	0x10,	0x32,	0x10,
	0x16,	0x30,	0x10,	0x13,	0x2D,	0xF,	0x11,	0x2A,
	0xE,	0xD,	0x28,	0xC,	0xC,	0x24,	0xB,	0xA,
	0x26,	0xB,	0xB,	'L',	0x1F,	0x2D,	0xB6,	'T',
	0xAF,	0xB2,	'T',	0xAB,	'd',	0x30,	0x5F,	0x87,
	'C',	0x9E,	0x83,	0x3F,	0x7D,	0x37,	0x16,	0x20,
	'A',	0x1B,	0x31,	0x2F,	0x13,	0x1C,	0x2C,	0x10,
	0x17,	0x25,	0xC,	0xE,	0x1E,	0x8,	0xA,	0x29,
	0x10,	0x15,	0x17,	0x4,	0x0,	0x1B,	0x7,	0x6,
	0x17,	0x4,	0x0,	0x17,	0x4,	0x0,	0x1E,	0x9,
	0xC,	0x1E,	0x9,	0xC,	0x1E,	0x9,	0xE,	0x1E,
	0x9,	0xD,	0x22,	0xB,	0x12,	0x1E,	0xA,	0xA,
	0x1D,	0x8,	0x7,	0x1D,	0x8,	0x7,	0x1B,	0x7,
	0x5,	0x26,	0xE,	0x11,	0x1F,	0xA,	0xA,	'A',
	0x20,	0x30,	0x38,	0x1B,	0x25,	0x23,	0xB,	0xC,
	'K',	0x25,	0x39,	0x2D,	0x12,	0x16,	0x2F,	0x13,
	0x18,	'B',	0x1F,	0x2A,	0x26,	0xE,	0xD,	'H',
	0x20,	0x2A,	0x29,	0xE,	0xF,	0x36,	0x16,	0x1C,
	0x39,	0x16,	0x1A,	0x2C,	0x10,	0x11,	's',	0x35,
	'O',	0x1F,	0x8,	0x5,	0x27,	0xD,	0xB,	0x2D,
	0x10,	0xF,	0x2D,	0x10,	0xF,	0x29,	0xE,	0xD,
	0x31,	0x11,	0x13,	0x33,	0x13,	0x15,	0x30,	0x12,
	0x12,	0x30,	0x12,	0x13,	0x3B,	0x16,	0x19,	'D',
	0x1B,	0x21,	'E',	0x1B,	0x24,	'P',	0x21,	0x2C,
	'H',	0x1D,	0x27,	'P',	0x21,	0x2D,	'J',	0x1E,
	0x27,	'P',	0x1F,	0x2C,	0x2A,	0xE,	0xE,	0x2B,
	0x10,	0xF,	0x36,	0x15,	0x17,	0x2F,	0x13,	0x15,
	0x30,	0x12,	0x13,	0x2B,	0x11,	0x13,	0x30,	0x12,
	0x15,	0x34,	0x15,	0x18,	0x33,	0x15,	0x1B,	0x37,
	0x17,	0x22,	0x33,	0x15,	0x25,	0x5D,	0x29,	'U',
	0x96,	'L',	0xA4,	'T',	0x2E,	'w',	'H',	0x2F,
	'y',	'G',	0x2B,	'n',	'L',	0x2C,	't',	'f',
	0x3E,	0xB4,	'e',	0x3E,	0xBB,	0x82,	'R',	0xD1,
	0x7D,	'S',	0x8E,	0x8E,	0x60,	0xAC,	0x3D,	0x31,
	'I',	0x9B,	'h',	0xB7,	'J',	0x36,	'N',	0x2D,
	0x20,	0x27,	0x2B,	0x1E,	0x24,	0x7C,	'J',	0x86,
	0xD3,	0x94,	0xD1,	0xC1,	'w',	0xC7,	0xB1,	0x5B,
	0xAB,	'w',	0x3C,	'Z',	0x5F,	0x2E,	0x3C,	'd',
	0x2F,	0x3E,	'a',	0x2C,	0x3E,	'F',	0x1E,	0x27,
	'F',	0x1E,	0x27,	0x3D,	0x1A,	0x20,	0x3D,	0x18,
	0x1D,	0x2E,	0x12,	0x12,	0x2D,	0x11,	0x11,	0x2C,
	0x11,	0x10,	0x28,	0xE,	0xD,	0x29,	0xF,	0xC,
	0x2E,	0x11,	0xF,	0x2A,	0xE,	0xC,	0x32,	0x10,
	0x11,	0x2F,	0x11,	0x11,	0x36,	0x14,	0x17,	'B',
	0x19,	0x1C,	'X',	0x20,	0x2F,	0x5F,	0x25,	0x33,
	'A',	0x17,	0x1D,	'D',	0x18,	0x20,	'E',	0x19,
	0x22,	'J',	0x1B,	0x27,	0x40,	0x17,	0x1C,	'F',
	0x1A,	0x28,	0x39,	0x13,	0x18,	0x36,	0x13,	0x17,
	0x38,	0x13,	0x1B,	0x2B,	0xF,	0xF,	0x2F,	0x11,
	0x13,	0x37,	0x13,	0x18,	0x26,	0xC,	0xA,	0x2A,
	0xD,	0xF,	'O',	0x1E,	0x35,	0x5B,	0x26,	0x39,
	'e',	0x2A,	'L',	0xE1,	0xAC,	0xD9,	0xE2,	0x98,
	0xDC,	'Y',	0x24,	'A',	0x3A,	0x18,	0x21,	'd',
	0x2E,	'Q',	0xC5,	0x87,	0xC4,	'M',	0x22,	0x35,
	0x38,	0x19,	0x24,	0x3A,	0x18,	0x25,	0x2C,	0x10,
	0x16,	0x2D,	0x11,	0x1A,	0x22,	0x9,	0xB,	0x22,
	0xA,	0xE,	0x2C,	0x13,	'n',	0x1D,	0x8,	0x5,
	0x27,	0xD,	0x13,	0x18,	0x5,	0x3,	0x1E,	0x9,
	0xC,	0x1F,	0x9,	0xC,	0x1F,	0x9,	0xD,	0x1E,
	0x8,	0xA,	0x21,	0xB,	0x10,	0x1F,	0xA,	0xB,
	0x1F,	0x9,	0x9,	0x22,	0xB,	0xE,	0x1D,	0x8,
	0x7,	0x2F,	0x13,	0x1C,	0x22,	0xB,	0xB,	'L',
	0x27,	0x3F,	'L',	0x26,	0x3A,	0x25,	0xD,	0xC,
	'O',	0x28,	0x3E,	0x2D,	0x11,	0x14,	0x37,	0x18,
	0x1D,	0x3B,	0x1B,	0x22,	0x29,	0xE,	0xD,	'N',
	0x25,	0x31,	0x29,	0xE,	0xE,	'F',	0x1D,	0x25,
	0x38,	0x17,	0x1A,	'D',	0x1D,	0x23,	0x80,	0x38,
	'S',	0x1F,	0x8,	0x5,	0x1C,	0x7,	0x3,	0x26,
	0xC,	0xA,	0x2B,	0xF,	0xF,	0x32,	0x12,	0x13,
	0x32,	0x12,	0x13,	0x33,	0x13,	0x15,	0x32,	0x12,
	0x14,	0x32,	0x12,	0x14,	0x3A,	0x16,	0x1A,	'H',
	0x1D,	0x26,	'K',	0x20,	0x27,	'M',	0x20,	0x29,
	'J',	0x1E,	0x29,	'H',	0x1C,	0x29,	'P',	0x21,
	0x30,	0x38,	0x16,	0x1C,	0x29,	0xE,	0xF,	0x2A,
	0xF,	0x10,	0x32,	0x13,	0x16,	0x37,	0x18,	0x1B,
	0x31,	0x16,	0x1A,	0x31,	0x15,	0x1B,	0x31,	0x15,
	0x1C,	0x2F,	0x14,	0x19,	0x32,	0x17,	0x25,	0x36,
	0x18,	0x2B,	0x36,	0x19,	0x32,	'D',	0x21,	'E',
	0x85,	'G',	0xA1,	0x7B,	'F',	0xAE,	'K',	0x2F,
	'u',	0x3E,	0x27,	'g',	'H',	0x2E,	0x7E,	0x5F,
	'B',	0xAA,	0x5D,	0x3D,	0xA3,	'q',	'R',	0xD2,
	0x7D,	'V',	0xD2,	'R',	0x3A,	'g',	0x31,	0x27,
	0x3D,	0x5D,	'G',	0x83,	0x8F,	0x5D,	0xB7,	0x3B,
	0x2D,	0x40,	0x3C,	0x2D,	'A',	't',	'I',	0x7F,
	0xE9,	0xC8,	0xE8,	0xDF,	0xBF,	0xE0,	0xCB,	0x82,
	0xD5,	0xC3,	'v',	0xD4,	0xA2,	'O',	0x81,	0x8C,
	'E',	'n',	'p',	0x38,	'Q',	'a',	0x2E,	'B',
	'N',	0x23,	0x2E,	'C',	0x1D,	0x24,	0x35,	0x17,
	0x18,	0x2D,	0x12,	0x10,	0x2D,	0x10,	0xF,	0x31,
	0x12,	0x12,	0x31,	0x12,	0x12,	0x29,	0xF,	0xE,
	0x2A,	0xE,	0xD,	0x27,	0xE,	0xA,	0x26,	0xD,
	0xA,	0x28,	0xE,	0xD,	0x31,	0x11,	0x13,	0x37,
	0x14,	0x16,	'A',	0x17,	0x1A,	'a',	0x21,	0x2F,
	'F',	0x19,	0x1F,	0x3F,	0x16,	0x1D,	0x3F,	0x18,
	0x1E,	'I',	0x1C,	0x26,	'Q',	0x1E,	0x39,	'L',
	0x1C,	0x2A,	0x40,	0x18,	0x1C,	0x2C,	0xF,	0x10,
	0x35,	0x13,	0x1E,	0xD9,	0x84,	0xD3,	'u',	0x30,
	'Q',	's',	0x33,	0x5D,	0xB5,	'Y',	0xA0,	'D',
	0x1B,	0x2E,	0xBD,	0x5D,	0x97,	0xCD,	'h',	0xA4,
	0xC8,	'o',	0xAF,	0xE4,	0xAC,	0xDA,	0xE1,	0xAB,
	0xD9,	'Y',	0x25,	0x3E,	0x35,	0x13,	0x1A,	0x84,
	0x3D,	'k',	0x3E,	0x1A,	0x27,	0x35,	0x17,	0x1F,
	0x3F,	0x1B,	0x34,	0x33,	0x14,	0x1E,	0x32,	0x13,
	0x1B,	0x29,	0xF,	0x17,	0x29,	0xE,	0x17,	0x1B,
	0x5,	0x4,	0x26,	0xD,	0x21,	0x1D,	0x8,	0x7,
	0x1D,	0x8,	0x6,	0x1B,	0x5,	0x4,	0x1E,	0x9,
	0xC,	0x1F,	0x9,	0xB,	0x1F,	0x9,	0xB,	0x21,
	0xB,	0xE,	0x21,	0xA,	0xE,	0x22,	0xB,	0x10,
	0x20,	0xA,	0xC,	0x26,	0xD,	0x11,	0x1F,	0x8,
	0x7,	0x30,	0x14,	0x1C,	0x23,	0xB,	0xC,	'L',
	0x26,	'A',	'J',	0x26,	0x38,	0x27,	0xE,	0xF,
	'Q',	0x28,	0x37,	0x2B,	0x10,	0x11,	0x3B,	0x1B,
	0x20,	0x37,	0x18,	0x1A,	0x2B,	0x10,	0x11,	'J',
	0x20,	0x26,	0x2E,	0x10,	0x11,	'd',	0x2E,	0x3E,
	'E',	0x1C,	0x21,	'U',	0x27,	0x32,	'o',	0x33,
	'B',	0x2A,	0xF,	0xF,	0x1A,	0x5,	0x1,	0x1C,
	0x7,	0x3,	0x2B,	0xF,	0xE,	0x31,	0x12,	0x14,
	0x33,	0x12,	0x13,	0x33,	0x12,	0x13,	0x33,	0x12,
	0x14,	0x31,	0x12,	0x14,	0x3B,	0x18,	0x1B,	'D',
	0x1B,	0x23,	'M',	0x21,	0x2B,	'N',	0x21,	0x2C,
	'I',	0x1F,	0x29,	'K',	0x1E,	0x27,	'R',	0x21,
	0x31,	0x32,	0x13,	0x16,	0x2F,	0x13,	0x12,	0x2C,
	0x11,	0x11,	0x30,	0x14,	0x16,	0x2F,	0x15,	0x13,
	0x31,	0x16,	0x1A,	0x31,	0x16,	0x20,	0x30,	0x14,
	0x20,	0x2F,	0x15,	0x22,	0x30,	0x16,	0x2B,	0x31,
	0x16,	0x29,	0x39,	0x1D,	0x39,	0x3E,	0x20,	'D',
	'Q',	0x2D,	'f',	0x87,	'O',	0xBB,	'R',	0x36,
	0x87,	0x3C,	0x25,	'Z',	0x40,	0x29,	'l',	'R',
	0x39,	0x81,	0x5F,	0x3D,	0x8D,	'l',	'N',	0xB2,
	0x82,	'b',	0xD1,	'E',	0x33,	'h',	0x2E,	0x22,
	'D',	0x37,	0x2F,	'N',	'Z',	'A',	'm',	'j',
	'K',	0x87,	0x3C,	0x2D,	'F',	0x3D,	0x2B,	'C',
	'z',	'T',	0x9F,	0xBF,	0x94,	0xDB,	0xD3,	0x9F,
	0xE4,	0xCC,	0x82,	0xDC,	0xB0,	'd',	0xCE,	0xA4,
	'R',	0x92,	0xA9,	'S',	0x95,	0x86,	'A',	0x7D,
	'Z',	0x2B,	0x3D,	'Z',	0x2A,	0x3D,	'G',	0x20,
	0x2B,	0x39,	0x18,	0x19,	0x31,	0x14,	0x13,	0x2E,
	0x12,	0xF,	0x2F,	0x13,	0xF,	0x2E,	0x12,	0xF,
	0x29,	0xF,	0xE,	0x26,	0xE,	0xA,	0x23,	0xB,
	0x7,	0x1F,	0xB,	0x6,	0x26,	0xD,	0xB,	0x32,
	0x11,	0x11,	0x36,	0x14,	0x15,	'C',	0x18,	0x1D,
	'D',	0x1B,	0x1D,	'A',	0x18,	0x1B,	0x40,	0x18,
	0x1E,	'I',	0x1D,	0x2A,	'C',	0x18,	0x23,	0x35,
	0x13,	0x16,	'G',	0x1B,	0x22,	0x3A,	0x14,	0x1C,
	0x2C,	0xF,	0x10,	'B',	0x1A,	0x23,	0xC7,	'c',
	0xAC,	0xB3,	'K',	0x97,	0xD1,	'x',	0xB7,	0xD2,
	0x86,	0xB6,	0xD9,	0xC4,	0xD0,	0xD7,	0x90,	0xC8,
	0xEA,	0xB8,	0xDF,	0xF9,	0xD1,	0xEB,	0xED,	0xD1,
	0xE3,	0xDA,	0x87,	0xD5,	'K',	0x1D,	0x2A,	0xC6,
	0x7F,	0xC7,	0xB9,	'q',	0xA1,	0xB9,	's',	0xB7,
	0xCF,	0x8D,	0xD9,	0x3B,	0x19,	0x26,	0x37,	0x16,
	0x24,	0x29,	0xE,	0x16,	0x2A,	0xE,	0x16,	0x22,
	0xA,	0xD,	0x22,	0xA,	0xC,	0x22,	0x8,	0xC,
	0x1B,	0x5,	0x4,	0x24,	0xA,	0xF,	0x1E,	0x9,
	0xC,	0x1E,	0x9,	0xC,	0x1F,	0xA,	0xC,	0x21,
	0xA,	0xD,	0x1F,	0xA,	0xA,	0x1F,	0x9,	0x9,
	0x22,	0xA,	0xE,	0x26,	0xD,	0xF,	0x1E,	0x8,
	0x7,	0x31,	0x14,	0x1C,	0x22,	0xB,	0xB,	0x3C,
	0x1C,	0x27,	0x39,	0x1A,	0x24,	0x28,	0xE,	0xF,
	'N',	0x26,	0x34,	0x2B,	0x10,	0xF,	'C',	0x1F,
	0x25,	0x2E,	0x12,	0x12,	0x3A,	0x18,	0x1E,	'D',
	0x1B,	0x23,	'G',	0x1C,	0x24,	'h',	0x32,	'A',
	0x3D,	0x19,	0x1C,	0x60,	0x2A,	0x35,	'h',	0x2E,
	0x3B,	'Q',	0x21,	0x2A,	0x22,	0x9,	0x7,	0x1D,
	0x7,	0x3,	0x20,	0x9,	0x5,	0x2B,	0x10,	0xF,
	0x35,	0x14,	0x16,	0x32,	0x12,	0x13,	0x33,	0x12,
	0x12,	0x31,	0x12,	0x12,	0x3C,	0x18,	0x1B,	'F',
	0x1E,	0x25,	'P',	0x21,	0x2C,	'P',	0x23,	0x2D,
	'I',	0x1F,	0x27,	'I',	0x20,	0x2B,	0x3F,	0x1B,
	0x1F,	0x29,	0x10,	0xD,	0x2D,	0x12,	0x11,	0x2D,
	0x12,	0x11,	0x2D,	0x13,	0x13,	0x30,	0x15,	0x19,
	0x2D,	0x15,	0x19,	0x32,	0x16,	0x23,	0x30,	0x16,
	0x20,	0x2D,	0x14,	0x1B,	0x2D,	0x16,	0x25,	0x40,
	0x23,	0x40,	0x3F,	0x23,	'G',	0x38,	0x21,	'K',
	0x37,	0x20,	'P',	'i',	0x40,	0xAA,	'O',	0x32,
	'y',	0x35,	0x20,	'C',	0x3F,	0x27,	'K',	'T',
	0x39,	'p',	0x5D,	0x3E,	0x88,	'c',	'C',	0x9A,
	'k',	'S',	0xBC,	0x80,	'Z',	0xC9,	0x2C,	0x22,
	0x3F,	0x37,	0x29,	'I',	'H',	0x36,	'V',	'u',
	'S',	0x8C,	'O',	0x3D,	'b',	'J',	0x3C,	'a',
	0x40,	0x30,	'U',	'w',	'N',	0xA7,	0xE5,	0xB7,
	0xF1,	0xC3,	0x8D,	0xE5,	0xBA,	's',	0xDB,	0xAB,
	'c',	0xBF,	0xA7,	'T',	0xAF,	0x8E,	'L',	0x99,
	'r',	0x3D,	'd',	0x7F,	0x3F,	'a',	'k',	0x34,
	'Q',	'T',	0x2A,	0x3A,	0x40,	0x1E,	0x25,	0x32,
	0x15,	0x16,	0x31,	0x14,	0x14,	0x31,	0x12,	0x12,
	0x2B,	0x12,	0xD,	0x2B,	0xF,	0xF,	0x27,	0xE,
	0x9,	0x1E,	0x9,	0x4,	0x1B,	0x7,	0x2,	0x9F,
	0x7C,	'k',	0x25,	0xC,	0x8,	0x2E,	0xF,	0xF,
	0x38,	0x15,	0x17,	'P',	0x1F,	0x25,	'D',	0x19,
	0x20,	0x3E,	0x17,	0x23,	'C',	0x1A,	0x20,	'B',
	0x1A,	0x20,	0xDC,	'x',	0xD4,	0xC8,	'g',	0xB6,
	0x2C,	0xF,	0x10,	0x33,	0x10,	0x15,	0xE0,	0x88,
	0xD3,	0xF1,	0xB7,	0xE1,	0xF2,	0xC6,	0xE1,	0xEA,
	0xCD,	0xDB,	0xE3,	0xCA,	0xD7,	0xEF,	0xCE,	0xE1,
	0xEA,	0xB1,	0xDD,	0xF0,	0xC1,	0xE3,	0xE0,	0xA3,
	0xD6,	0xCC,	'z',	0xC3,	'p',	0x31,	'M',	0xA1,
	'I',	'o',	0xB4,	0x5C,	0x8B,	0xB9,	'r',	0xB8,
	0xCB,	0x84,	0xDC,	0x2F,	0x12,	0x19,	0x2A,	0xF,
	0x15,	0x29,	0xE,	0x14,	0x2E,	0x10,	0x18,	0x2B,
	0x10,	0x1D,	0x1B,	0x5,	0x4,	0x22,	0xA,	0xC,
	0x1D,	0x8,	0x7,	0x26,	0xC,	0x13,	0x1F,	0xA,
	0xC,	0x1F,	0xA,	0xA,	0x1F,	0xA,	0x9,	0x1F,
	0xA,	0xA,	0x1F,	0xA,	0xA,	0x1F,	0x9,	0x9,
	0x1F,	0x9,	0x9,	0x27,	0xD,	0x13,	0x20,	0xA,
	0xA,	0x2E,	0x12,	0x18,	0x20,	0xA,	0x9,	0x38,
	0x19,	0x1F,	0x2F,	0x14,	0x17,	0x33,	0x15,	0x19,
	'M',	0x25,	0x33,	0x36,	0x16,	0x1A,	0x3D,	0x1B,
	0x1F,	0x29,	0xE,	0xD,	'L',	0x21,	0x28,	0x3D,
	0x19,	0x1C,	'Y',	0x26,	0x31,	'g',	0x2C,	0x38,
	'L',	0x20,	0x26,	'r',	0x32,	0x3F,	0x60,	0x29,
	0x37,	'u',	0x35,	'I',	0x2A,	0xF,	0xF,	0x22,
	0x9,	0x7,	0x1E,	0x8,	0x4,	0x24,	0xB,	0x9,
	0x2B,	0xF,	0xF,	0x32,	0x12,	0x12,	0x2A,	0xF,
	0xF,	0x33,	0x14,	0x16,	0x3B,	0x18,	0x1B,	'E',
	0x1D,	0x23,	'G',	0x1E,	0x25,	'H',	0x1F,	0x26,
	'C',	0x1E,	0x23,	'C',	0x1C,	0x21,	0x35,	0x15,
	0x16,	0x28,	0xF,	0xD,	0x29,	0xF,	0xF,	0x2E,
	0x13,	0x14,	0x2B,	0x11,	0x12,	0x2C,	0x13,	0x14,
	0x2E,	0x15,	0x15,	0x2C,	0x15,	0x18,	0x2D,	0x16,
	0x1F,	0x2D,	0x16,	0x21,	0x34,	0x19,	0x2E,	'L',
	0x29,	'T',	'J',	0x26,	'O',	0x40,	0x26,	'N',
	0x3E,	0x26,	'K',	'I',	0x2C,	0x5E,	'e',	0x3E,
	0x8A,	0x37,	0x23,	'D',	'A',	0x2A,	'F',	'V',
	0x38,	0x5F,	0x5D,	0x40,	'v',	't',	'L',	0xA5,
	0x97,	'f',	0xDC,	0xA3,	'n',	0xDE,	'B',	0x30,
	'T',	0x3A,	0x2B,	'F',	'C',	0x2E,	'B',	's',
	'J',	0x7C,	'Q',	0x38,	'X',	0x3F,	0x31,	'H',
	0x35,	0x2A,	'I',	'P',	0x3A,	'r',	0xF1,	0xC2,
	0xF8,	0xEE,	0xC5,	0xFA,	0xC5,	0x8E,	0xE7,	0xA9,
	'f',	0xD1,	0x9E,	0x5B,	0xC5,	0x96,	'Z',	0xB7,
	0x9B,	'Y',	0xAF,	0x8C,	'O',	0x7F,	0x98,	'P',
	0x8E,	0x84,	'C',	'e',	0x8D,	'E',	'p',	'e',
	0x31,	'D',	'A',	0x20,	0x25,	0x34,	0x18,	0x1A,
	0x35,	0x17,	0x1A,	0x33,	0x15,	0x16,	0x2E,	0x11,
	0x13,	0x2A,	0xF,	0xD,	0x1F,	0xC,	0x7,	0x1A,
	0x7,	0x2,	0x1B,	0x7,	0x2,	0x20,	0x9,	0x5,
	0x2D,	0xE,	0xE,	0x31,	0x11,	0x13,	'P',	0x1E,
	0x2A,	'L',	0x1B,	0x29,	0x37,	0x15,	0x17,	'Z',
	0x24,	0x32,	0xD1,	'j',	0xCF,	0xD5,	0x7B,	0xD3,
	0xFF,	0xD7,	0xE9,	0xE1,	0xA2,	0xD3,	0xE1,	0x85,
	0xD3,	'o',	0x33,	0x81,	'q',	0x31,	0x7E,	0xE1,
	0xAD,	0xD5,	0xC9,	0x5B,	0x97,	0xFF,	0xD4,	0xEC,
	0xFF,	0xD9,	0xEF,	0xFD,	0xD3,	0xEC,	0xED,	0xB1,
	0xDF,	0xBD,	0x60,	0x93,	0x2F,	0xF,	0x11,	0xB7,
	'V',	0x80,	0xA9,	'M',	0x7D,	0x87,	0x34,	'h',
	'r',	0x34,	0x5E,	0x29,	0xF,	0x11,	0x2B,	0xF,
	0x18,	0x33,	0x14,	0x23,	0x31,	0x12,	0x1E,	0x31,
	0x12,	0x1F,	0x22,	0xA,	0xC,	0x24,	0xC,	0x12,
	0x27,	0xC,	0x11,	0x1D,	0x7,	0x5,	0x1F,	0xA,
	0xB,	0x1F,	0xA,	0xB,	0x1F,	0xA,	0x9,	0x1F,
	0x9,	0x9,	0x1F,	0x9,	0x9,	0x1E,	0x8,	0x7,
	0x20,	0x9,	0x9,	0x20,	0xA,	0x9,	0x20,	0xA,
	0xA,	0x26,	0xE,	0xE,	0x20,	0x9,	0x7,	0x33,
	0x15,	0x1B,	0x29,	0xF,	0x10,	'G',	0x20,	0x2A,
	0x40,	0x1C,	0x24,	0x60,	0x2E,	0x40,	0x38,	0x16,
	0x19,	0x2D,	0xF,	0xF,	'P',	0x24,	0x2C,	'A',
	0x1C,	0x1E,	0x89,	0x3D,	'V',	0x5D,	0x29,	0x33,
	'i',	0x2E,	0x3B,	'n',	0x30,	'A',	0x5C,	0x29,
	0x32,	0xA3,	'H',	'i',	0x3C,	0x18,	0x1B,	0x26,
	0xC,	0xA,	0x1D,	0x8,	0x4,	0x20,	0x9,	0x5,
	0x22,	0x9,	0x7,	0x2C,	0xF,	0xF,	0x33,	0x13,
	0x14,	0x36,	0x15,	0x17,	'A',	0x1B,	0x22,	'H',
	0x21,	0x29,	'L',	0x22,	0x2C,	0x3F,	0x1B,	0x22,
	0x2D,	0x14,	0x14,	0x32,	0x14,	0x15,	'G',	0x21,
	0x2A,	'G',	0x22,	0x2A,	0x34,	0x19,	0x18,	0x2E,
	0x14,	0x14,	0x2C,	0x13,	0x12,	0x2F,	0x18,	0x1A,
	0x30,	0x18,	0x1B,	0x30,	0x17,	0x20,	0x2D,	0x13,
	0x1B,	0x2B,	0x15,	0x23,	0x2F,	0x16,	0x2B,	'F',
	0x21,	'F',	'F',	0x23,	'C',	'D',	0x25,	'G',
	'K',	0x2C,	'T',	'F',	0x2B,	'J',	0x7C,	'N',
	0x99,	'H',	0x2D,	'M',	'j',	'E',	'q',	'b',
	0x40,	'b',	'n',	'L',	't',	'p',	'G',	'u',
	0x85,	'W',	0xA5,	0xB1,	'y',	0xDF,	's',	'L',
	0x8A,	0x3B,	0x2C,	0x3A,	0x3E,	0x2D,	0x3F,	0x82,
	'W',	0x94,	'S',	0x39,	'R',	0x40,	0x2B,	0x37,
	0x37,	0x28,	0x35,	'A',	0x2F,	'O',	0x9C,	'k',
	0xD8,	0xF2,	0xD4,	0xFB,	0xEC,	0xC5,	0xF8,	0xEC,
	0xC6,	0xEB,	0xCC,	0xAD,	0xE5,	0xC2,	0x99,	0xDC,
	0xC1,	0x8F,	0xD5,	0xA7,	'k',	0xBD,	0xA7,	'a',
	0xB1,	0xAF,	'd',	0xB8,	0x88,	'I',	'p',	0x97,
	'O',	0x81,	'm',	0x39,	'X',	0x5B,	0x2D,	0x3D,
	'D',	0x24,	0x2D,	0x3D,	0x1B,	0x25,	0x34,	0x18,
	0x1A,	0x31,	0x14,	0x17,	0x2D,	0x13,	0x12,	0x1F,
	0xC,	0x8,	0x1B,	0x9,	0x3,	0x1C,	0x7,	0x3,
	0x1E,	0x8,	0x4,	0x23,	0xA,	0x7,	0x32,	0x11,
	0x14,	0x5C,	0x23,	0x34,	0x3F,	0x18,	0x1A,	0x34,
	0x13,	0x14,	0x33,	0x12,	0x14,	0x60,	0x27,	0x39,
	0xCA,	'o',	0xBC,	0xED,	0xB4,	0xDD,	0xF3,	0xC5,
	0xE2,	0xB0,	'I',	0x97,	0xE0,	0x8F,	0xD3,	0xFF,
	0xEB,	0xFF,	0xA5,	0x3F,	'l',	0xD3,	'l',	0xD0,
	0xFF,	0xE3,	0xFF,	0xFF,	0xCA,	0xEF,	0xB9,	'H',
	0x7D,	'J',	0x1C,	0x25,	0x3C,	0x17,	0x1E,	0x94,
	0x38,	'e',	0x8F,	0x3A,	'g',	0x29,	0xD,	0xD,
	0x27,	0xC,	0xC,	0x29,	0xD,	0x10,	0x26,	0xD,
	0xF,	0x36,	0x15,	0x27,	0x30,	0x10,	0x1B,	0x31,
	0x12,	0x1E,	0x2F,	0x11,	0x1B,	0x31,	0x12,	0x1B,
	0x26,	0xC,	0xE,	0x1D,	0x7,	0x6,	0x1F,	0x9,
	0xB,	0x1F,	0x9,	0xA,	0x1F,	0x9,	0x9,	0x1F,
	0x9,	0x9,	0x20,	0x9,	0x9,	0x1E,	0x8,	0x7,
	0x20,	0x9,	0x9,	0x1F,	0x8,	0x7,	0x27,	0xE,
	0xF,	0x20,	0xA,	0x9,	0x26,	0xE,	0xF,	0x30,
	0x14,	0x16,	0x28,	0xE,	0xE,	'Y',	0x2B,	0x3C,
	0x37,	0x15,	0x18,	0x98,	'I',	'h',	'B',	0x1B,
	0x21,	0x3B,	0x17,	0x1A,	'E',	0x1E,	0x22,	'K',
	0x1F,	0x27,	0x85,	0x3C,	'Q',	0x5D,	0x28,	0x32,
	0x8D,	0x3F,	'X',	'w',	0x36,	'G',	'u',	0x33,
	'E',	0xB1,	'S',	't',	'X',	0x26,	0x2F,	0x30,
	0x11,	0x12,	0x24,	0xB,	0x9,	0x20,	0x9,	0x5,
	0x20,	0x9,	0x5,	0x20,	0x9,	0x6,	0x2E,	0x11,
	0x11,	0x38,	0x16,	0x18,	'G',	0x1F,	0x29,	'R',
	0x28,	0x37,	'M',	0x24,	0x34,	0x31,	0x14,	0x1C,
	0x2E,	0x17,	0x1D,	0x30,	0x15,	0x17,	'N',	0x26,
	0x2E,	'T',	0x2C,	0x36,	0x34,	0x1A,	0x18,	0x2F,
	0x18,	0x16,	0x31,	0x17,	0x17,	0x35,	0x1D,	0x22,
	0x34,	0x1F,	0x26,	0x36,	0x1F,	0x33,	0x2F,	0x1A,
	0x30,	0x29,	0x13,	0x2C,	0x2C,	0x17,	0x3A,	0x3E,
	0x23,	'W',	'G',	0x26,	'N',	'E',	0x24,	'G',
	'F',	0x26,	'B',	'F',	0x26,	'E',	'T',	0x30,
	'O',	'D',	0x28,	0x3E,	'q',	'D',	'p',	's',
	'H',	'r',	'o',	'G',	'j',	'f',	0x40,	'i',
	'l',	'D',	'r',	0xAB,	'q',	0xD8,	0x5C,	0x3A,
	'S',	0x32,	0x22,	0x25,	0x3A,	0x27,	0x2F,	'M',
	0x34,	'K',	'W',	0x3A,	'W',	0x3D,	0x29,	0x37,
	0x39,	0x29,	0x39,	0x3F,	0x2C,	'A',	'e',	'J',
	0x8B,	0xE9,	0xC1,	0xF5,	0xF1,	0xC9,	0xF8,	0xE9,
	0xCD,	0xF3,	0xD5,	0xB5,	0xE7,	0xDD,	0xC1,	0xE7,
	0xD9,	0xBD,	0xE6,	0xC5,	0xAF,	0xDC,	0xBE,	0x98,
	0xD3,	0xAD,	'w',	0xCB,	0xB4,	't',	0xCB,	0xBA,
	'p',	0xC6,	0xB9,	'o',	0xB8,	0xB3,	'f',	0xAD,
	'y',	0x40,	'c',	'j',	0x37,	0x5C,	0x3B,	0x1C,
	0x1A,	0x36,	0x1A,	0x1B,	0x35,	0x18,	0x1A,	0x2C,
	0x13,	0x10,	0x27,	0x10,	0xE,	0x20,	0xC,	0x7,
	0x1C,	0x8,	0x3,	0x1B,	0x7,	0x2,	0x1D,	0x8,
	0x3,	0x2A,	0xF,	0xD,	'B',	0x19,	0x1D,	0x36,
	0x14,	0x15,	0x2E,	0xF,	0xF,	0x35,	0x13,	0x17,
	0xB7,	'U',	0x9F,	0xF3,	0xBF,	0xE1,	0xF3,	0xC4,
	0xE2,	0xFF,	0xD7,	0xE9,	0xFF,	0xF7,	0xFF,	0xFF,
	0xF3,	0xFF,	0xEE,	0xAD,	0xDF,	0x3E,	0x18,	0x1E,
	'A',	0x18,	0x20,	0x3D,	0x16,	0x1C,	0x1E,	0x7,
	0x4,	0x20,	0x8,	0x5,	0x2D,	0xF,	0xF,	0x32,
	0x11,	0x14,	0x35,	0x13,	0x17,	0x22,	0xA,	0x8,
	0x1D,	0x7,	0x4,	0x37,	0x14,	0x24,	0x2B,	0xF,
	0x19,	0x33,	0x12,	0x1F,	0x32,	0x12,	0x1E,	0x2C,
	0xF,	0x15,	0x2F,	0x12,	0x17,	0x33,	0x14,	0x1D,
	0x28,	0xE,	0x10,	0x1D,	0x7,	0x4,	0x1F,	0x9,
	0x8,	0x1F,	0x9,	0x9,	0x1F,	0x9,	0x9,	0x1E,
	0x8,	0x7,	0x20,	0x9,	0x9,	0x20,	0x9,	0x9,
	0x1F,	0x8,	0x7,	0x1D,	0x8,	0x6,	0x2F,	0x13,
	0x19,	0x20,	0xA,	0xA,	0x30,	0x14,	0x18,	0x27,
	0xE,	0xC,	0x30,	0x13,	0x14,	'M',	0x24,	0x31,
	0x3F,	0x1C,	0x22,	0x9B,	'J',	'k',	'T',	0x23,
	0x2C,	'Y',	0x26,	0x2F,	0x38,	0x16,	0x18,	'o',
	0x30,	0x40,	0x81,	0x39,	'M',	'f',	0x2D,	0x39,
	0xA0,	'G',	'e',	'q',	0x32,	'B',	0x8B,	'A',
	'Z',	0xB7,	'Y',	0x7F,	't',	0x36,	'G',	0x32,
	0x12,	0x14,	0x2B,	0xF,	0xF,	0x29,	0xE,	0xD,
	0x22,	0xB,	0x8,	0x24,	0xD,	0xA,	0x2B,	0x10,
	0xF,	0x32,	0x14,	0x16,	'D',	0x20,	0x29,	'K',
	0x25,	0x32,	'N',	0x27,	0x38,	0x32,	0x16,	0x1D,
	0x2B,	0x12,	0x18,	0x29,	0x13,	0x17,	0x33,	0x18,
	0x1D,	'I',	0x26,	0x2D,	0x31,	0x1C,	0x1D,	0x38,
	0x1F,	0x25,	0x39,	0x23,	0x27,	0x38,	0x23,	0x27,
	0x39,	0x25,	0x27,	0x38,	0x23,	0x3D,	0x2F,	0x18,
	0x38,	0x34,	0x20,	'U',	0x34,	0x21,	'O',	0x38,
	0x26,	0x5F,	'C',	0x29,	'e',	'L',	0x31,	'a',
	'M',	0x2F,	'T',	'M',	0x2C,	'N',	'J',	0x29,
	'I',	'K',	0x29,	'E',	'S',	0x2F,	'G',	0x85,
	'N',	0x7F,	0x86,	'M',	0x80,	0x82,	'J',	'w',
	'v',	'G',	'k',	0x9C,	0x5F,	0xA3,	'k',	'D',
	'v',	0x2E,	0x1C,	0x1D,	0x35,	0x20,	0x21,	0x3C,
	0x24,	0x29,	'M',	0x31,	0x3B,	0x37,	0x20,	0x27,
	0x3C,	0x26,	0x32,	'E',	0x2F,	'F',	'c',	'A',
	'l',	'z',	'P',	0x86,	0xE5,	0xC0,	0xEE,	0xE2,
	0xCF,	0xEB,	0xE3,	0xC0,	0xEE,	0xE7,	0xD0,	0xF2,
	0xE3,	0xBF,	0xEC,	0xDD,	0xD3,	0xE7,	0xDB,	0xBF,
	0xE3,	0xDC,	0xBD,	0xE3,	0xDA,	0xBF,	0xDE,	0xD1,
	0xB4,	0xD6,	0xD3,	0xC1,	0xD5,	0xB3,	'y',	0xC7,
	0xAC,	'j',	0xB8,	0x9E,	0x5E,	0x9D,	'e',	0x38,
	'M',	'Z',	0x2E,	0x3B,	'J',	0x25,	0x2D,	0x36,
	0x19,	0x1C,	0x31,	0x17,	0x17,	0x2B,	0x13,	0xF,
	0x20,	0xC,	0x5,	0x1D,	0x9,	0x3,	0x1C,	0x7,
	0x2,	0x1B,	0x7,	0x2,	0x1D,	0x8,	0x3,	0x2B,
	0xE,	0xC,	0x26,	0xB,	0x7,	0x1D,	0x7,	0x3,
	0x2F,	0x10,	0x12,	0x38,	0x15,	0x16,	0x1E,	0x7,
	0x3,	0x29,	0xC,	0xC,	0xBB,	'U',	0x88,	'O',
	0x1D,	0x29,	0x40,	0x18,	0x1C,	0x30,	0x11,	0x11,
	0x1B,	0x6,	0x1,	0x24,	0xA,	0x8,	0x1B,	0x6,
	0x1,	0x1E,	0x7,	0x3,	0x1F,	0x8,	0x5,	0x24,
	0xA,	0x8,	0x1D,	0x7,	0x4,	0x1D,	0x7,	0x4,
	0x1A,	0x5,	0x2,	0x21,	0x8,	0xA,	0x34,	0x14,
	0x28,	0x1C,	0x7,	0x5,	0x23,	0xA,	0x9,	0x21,
	0xA,	0xA,	0x28,	0xC,	0xF,	0x1F,	0x8,	0x6,
	0x23,	0xA,	0xA,	0x28,	0xD,	0x10,	0x1E,	0x8,
	0x7,	0x20,	0x9,	0x8,	0x20,	0xA,	0xA,	0x20,
	0xA,	0xA,	0x20,	0x9,	0x9,	0x20,	0x9,	0x9,
	0x1F,	0x8,	0x7,	0x1E,	0x8,	0x6,	0x2F,	0x12,
	0x17,	0x22,	0xA,	0xA,	0x35,	0x17,	0x1D,	0x20,
	0x9,	0x8,	0x3A,	0x17,	0x1C,	0x39,	0x15,	0x19,
	'N',	0x22,	0x2C,	0x84,	0x3B,	'T',	'p',	0x2F,
	'A',	0x82,	0x39,	'O',	'K',	0x1D,	0x23,	0x80,
	0x36,	'J',	'w',	0x36,	'F',	0x8C,	0x40,	'Y',
	0xB0,	'M',	'q',	0x7D,	0x39,	'P',	0x9E,	'L',
	'g',	0xAD,	'R',	'u',	0x92,	'G',	'd',	0x3A,
	0x18,	0x1B,	0x2E,	0x13,	0x12,	0x2A,	0xF,	0xF,
	0x2D,	0x12,	0x10,	0x27,	0xE,	0xD,	0x26,	0xF,
	0xE,	0x28,	0xF,	0xE,	'C',	0x21,	0x26,	'F',
	0x24,	0x31,	'K',	0x27,	0x34,	0x35,	0x19,	0x1F,
	0x31,	0x16,	0x1D,	0x2F,	0x16,	0x1B,	0x2B,	0x14,
	0x1A,	'B',	0x22,	0x2D,	0x36,	0x1C,	0x23,	0x35,
	0x1B,	0x23,	0x34,	0x20,	0x24,	0x37,	0x21,	0x29,
	0x37,	0x22,	0x2C,	0x30,	0x1A,	0x3C,	0x2E,	0x19,
	'D',	0x33,	0x20,	'S',	0x32,	0x20,	'N',	0x34,
	0x21,	'X',	0x3C,	0x24,	0x5C,	'J',	0x31,	'b',
	'M',	0x2E,	0x5C,	'R',	0x32,	'W',	'K',	0x33,
	'T',	'P',	0x39,	'T',	'W',	'A',	0x5D,	'Y',
	0x3B,	'R',	'Y',	'K',	'X',	'Z',	'K',	'T',
	'Z',	0x3F,	'S',	0x60,	0x3F,	0x5B,	'o',	'B',
	'h',	0x3C,	0x25,	0x2B,	0x31,	0x1B,	0x1C,	0x37,
	0x20,	0x24,	0x33,	0x1C,	0x1C,	0x34,	0x1D,	0x1E,
	0x34,	0x1F,	0x24,	0x5C,	0x37,	'N',	'Y',	0x35,
	'H',	0x3F,	0x26,	0x2F,	0xA5,	'f',	0xBC,	0xD5,
	0xC8,	0xDD,	0xCA,	0xB7,	0xE3,	0xDB,	0xBA,	0xE5,
	0xE2,	0xC5,	0xED,	0xE6,	0xD3,	0xF0,	0xE8,	0xD0,
	0xEF,	0xE0,	0xC5,	0xE7,	0xD7,	0xC1,	0xDF,	0xDB,
	0xCB,	0xE2,	0xD9,	0xBD,	0xDD,	0xC7,	0xA2,	0xDA,
	0xB3,	'z',	0xD2,	0xB7,	0x82,	0xCD,	0xA0,	'Y',
	0x8F,	's',	'A',	0x5D,	'g',	0x3A,	'P',	'S',
	0x2D,	0x37,	0x3E,	0x1F,	0x23,	0x2E,	0x15,	0x13,
	0x2D,	0x15,	0x11,	0x21,	0xD,	0x8,	0x1D,	0xA,
	0x3,	0x1D,	0x8,	0x2,	0x1B,	0x7,	0x2,	0x1B,
	0x7,	0x2,	0x1D,	0x7,	0x3,	0x1C,	0x7,	0x3,
	0x18,	0x5,	0x0,	0x1B,	0x6,	0x2,	0x19,	0x4,
	0x0,	0x17,	0x4,	0x0,	0x18,	0x4,	0x0,	0x18,
	0x4,	0x0,	0x17,	0x4,	0x0,	0x18,	0x4,	0x0,
	0x18,	0x4,	0x0,	0x18,	0x4,	0x0,	0x18,	0x4,
	0x0,	0x1B,	0x6,	0x1,	0x18,	0x4,	0x0,	0x1B,
	0x6,	0x1,	0x1B,	0x5,	0x1,	0x18,	0x4,	0x0,
	0x18,	0x4,	0x0,	0x18,	0x4,	0x0,	0x1F,	0x8,
	0x9,	0x1D,	0x7,	0x4,	0x1A,	0x5,	0x2,	0x18,
	0x4,	0x0,	0x1A,	0x6,	0x2,	0x1D,	0x7,	0x4,
	0x1B,	0x5,	0x2,	0x1B,	0x5,	0x2,	0x20,	0x9,
	0x8,	0x20,	0x9,	0x8,	0x1F,	0x8,	0x7,	0x21,
	0xA,	0xA,	0x21,	0xA,	0xA,	0x20,	0x9,	0x9,
	0x20,	0xA,	0xA,	0x20,	0x9,	0x8,	0x26,	0xE,
	0xE,	0x28,	0xE,	0xF,	0x2D,	0x13,	0x13,	0x23,
	0xA,	0x9,	0x38,	0x17,	0x1C,	0x29,	0xF,	0xF,
	'n',	0x32,	'H',	'r',	0x31,	'F',	0x89,	0x3C,
	'V',	'v',	0x32,	'F',	'N',	0x1F,	0x27,	0xA0,
	'G',	'c',	'v',	0x36,	'F',	0x86,	0x3A,	'Q',
	0x87,	0x3E,	'V',	'r',	0x36,	'J',	0x9F,	'N',
	'q',	0x88,	'G',	'a',	0x83,	'D',	0x5E,	0x3A,
	0x19,	0x1C,	0x2D,	0x13,	0x12,	0x34,	0x16,	0x18,
	0x2F,	0x15,	0x15,	0x31,	0x16,	0x17,	0x27,	0x11,
	0x11,	0x26,	0xF,	0xD,	0x29,	0x12,	0x11,	0x33,
	0x19,	0x1B,	0x3B,	0x1D,	0x22,	0x2D,	0x14,	0x17,
	0x34,	0x19,	0x1F,	'D',	0x22,	0x33,	0x2D,	0x13,
	0x1D,	0x36,	0x1A,	0x26,	0x37,	0x1A,	0x32,	0x2D,
	0x17,	0x25,	0x32,	0x1C,	0x2C,	0x29,	0x18,	0x25,
	0x26,	0x10,	0x39,	0x26,	0xD,	0x39,	0x29,	0x10,
	0x40,	0x2A,	0xF,	'A',	0x27,	0x13,	'E',	0x2E,
	0x18,	'G',	0x31,	0x1A,	'M',	0x3A,	0x22,	'P',
	0x3F,	0x26,	'S',	0x40,	0x2C,	'N',	0x3F,	0x32,
	'M',	'C',	0x3D,	'T',	'D',	0x3E,	'K',	0x40,
	0x37,	0x3F,	'B',	0x37,	0x3F,	0x3F,	0x34,	0x3E,
	0x3F,	0x35,	0x3E,	0x40,	0x30,	0x35,	'J',	0x32,
	'H',	0x2F,	0x19,	0x1E,	0x34,	0x1C,	0x1C,	'B',
	0x23,	0x29,	0x2B,	0x17,	0x15,	0x2F,	0x1A,	0x1A,
	0x30,	0x1B,	0x1E,	0x37,	0x20,	0x25,	'N',	0x2F,
	'C',	'C',	0x27,	0x2F,	'U',	0x34,	'I',	0x93,
	's',	0x9E,	0x91,	'o',	0x97,	0xA6,	0xA2,	0xCD,
	0xAB,	0xA2,	0xD2,	0xBD,	0xC0,	0xD9,	0xC3,	0xAE,
	0xE0,	0xCD,	0xAF,	0xE1,	0xC6,	0xA9,	0xDD,	0xCC,
	0xAF,	0xDE,	0xC6,	0xAD,	0xDD,	0xBF,	0x9D,	0xDB,
	0xC1,	0x9A,	0xDA,	0xC3,	0x96,	0xD9,	0xBB,	0x86,
	0xD4,	0xA6,	0x5F,	0x9C,	0x84,	'L',	'j',	0x81,
	'J',	'e',	0xC0,	0xB8,	0xB5,	'V',	0x2C,	0x3A,
	0x2F,	0x17,	0x14,	0x2B,	0x12,	0xE,	0x22,	0xD,
	0x8,	0x1E,	0xB,	0x3,	0x1D,	0xA,	0x3,	0x1D,
	0x8,	0x2,	0x1B,	0x7,	0x3,	0x1D,	0x8,	0x3,
	0x1A,	0x5,	0x0,	0x18,	0x5,	0x0,	0x18,	0x4,
	0x0,	0x19,	0x4,	0x0,	0x18,	0x4,	0x0,	0x18,
	0x4,	0x0,	0x18,	0x4,	0x0,	0x18,	0x4,	0x0,
	0x1B,	0x6,	0x1,	0x1B,	0x6,	0x1,	0x1B,	0x6,
	0x1,	0x1B,	0x6,	0x1,	0x18,	0x4,	0x0,	0x1D,
	0x7,	0x3,	0x1D,	0x7,	0x3,	0x18,	0x4,	0x0,
	0x18,	0x4,	0x0,	0x1D,	0x7,	0x5,	0x1D,	0x7,
	0x4,	0x1A,	0x5,	0x3,	0x1A,	0x5,	0x2,	0x1A,
	0x5,	0x2,	0x1A,	0x5,	0x2,	0x1B,	0x6,	0x2,
	0x18,	0x4,	0x0,	0x18,	0x4,	0x0,	0x1F,	0x9,
	0x7,	0x1F,	0x9,	0x8,	0x1F,	0x9,	0x8,	0x1F,
	0x9,	0x7,	0x21,	0xA,	0xA,	0x21,	0xA,	0xA,
	0x20,	0x9,	0x9,	0x1F,	0x8,	0x7,	0x20,	0x9,
	0x8,	0x35,	0x16,	0x1C,	0x24,	0xD,	0xC,	0x29,
	0xF,	0xF,	0x37,	0x16,	0x19,	0x2C,	0x10,	0xF,
	'g',	0x2A,	0x3D,	0x5B,	0x26,	0x34,	0xB1,	'J',
	'p',	0x60,	0x29,	0x33,	'T',	0x23,	0x2C,	0xB4,
	'Q',	'y',	0x85,	0x39,	'P',	0x95,	'C',	'c',
	0x8F,	'E',	0x5F,	0x7E,	0x3D,	'P',	0xA2,	'S',
	'u',	0xAD,	0x5F,	0x86,	0xB1,	'c',	0x91,	0x31,
	0x16,	0x17,	0x2D,	0x13,	0x13,	0x31,	0x16,	0x16,
	0x2F,	0x15,	0x14,	0x2E,	0x15,	0x15,	0x34,	0x1A,
	0x1F,	0x26,	0x10,	0x13,	0x22,	0xE,	0xD,	0x21,
	0xE,	0xC,	0x24,	0x10,	0xF,	0x27,	0x12,	0x12,
	0x2D,	0x14,	0x1B,	0x36,	0x1B,	0x25,	0x29,	0x14,
	0x1E,	0x25,	0x11,	0x26,	0x22,	0xE,	0x1C,	0x23,
	0x10,	0x1F,	0x28,	0x19,	0x2F,	0x27,	0x18,	0x3A,
	0x2B,	0xF,	'D',	0x29,	0x11,	'a',	0x25,	0xD,
	'B',	0x24,	0xC,	0x39,	0x22,	0xC,	0x38,	0x23,
	0x13,	0x3A,	0x25,	0x13,	0x3E,	0x28,	0x17,	'E',
	0x2C,	0x18,	0x35,	0x2D,	0x1D,	0x39,	0x28,	0x1C,
	0x2E,	0x2D,	0x24,	0x34,	0x2C,	0x22,	0x30,	0x2E,
	0x23,	0x2F,	0x2D,	0x22,	0x2F,	0x2D,	0x22,	0x2F,
	0x32,	0x29,	0x3C,	0x2F,	0x22,	0x28,	0x34,	0x27,
	0x2B,	0x35,	0x27,	0x29,	0x35,	0x23,	0x21,	0x39,
	0x2A,	0x23,	0x2D,	0x16,	0x17,	0x3B,	0x21,	0x27,
	0x38,	0x1F,	0x25,	0x2A,	0x16,	0x17,	0x40,	0x23,
	0x2D,	'J',	0x2E,	0x39,	0x3F,	0x27,	0x2C,	'a',
	'D',	'g',	'd',	'X',	0x5E,	'n',	0x60,	'k',
	0x7F,	'n',	0x7C,	0x7D,	'k',	'n',	0x8F,	'x',
	0x85,	0x90,	0x7D,	0x8F,	0xA3,	0x7B,	0xBA,	0xB3,
	0x80,	0xD3,	0xC9,	0xA0,	0xD4,	0xCB,	0xA6,	0xD6,
	0xC7,	0xA7,	0xDC,	0xB7,	0x8D,	0xD6,	0xB5,	'z',
	0xD4,	0xB3,	'v',	0xD0,	0xAC,	'g',	0xA6,	0x8D,
	'Q',	's',	0x8D,	'N',	'k',	0x8B,	'G',	'Y',
	0x5D,	0x32,	0x39,	'R',	0x27,	0x2B,	0x27,	0x12,
	0x9,	0x22,	0xE,	0x7,	0x22,	0xE,	0x7,	0x21,
	0xC,	0x6,	0x1F,	0xB,	0x5,	0x1B,	0x7,	0x1,
	0x1D,	0x7,	0x3,	0x1B,	0x7,	0x2,	0x18,	0x4,
	0x0,	0x1B,	0x6,	0x2,	0x1B,	0x6,	0x2,	0x18,
	0x4,	0x0,	0x1B,	0x6,	0x3,	0x1B,	0x6,	0x3,
	0x1B,	0x6,	0x2,	0x1D,	0x7,	0x4,	0x1B,	0x6,
	0x1,	0x1E,	0x7,	0x5,	0x1B,	0x6,	0x1,	0x1B,
	0x6,	0x1,	0x1B,	0x6,	0x1,	0x18,	0x4,	0x0,
	0x1B,	0x5,	0x1,	0x1A,	0x5,	0x3,	0x1D,	0x7,
	0x5,	0x1A,	0x5,	0x3,	0x1A,	0x5,	0x2,	0x1A,
	0x5,	0x2,	0x1B,	0x6,	0x2,	0x22,	0xA,	0x8,
	0x1B,	0x6,	0x3,	0x1E,	0x7,	0x4,	0x20,	0x9,
	0x8,	0x20,	0x9,	0x8,	0x21,	0xA,	0xA,	0x21,
	0xA,	0xA,	0x22,	0xA,	0xA,	0x22,	0xA,	0xA,
	0x20,	0x9,	0x8,	0x1F,	0x8,	0x7,	0x1E,	0x8,
	0x6,	0x39,	0x19,	0x20,	0x24,	0xC,	0xB,	0x37,
	0x16,	0x19,	0x35,	0x15,	0x17,	0x38,	0x16,	0x18,
	0x5B,	0x27,	0x33,	'Y',	0x23,	0x2F,	0xBF,	'W',
	0x8A,	'O',	0x21,	0x29,	'U',	0x23,	0x2D,	0xAD,
	'N',	0x7C,	0x89,	0x3C,	'X',	0xB7,	'b',	0x94,
	0xAD,	'V',	0x7C,	0xAB,	'Y',	0x81,	0xC8,	0x89,
	0xD7,	0xC4,	0x83,	0xD3,	0xCA,	0x94,	0xDC,	0x30,
	0x15,	0x15,	0x2B,	0x12,	0xF,	0x33,	0x18,	0x1A,
	0x30,	0x16,	0x1C,	0x31,	0x19,	0x18,	0x32,	0x1A,
	0x1F,	0x3A,	0x1E,	0x26,	0x36,	0x1B,	0x22,	0x27,
	0x13,	0x16,	0x23,	0xF,	0x10,	0x25,	0x11,	0xF,
	0x2B,	0x14,	0x16,	0x2C,	0x16,	0x1C,	0x29,	0x13,
	0x1A,	0x2B,	0x17,	0x2B,	0x23,	0xF,	0x1F,	0x20,
	0xF,	0x21,	0x1E,	0xE,	0x1D,	0x1E,	0x9,	0x2F,
	0x22,	0xC,	'f',	0x22,	0xC,	'j',	0x20,	0xE,
	0x3D,	0x1F,	0x10,	0x35,	0x1C,	0xF,	0x2B,	0x1E,
	0x12,	0x2A,	0x20,	0x15,	0x2E,	0x21,	0x15,	0x33,
	0x21,	0x12,	0x30,	0x21,	0x14,	0x2A,	0x21,	0x15,
	0x25,	0x24,	0x1A,	0x26,	0x22,	0x18,	0x28,	0x21,
	0x17,	0x25,	0x21,	0x15,	0x27,	0x24,	0x16,	0x31,
	0x22,	0x15,	0x29,	0x22,	0x13,	0x16,	0x24,	0x15,
	0x17,	0x26,	0x17,	0x19,	0x28,	0x19,	0x1A,	0x2A,
	0x1B,	0x1A,	0x2D,	0x1A,	0x1E,	0x2F,	0x1A,	0x1F,
	0x2F,	0x20,	0x1C,	0x2F,	0x1A,	0x1A,	0x33,	0x24,
	0x20,	0x36,	0x27,	0x23,	0x3A,	0x27,	0x2A,	0x3D,
	0x28,	0x2F,	'L',	'A',	'H',	0x86,	0x9B,	0x93,
	'n',	0x5F,	'b',	'S',	'B',	0x3E,	'b',	'R',
	0x5C,	'c',	'S',	'P',	'g',	'S',	'Q',	'y',
	'i',	'l',	0x89,	'r',	0x82,	0x9F,	0x84,	0xB8,
	0xA5,	'x',	0xBE,	0xA6,	'z',	0xC7,	0xAB,	'k',
	0xAD,	0xAB,	'd',	0x9B,	0xAD,	'b',	0x92,	0xA7,
	'V',	'y',	0x81,	'C',	'T',	0x8E,	'J',	0x5B,
	0xC9,	0x9C,	0xAE,	'x',	'A',	'X',	'J',	0x26,
	0x2A,	0x2E,	0x16,	0xF,	0x24,	0x10,	0x7,	0x22,
	0xE,	0x6,	0x23,	0xD,	0x6,	0x1F,	0x9,	0x5,
	0x1C,	0x7,	0x3,	0x1D,	0x8,	0x3,	0x1B,	0x6,
	0x2,	0x1B,	0x6,	0x3,	0x1D,	0x7,	0x3,	0x1B,
	0x6,	0x3,	0x1B,	0x6,	0x3,	0x1E,	0x7,	0x4,
	0x1B,	0x6,	0x2,	0x1E,	0x7,	0x4,	0x21,	0x9,
	0x7,	0x1D,	0x7,	0x4,	0x1E,	0x7,	0x4,	0x1B,
	0x6,	0x1,	0x18,	0x4,	0x0,	0x18,	0x4,	0x0,
	0x1B,	0x5,	0x1,	0x1A,	0x5,	0x2,	0x1A,	0x5,
	0x2,	0x1A,	0x5,	0x3,	0x1A,	0x6,	0x2,	0x1A,
	0x5,	0x3,	0x1B,	0x6,	0x3,	0x18,	0x4,	0x0,
	0x1A,	0x6,	0x3,	0x18,	0x4,	0x0,	0x1E,	0x8,
	0x5,	0x20,	0x9,	0x8,	0x20,	0x9,	0x7,	0x22,
	0xA,	0xA,	0x22,	0xA,	0xA,	0x22,	0xA,	0xA,
	0x22,	0xA,	0xA,	0x20,	0x9,	0x8,	0x1F,	0x8,
	0x6,	0x3A,	0x18,	0x20,	0x2D,	0x12,	0x13,	0x3B,
	0x19,	0x1F,	0x2F,	0x10,	0x11,	0x3F,	0x1A,	0x1D,
	'I',	0x1D,	0x25,	'A',	0x1A,	0x20,	0xAD,	'M',
	'o',	'M',	0x20,	0x27,	'a',	0x2B,	0x3A,	0xBF,
	'i',	0xB6,	0xAA,	'S',	0x7E,	0xC9,	0x87,	0xD8,
	0x98,	'O',	'q',	0xB7,	'l',	0xA7,	0xC5,	0x91,
	0xD8,	0xC9,	0xAB,	0xDB,	0xBB,	0x8F,	0xD8,	0x3A,
	0x1D,	0x1F,	0x26,	0xF,	0xF,	0x2E,	0x17,	0x15,
	0x3C,	0x20,	0x2D,	'C',	0x24,	0x29,	'C',	0x23,
	0x26,	0x3D,	0x20,	0x27,	'F',	0x2A,	0x37,	0x26,
	0x12,	0x14,	0x21,	0xE,	0xC,	0x26,	0x12,	0x11,
	0x27,	0x13,	0x12,	0x27,	0x12,	0xF,	0x24,	0x11,
	0xF,	0x22,	0x11,	0x12,	0x1E,	0xE,	0x11,	0x1D,
	0xD,	0x19,	0x1F,	0xE,	'U',	0x23,	0x15,	0x88,
	0x1D,	0xB,	'R',	0x1E,	0xD,	'M',	0x1D,	0xF,
	0x39,	0x1E,	0x15,	0x34,	0x1E,	0x16,	0x35,	0x1D,
	0x15,	0x2F,	0x1D,	0x10,	0x26,	0x1D,	0xF,	0x2A,
	0x20,	0x16,	0x31,	0x1C,	0x11,	0x26,	0x1F,	0x18,
	0x25,	0x1E,	0x13,	0x1F,	0x1F,	0x14,	0x25,	0x1F,
	0x13,	0x24,	0x1E,	0x12,	0x1F,	0x1D,	0xD,	0x1B,
	0x1F,	0x11,	0x21,	0x1F,	0xE,	0x10,	0x1E,	0xF,
	0x12,	0x1D,	0xF,	0x1A,	0x20,	0x10,	0x18,	0x22,
	0x16,	0x1B,	0x20,	0x12,	0x11,	0x24,	0x15,	0x14,
	0x27,	0x19,	0x15,	0x2C,	0x1E,	0x17,	0x2B,	0x1C,
	0x14,	0x2B,	0x1B,	0x15,	0x30,	0x1D,	0x19,	0x36,
	0x24,	0x29,	0x3B,	0x2A,	0x31,	0xAA,	0x98,	0x86,
	0x3C,	0x29,	0x22,	0x37,	0x24,	0x1E,	0x3E,	0x2B,
	0x25,	'F',	0x34,	0x30,	'G',	0x36,	0x2E,	'R',
	0x3F,	0x39,	'U',	'C',	'A',	0x5E,	'L',	'K',
	'r',	'a',	'l',	0x80,	'q',	0x8A,	0x7D,	'j',
	'h',	0x7E,	0x5B,	'p',	0x83,	0x5B,	'v',	0x81,
	'T',	's',	0x87,	'Q',	'c',	0x9A,	'L',	0x5E,
	0xC0,	'p',	0x9C,	0xB4,	0x5C,	0x90,	0x89,	'F',
	0x7F,	'T',	0x2A,	0x3C,	0x37,	0x19,	0x16,	0x23,
	0xD,	0x7,	0x1F,	0x8,	0x4,	0x23,	0xA,	0x7,
	0x1F,	0x8,	0x5,	0x1D,	0x8,	0x4,	0x21,	0x8,
	0x5,	0x1D,	0x7,	0x3,	0x1B,	0x6,	0x3,	0x1D,
	0x8,	0x4,	0x1B,	0x6,	0x3,	0x1B,	0x6,	0x2,
	0x1E,	0x7,	0x4,	0x1B,	0x6,	0x2,	0x1E,	0x7,
	0x3,	0x1D,	0x7,	0x3,	0x21,	0x8,	0x5,	0x1D,
	0x7,	0x4,	0x1B,	0x6,	0x1,	0x1B,	0x6,	0x1,
	0x1B,	0x6,	0x1,	0x1D,	0x7,	0x4,	0x1B,	0x5,
	0x1,	0x1B,	0x6,	0x3,	0x18,	0x4,	0x0,	0x21,
	0x9,	0x9,	0x1A,	0x6,	0x3,	0x1A,	0x6,	0x3,
	0x18,	0x4,	0x0,	0x18,	0x4,	0x0,	0x20,	0x9,
	0x8,	0x20,	0x9,	0x8,	0x20,	0x9,	0x8,	0x20,
	0x9,	0x8,	0x20,	0x9,	0x8,	0x21,	0x9,	0x8,
	0x21,	0x9,	0x9,	0x20,	0x9,	0x9,	0x20,	0x9,
	0x8,	0x34,	0x16,	0x19,	0x33,	0x14,	0x17,	0x40,
	0x1B,	0x22,	0x2A,	0xF,	0xE,	0x3A,	0x16,	0x19,
	0x2C,	0xF,	0xF,	0x25,	0xB,	0xA,	0x88,	0x3D,
	'Y',	'M',	0x22,	0x29,	'f',	0x2E,	0x3E,	0xB1,
	'Z',	0x94,	0xAB,	0x5E,	0x9B,	0xC0,	0x7E,	0xD3,
	0xB2,	'm',	0xA9,	0xB9,	0x7F,	0xD5,	0xBE,	0x8D,
	0xDA,	0xBD,	0x8C,	0xD8,	0xBB,	0x86,	0xD6,	0x37,
	0x1C,	0x1D,	0x26,	0x10,	0x12,	0x29,	0x12,	0x17,
	0x2F,	0x17,	0x19,	'C',	0x24,	0x2F,	'C',	0x24,
	0x2A,	'A',	0x24,	0x29,	0x32,	0x18,	0x1F,	0x28,
	0x15,	0x15,	0x21,	0x11,	0xD,	0x22,	0x12,	0xE,
	0x23,	0x12,	0xE,	0x27,	0x14,	0xF,	0x25,	0x16,
	0x10,	0x24,	0x15,	0x12,	0x1F,	0x13,	0x15,	0x1D,
	0x10,	0x2F,	0x22,	0x15,	0x8F,	0x20,	0x12,	'p',
	0x1E,	0x11,	'K',	0x22,	0x1E,	'E',	0x25,	0x22,
	0x3D,	0x23,	0x1F,	0x39,	0x20,	0x19,	0x3C,	0x1E,
	0x14,	0x39,	0x1C,	0x10,	0x33,	0x1D,	0x15,	0x3B,
	0x1C,	0x11,	0x32,	0x1E,	0x18,	0x36,	0x1C,	0x14,
	0x21,	0x1D,	0x12,	0x1B,	0x1E,	0x16,	0x25,	0x1D,
	0x12,	0x1C,	0x1D,	0x10,	0x1B,	0x1B,	0xD,	0x17,
	0x1C,	0xD,	0x18,	0x1A,	0xA,	0x16,	0x1A,	0xB,
	0x14,	0x1B,	0xD,	0x10,	0x1D,	0xE,	0x16,	0x1C,
	0xC,	0x16,	0x1D,	0xE,	0x12,	0x1D,	0xE,	0xF,
	0x22,	0x12,	0xF,	0x25,	0x17,	0x11,	0x27,	0x18,
	0x11,	0x28,	0x19,	0x12,	0x28,	0x16,	0xF,	0x29,
	0x18,	0x10,	0x2B,	0x1A,	0x13,	0x2A,	0x18,	0x13,
	0x29,	0x17,	0x10,	0x2B,	0x18,	0x11,	0x2C,	0x19,
	0x11,	0x2F,	0x1C,	0x15,	0x32,	0x20,	0x17,	0x38,
	0x27,	0x1E,	0x3C,	0x29,	0x24,	0x3F,	0x2D,	0x28,
	'A',	0x2E,	0x26,	'J',	0x35,	0x31,	'N',	0x3A,
	0x34,	'N',	0x3A,	0x32,	'O',	0x3B,	0x32,	'R',
	0x3F,	0x34,	'X',	'B',	0x3A,	0xBB,	0xBD,	0xAC,
	'w',	'S',	0x84,	's',	'B',	'm',	0x8B,	'L',
	0x84,	0x84,	0x39,	'x',	0x5D,	0x25,	0x33,	'F',
	0x19,	0x20,	0x27,	0xB,	0xA,	0x1E,	0x8,	0x6,
	0x20,	0xA,	0x7,	0x21,	0xB,	0x9,	0x1F,	0x8,
	0x5,	0x20,	0x9,	0x7,	0x1D,	0x7,	0x5,	0x1F,
	0x8,	0x6,	0x21,	0x8,	0x7,	0x1B,	0x6,	0x3,
	0x1E,	0x7,	0x5,	0x1B,	0x6,	0x3,	0x1F,	0x7,
	0x5,	0x21,	0x8,	0x5,	0x1B,	0x6,	0x3,	0x23,
	0x9,	0x9,	0x1E,	0x7,	0x5,	0x1E,	0x7,	0x5,
	0x1E,	0x7,	0x4,	0x1B,	0x6,	0x3,	0x1B,	0x6,
	0x3,	0x18,	0x4,	0x0,	0x1B,	0x6,	0x3,	0x1B,
	0x6,	0x3,	0x22,	0x9,	0x9,	0x1E,	0x7,	0x3,
	0x1A,	0x6,	0x3,	0x1A,	0x6,	0x3,	0x20,	0x9,
	0x7,	0x1F,	0x8,	0x5,	0x22,	0xA,	0xB,	0x20,
	0x9,	0x8,	0x20,	0x9,	0x8,	0x22,	0xA,	0xA,
	0x22,	0xA,	0xA,	0x21,	0xA,	0x9,	0x1F,	0x8,
	0x7,	0x26,	0xC,	0xC,	0x2E,	0x11,	0x14,	0x29,
	0xF,	0xF,	0x1C,	0x7,	0x3,	0x24,	0xA,	0x9,
	0x20,	0x9,	0x6,	0x20,	0x9,	0x6,	'k',	0x30,
	0x40,	'd',	0x2B,	0x3B,	0x7C,	0x3C,	'V',	0xAD,
	'b',	0xA5,	0xBC,	'r',	0xC4,	0xAE,	'm',	0xC0,
	0xB3,	'u',	0xD2,	0xBE,	0x8E,	0xD7,	0xB3,	'z',
	0xBF,	0xB5,	0x7C,	0xCE,	0xBB,	0x8B,	0xD3,	0x36,
	0x1E,	0x20,	0x25,	0x10,	0xD,	0x2B,	0x13,	0x16,
	0x2E,	0x16,	0x17,	0x31,	0x18,	0x18,	0x3B,	0x21,
	0x21,	0x37,	0x1D,	0x1C,	0x31,	0x19,	0x16,	0x2D,
	0x19,	0x13,	0x28,	0x16,	0x16,	0x24,	0x17,	0x13,
	0x27,	0x1A,	0x16,	0x25,	0x1B,	0x15,	0x28,	0x1D,
	0x19,	0x26,	0x22,	0x18,	0x21,	0x1C,	'K',	0x21,
	0x16,	'z',	0x1F,	0x12,	0x33,	0x23,	0x18,	'o',
	0x2C,	0x2F,	0xB2,	0x2B,	0x2F,	0x86,	0x30,	0x3D,
	'x',	0x2E,	0x40,	'e',	0x2A,	0x38,	0x5D,	0x20,
	0x1C,	0x37,	0x1E,	0x1A,	0x2B,	0x21,	0x24,	'I',
	0x1E,	0x1E,	0x34,	0x1D,	0x1A,	0x31,	0x1D,	0x19,
	0x2C,	0x1E,	0x1D,	0x34,	0x1F,	0x18,	0x28,	0x1F,
	0x16,	0x20,	0x1F,	0x17,	0x1F,	0x1E,	0x16,	0x25,
	0x20,	0x1D,	0x24,	0x21,	0x22,	0x31,	0x22,	0x1F,
	0x2C,	0x1B,	0x10,	0x18,	0x1D,	0x13,	0x1A,	0x1D,
	0x11,	0x18,	0x1D,	0x12,	0x14,	0x1F,	0x12,	0x13,
	0x21,	0x12,	0x13,	0x24,	0x15,	0x17,	0x21,	0x12,
	0x11,	0x21,	0x11,	0xF,	0x22,	0x14,	0xE,	0x25,
	0x16,	0x10,	0x27,	0x19,	0x13,	0x28,	0x17,	0x11,
	0x26,	0x15,	0xD,	0x27,	0x15,	0xE,	0x26,	0x14,
	0xD,	0x27,	0x15,	0xE,	0x2A,	0x18,	0x10,	0x2A,
	0x19,	0x11,	0x2C,	0x1A,	0x13,	0x2D,	0x1A,	0x13,
	0x2F,	0x1B,	0x15,	0x32,	0x1D,	0x16,	0x32,	0x1E,
	0x17,	0x33,	0x20,	0x17,	0x36,	0x22,	0x1A,	0x39,
	0x23,	0x1B,	0x3F,	0x27,	0x22,	'd',	'F',	'F',
	'E',	0x2C,	0x2B,	'G',	0x31,	0x3D,	'Y',	'F',
	's',	'P',	0x32,	'D',	'U',	0x32,	'A',	0x5E,
	0x2E,	'I',	'P',	0x20,	0x28,	0x34,	0x14,	0x16,
	0x22,	0xD,	0xD,	0x1F,	0xA,	0x7,	0x1C,	0x7,
	0x3,	0x1C,	0x7,	0x3,	0x24,	0xC,	0xC,	0x1F,
	0x8,	0x5,	0x26,	0xB,	0xA,	0x22,	0x8,	0x7,
	0x26,	0xC,	0xD,	0x28,	0xC,	0xD,	0x26,	0xC,
	0x9,	0x28,	0xD,	0xD,	0x24,	0xA,	0x9,	0x1E,
	0x7,	0x5,	0x1B,	0x6,	0x2,	0x1B,	0x6,	0x3,
	0x1E,	0x7,	0x4,	0x1B,	0x6,	0x3,	0x22,	0x9,
	0x8,	0x18,	0x4,	0x0,	0x1B,	0x6,	0x3,	0x18,
	0x4,	0x0,	0x1B,	0x6,	0x3,	0x1A,	0x6,	0x3,
	0x1A,	0x6,	0x3,	0x1B,	0x6,	0x3,	0x24,	0xA,
	0x9,	0x21,	0x9,	0x8,	0x1F,	0x8,	0x5,	0x20,
	0x9,	0x9,	0x21,	0x9,	0x8,	0x20,	0x9,	0x7,
	0x20,	0x9,	0x7,	0x21,	0x9,	0x9,	0x1F,	0x8,
	0x6,	0x21,	0x9,	0x7,	0x23,	0xA,	0x9,	0x21,
	0x9,	0x7,	0x1A,	0x5,	0x1,	0x26,	0xC,	0xA,
	0x24,	0xB,	0x9,	0x2E,	0x10,	0x11,	0x3B,	0x19,
	0x1B,	0x81,	0x3E,	'Z',	0x7F,	'F',	'h',	0xB9,
	'p',	0xAD,	0xBF,	0x85,	0xD3,	0xBD,	0x86,	0xD6,
	0xBF,	0x8C,	0xD7,	0xB0,	'o',	0xBC,	0xAF,	0x7B,
	0xD3,	0xB1,	0x84,	0xD1,	0xC3,	0x9C,	0xD9,	0x3B,
	0x1E,	0x21,	0x29,	0x13,	0x10,	0x29,	0x13,	0x11,
	0x29,	0x14,	0x11,	0x29,	0x14,	0x11,	0x2F,	0x19,
	0x17,	0x37,	0x1E,	0x1C,	0x36,	0x1F,	0x19,	0x33,
	0x1E,	0x1C,	0x35,	0x27,	0x27,	0x2E,	0x24,	0x28,
	0x29,	0x24,	0x23,	0x2A,	0x27,	0x24,	0x28,	0x2A,
	0x1E,	0x2B,	0x2D,	'o',	0x24,	0x1A,	0xBA,	0x24,
	0x1F,	0x93,	0x29,	0x27,	0xAF,	0x2A,	0x2B,	0xB0,
	0x2E,	0x2D,	0xB1,	0x32,	0x37,	0xAD,	0x31,	0x3D,
	0x9E,	0x33,	'G',	0xAF,	0x2F,	'B',	0x92,	0x2C,
	0x3D,	0x7F,	0x2A,	0x33,	0x60,	0x27,	0x35,	'T',
	0x25,	0x34,	'O',	0x20,	0x27,	0x3D,	0x1E,	0x1E,
	0x3C,	0x22,	0x2F,	'U',	0x20,	0x23,	'A',	0x23,
	0x26,	'G',	0x1E,	0x1A,	0x33,	0x20,	0x1B,	0x31,
	0x21,	0x21,	0x32,	0x25,	0x21,	'O',	0x1F,	0x17,
	0x20,	0x1F,	0x15,	0x1B,	0x1E,	0x14,	0x1A,	0x1E,
	0x14,	0x1B,	0x20,	0x19,	0x1E,	0x27,	0x1F,	0x2B,
	0x2A,	0x22,	0x27,	0x26,	0x1B,	0x1B,	0x22,	0x13,
	0x11,	0x22,	0x13,	0x11,	0x20,	0x11,	0xD,	0x21,
	0x11,	0xF,	0x22,	0x14,	0x11,	0x22,	0x12,	0xF,
	0x22,	0x11,	0xB,	0x22,	0x12,	0xC,	0x25,	0x15,
	0xF,	0x26,	0x15,	0x10,	0x24,	0x14,	0xE,	0x26,
	0x16,	0x10,	0x27,	0x18,	0x10,	0x26,	0x17,	0x10,
	0x25,	0x15,	0xF,	0x26,	0x14,	0xE,	0x26,	0x13,
	0xC,	0x26,	0x13,	0xC,	0x28,	0x13,	0xC,	0x2B,
	0x17,	0x10,	0x2B,	0x16,	0xF,	0x2C,	0x16,	0x10,
	0x2C,	0x19,	0x13,	0x2C,	0x18,	0x14,	0x33,	0x1C,
	0x1C,	0x2F,	0x19,	0x16,	0x3B,	0x26,	0x2D,	0x3C,
	0x26,	0x27,	0x3E,	0x27,	0x2C,	'I',	0x26,	0x34,
	0x37,	0x15,	0x17,	0x1D,	0x8,	0x3,	0x21,	0xD,
	0xA,	0x37,	0x1D,	0x26,	0x2B,	0x13,	0x1E,	0x20,
	0xA,	0x9,	0x22,	0x9,	0x9,	0x2A,	0xD,	0x12,
	0x28,	0xC,	0xE,	0x2D,	0xF,	0x16,	0x3E,	0x14,
	0x2D,	0x30,	0x10,	0x15,	0x2B,	0xE,	0xE,	0x27,
	0xC,	0xC,	0x25,	0xA,	0x9,	0x1E,	0x7,	0x4,
	0x1B,	0x6,	0x3,	0x1B,	0x6,	0x3,	0x1E,	0x7,
	0x5,	0x1B,	0x6,	0x3,	0x1B,	0x6,	0x3,	0x18,
	0x4,	0x0,	0x18,	0x4,	0x0,	0x1A,	0x6,	0x3,
	0x1A,	0x6,	0x3,	0x1B,	0x6,	0x5,	0x26,	0xC,
	0xC,	0x21,	0x9,	0x7,	0x21,	0x9,	0x9,	0x20,
	0x9,	0x9,	0x20,	0x9,	0x9,	0x1F,	0x9,	0x5,
	0x20,	0x9,	0x7,	0x21,	0x9,	0x8,	0x21,	0x9,
	0x8,	0x1F,	0x8,	0x5,	0x27,	0xD,	0xD,	0x2B,
	0xF,	0xE,	0x26,	0xC,	0xA,	0x28,	0xD,	0xD,
	0x2C,	0xF,	0xF,	0x38,	0x17,	0x1A,	0x27,	0xD,
	0xC,	0x8B,	'H',	'f',	'e',	0x34,	'M',	0xAB,
	'd',	0xA3,	0xDC,	0xBC,	0xE0,	0xFE,	0xED,	0xFE,
	0xDD,	0xC5,	0xE5,	0xA3,	'f',	0xA1,	0x87,	'R',
	0x7B,	0xBB,	0x8F,	0xD6,	0xB3,	0x88,	0xD3,	'R',
	0x31,	0x3D,	0x30,	0x1A,	0x18,	0x2D,	0x14,	0x13,
	0x27,	0x12,	0xD,	0x2B,	0x16,	0x11,	0x2D,	0x19,
	0x14,	0x30,	0x1E,	0x19,	0x39,	0x22,	0x1E,	0x37,
	0x25,	0x22,	0x40,	0x33,	0x37,	0x3B,	0x34,	0x37,
	0x2F,	0x2F,	0x30,	0x2C,	0x2E,	0x31,	0x30,	0x3D,
	0x37,	0x35,	0x3C,	0xAB,	0x2E,	0x2C,	0xED,	0x27,
	0x27,	0xA4,	0x25,	0x1A,	0xEF,	0x2C,	0x34,	0xC9,
	0x34,	'D',	0xB6,	0x36,	'M',	0xB9,	0x3D,	'u',
	0xD9,	0x3B,	'b',	0xDD,	0x38,	0x60,	0xD3,	0x3B,
	'f',	0xCE,	0x3C,	0x5F,	0x93,	0x33,	'T',	'v',
	0x2E,	'F',	's',	0x25,	0x32,	'N',	0x23,	0x2E,
	'W',	0x24,	0x36,	0x5D,	0x21,	0x2A,	'U',	0x25,
	0x34,	0x85,	0x28,	'C',	0x95,	0x24,	0x30,	'l',
	0x1E,	0x1B,	0x36,	0x22,	0x22,	'h',	0x20,	0x1D,
	0x39,	0x1F,	0x13,	0x24,	0x20,	0x18,	0x1C,	0x21,
	0x1C,	0x24,	0x24,	0x24,	0x2E,	0x2E,	0x2C,	0x3F,
	0x2B,	0x25,	0x25,	0x29,	0x1E,	0x1A,	0x28,	0x1D,
	0x16,	0x24,	0x18,	0x11,	0x24,	0x15,	0x10,	0x24,
	0x15,	0x11,	0x23,	0x15,	0x14,	0x24,	0x15,	0x12,
	0x22,	0x13,	0xE,	0x21,	0x14,	0xD,	0x21,	0x13,
	0xE,	0x20,	0x13,	0xF,	0x22,	0x14,	0xF,	0x24,
	0x16,	0x13,	0x25,	0x19,	0x15,	0x25,	0x19,	0x14,
	0x24,	0x18,	0x11,	0x23,	0x14,	0xD,	0x23,	0x13,
	0xB,	0x24,	0x13,	0xA,	0x25,	0x12,	0x9,	0x23,
	0x10,	0x8,	0x21,	0xE,	0x8,	0x24,	0x10,	0x8,
	0x24,	0x10,	0xA,	0x26,	0x10,	0xA,	0x23,	0xE,
	0x9,	0x27,	0x12,	0xD,	0x2C,	0x17,	0x17,	0x2B,
	0x17,	0x12,	0x2E,	0x19,	0x12,	0x2F,	0x19,	0x14,
	0x3A,	0x25,	0x21,	'F',	0x21,	0x24,	0x2D,	0x15,
	0x1C,	0x30,	0x18,	0x24,	0x24,	0xA,	0xC,	0x2D,
	0x11,	0x21,	0x26,	0xB,	0x11,	0x26,	0xC,	0x9,
	0x26,	0xB,	0xC,	0x29,	0xD,	0xD,	0x2B,	0x10,
	0x13,	0x30,	0x10,	0x13,	0x2B,	0xD,	0xC,	0x2A,
	0xE,	0xC,	0x2B,	0xE,	0xD,	0x24,	0x9,	0x8,
	0x1D,	0x7,	0x4,	0x1E,	0x7,	0x4,	0x1F,	0x7,
	0x5,	0x20,	0x7,	0x5,	0x21,	0x8,	0x7,	0x1B,
	0x6,	0x3,	0x1B,	0x6,	0x4,	0x18,	0x4,	0x0,
	0x1B,	0x6,	0x3,	0x1B,	0x6,	0x4,	0x24,	0xB,
	0xB,	0x27,	0xE,	0xC,	0x23,	0x9,	0x9,	0x21,
	0x9,	0x9,	0x1F,	0x8,	0x6,	0x21,	0x9,	0x7,
	0x21,	0x9,	0x9,	0x21,	0x9,	0x7,	0x21,	0x9,
	0x8,	0x1F,	0x8,	0x5,	0x33,	0x13,	0x15,	0x33,
	0x13,	0x16,	0x3C,	0x18,	0x1E,	0x21,	0x9,	0x9,
	0x36,	0x15,	0x19,	0x2B,	0xF,	0x10,	0x1B,	0x7,
	0x3,	'Z',	0x2D,	0x3D,	'F',	0x22,	0x2C,	0xAE,
	'f',	0xAD,	0xD3,	0xB6,	0xDA,	0xFE,	0xEB,	0xFD,
	0xE7,	0xD8,	0xF1,	0x95,	0x5B,	0x89,	0x86,	'S',
	0x84,	0xA5,	'l',	0xB5,	0x90,	0x5B,	0x82,	0x7F,
	'O',	'c',	0x3F,	0x25,	0x26,	0x39,	0x21,	0x1F,
	0x2D,	0x17,	0x10,	0x2B,	0x17,	0x12,	0x2F,	0x20,
	0x1D,	0x2F,	0x1E,	0x18,	0x39,	0x27,	0x25,	0x3A,
	0x2A,	0x29,	'B',	0x3C,	0x3F,	0x3F,	0x39,	0x3D,
	0x39,	0x3C,	0x3F,	0x3A,	0x3C,	'F',	0x31,	0x34,
	0xA9,	'Q',	'h',	0xF2,	0x2E,	0x27,	0xEB,	0x23,
	0x12,	0xA6,	0x2A,	0x2F,	0xDB,	0x32,	0x3E,	0xDC,
	0x38,	'R',	0xD2,	0x3B,	0x5E,	0xD3,	0x3E,	'v',
	0xDC,	0x3E,	't',	0xDD,	0x3E,	'o',	0xDB,	0x40,
	'l',	0xCE,	0x40,	'f',	0xBA,	0x39,	0x5C,	0xA6,
	0x3B,	'X',	0xA6,	0x37,	'J',	0xB0,	0x2F,	'D',
	0x9F,	0x2A,	0x3B,	0x9B,	0x26,	0x30,	0x8B,	0x23,
	0x2A,	'r',	0x27,	0x3B,	0xA1,	0x24,	0x25,	0x85,
	0x22,	0x21,	's',	0x24,	0x27,	0x81,	0x20,	0x1C,
	'V',	0x21,	0x25,	0x37,	0x22,	0x20,	0x25,	0x24,
	0x1E,	0x20,	0x2C,	0x28,	0x31,	0x30,	0x31,	0x37,
	0x2C,	0x31,	0x2B,	0x31,	0x2F,	0x2B,	0x2F,	0x29,
	0x21,	0x28,	0x20,	0x15,	0x2A,	0x1F,	0x1A,	0x26,
	0x1B,	0x18,	0x29,	0x1E,	0x1B,	0x29,	0x1F,	0x1E,
	0x28,	0x1D,	0x1A,	0x25,	0x1C,	0x16,	0x24,	0x1B,
	0x17,	0x25,	0x1C,	0x18,	0x26,	0x1D,	0x1A,	0x25,
	0x1B,	0x18,	0x26,	0x19,	0x1B,	0x24,	0x18,	0x14,
	0x24,	0x16,	0x11,	0x22,	0x15,	0xF,	0x21,	0x13,
	0xF,	0x21,	0xF,	0xC,	0x21,	0x10,	0xC,	0x20,
	0xE,	0x8,	0x21,	0xC,	0x8,	0x20,	0xC,	0x7,
	0x1E,	0xB,	0x4,	0x1E,	0xB,	0x3,	0x20,	0xC,
	0x6,	0x23,	0xE,	0xC,	0x23,	0x10,	0x9,	0x22,
	0xE,	0x6,	0x24,	0x10,	0x7,	0x2A,	0x16,	0xB,
	0x32,	0x1F,	0x17,	0x33,	0x25,	0x2C,	0x3F,	0x2F,
	0x7D,	'l',	0x3F,	0x90,	'k',	'C',	0x88,	'F',
	0x1E,	0x2E,	0x35,	0x13,	0x17,	0x29,	0xD,	0xC,
	0x22,	0xA,	0x7,	0x22,	0xA,	0x7,	0x25,	0xB,
	0x8,	0x2A,	0xD,	0xC,	0x26,	0xB,	0xA,	0x2A,
	0xD,	0xC,	0x2B,	0xC,	0xD,	0x28,	0xB,	0xC,
	0x24,	0x9,	0x8,	0x22,	0x8,	0x7,	0x21,	0x9,
	0x8,	0x1F,	0x7,	0x5,	0x1B,	0x6,	0x3,	0x1B,
	0x6,	0x3,	0x1F,	0x7,	0x5,	0x1B,	0x6,	0x5,
	0x1B,	0x6,	0x3,	0x1E,	0x7,	0x5,	0x2D,	0xF,
	0x10,	0x23,	0x9,	0x9,	0x26,	0xB,	0xC,	0x1F,
	0x9,	0x6,	0x21,	0x9,	0x9,	0x25,	0xA,	0xA,
	0x25,	0xA,	0xA,	0x21,	0x9,	0x9,	0x21,	0x9,
	0x7,	0x1F,	0x8,	0x5,	0x27,	0xD,	0xD,	0x38,
	0x17,	0x1A,	0x40,	0x1C,	0x23,	0x21,	0x9,	0x9,
	0x27,	0xD,	0xC,	0x19,	0x5,	0x2,	0x1A,	0x5,
	0x2,	0x39,	0x1C,	0x20,	'u',	0x40,	0x5C,	0x8C,
	'P',	0x80,	0xAD,	'o',	0xBD,	0xCA,	0xA8,	0xD3,
	0xC0,	0x9A,	0xD9,	0x94,	'V',	0x91,	0x8F,	'Z',
	0x85,	0x90,	0x5E,	0x8D,	0x95,	'b',	0x8A,	0x83,
	'T',	's',	'Q',	0x31,	0x34,	'A',	0x27,	0x27,
	0x31,	0x1E,	0x17,	0x2F,	0x1D,	0x15,	0x34,	0x22,
	0x1E,	0x34,	0x25,	0x1E,	0x3A,	0x2E,	0x2B,	0x38,
	0x30,	0x2D,	'E',	0x3F,	'C',	'J',	'L',	'W',
	'G',	'I',	0x5F,	0x38,	0x38,	0x81,	0x5B,	0x60,
	0xEB,	0x2C,	0x1F,	0xD6,	0x28,	0x1A,	0xED,	0x27,
	0x22,	0xED,	0x34,	0x3F,	0xE9,	'F',	'd',	0xE9,
	'I',	'p',	0xE7,	'E',	'k',	0xE5,	'A',	'g',
	0xE3,	'C',	'r',	0xDE,	'C',	'q',	0xDD,	'D',
	'o',	0xD9,	'H',	'v',	0xD9,	'C',	'i',	0xD0,
	'B',	'c',	0xC7,	0x3E,	'N',	0xB8,	0x3E,	'Q',
	0xB8,	0x39,	'L',	0x9F,	0x32,	'F',	0xA7,	0x30,
	'I',	0xCC,	0x34,	0x99,	0xE1,	0x26,	0x2D,	0xA7,
	0x27,	0x33,	0xA8,	0x25,	0x2C,	0xA0,	0x29,	0x2C,
	0x9B,	0x35,	'A',	0xA3,	0x35,	0x3D,	0x92,	0x37,
	0x3B,	'g',	0x33,	0x3B,	'T',	0x35,	'E',	0x5E,
	0x3A,	'I',	0x5B,	0x3B,	'F',	'J',	0x37,	'E',
	0x3C,	0x38,	'A',	0x35,	0x33,	0x3C,	0x30,	0x38,
	'A',	'A',	0x34,	'C',	'A',	0x33,	0x3D,	0x3C,
	0x30,	0x37,	0x3B,	0x2F,	0x2F,	0x3C,	0x2B,	0x23,
	0x27,	0x2C,	0x24,	0x27,	0x29,	0x20,	0x22,	0x27,
	0x1F,	0x24,	0x2A,	0x23,	0x29,	0x28,	0x1E,	0x1E,
	0x26,	0x19,	0x1C,	0x24,	0x17,	0x19,	0x22,	0x15,
	0x12,	0x21,	0x12,	0xD,	0x22,	0x12,	0xB,	0x21,
	0x11,	0xC,	0x20,	0xC,	0x7,	0x20,	0xB,	0x5,
	0x20,	0xB,	0x3,	0x1F,	0xB,	0x3,	0x1F,	0xB,
	0x3,	0x21,	0xC,	0x5,	0x20,	0xC,	0x4,	0x21,
	0xE,	0x3,	0x22,	0xF,	0x2,	0x2A,	0x19,	0xA,
	0x27,	0x19,	0x18,	0x3A,	0x28,	0x32,	0x5C,	'M',
	0x81,	'E',	0x3F,	0x84,	0x97,	'Q',	0x98,	'a',
	0x2A,	'H',	'P',	0x20,	0x2D,	'N',	0x20,	0x2D,
	0x40,	0x19,	0x1E,	0x28,	0xD,	0xC,	0x26,	0xB,
	0xB,	0x27,	0xB,	0xA,	0x27,	0xB,	0xB,	0x26,
	0xB,	0xA,	0x27,	0xB,	0xB,	0x27,	0xB,	0xC,
	0x27,	0xB,	0xC,	0x27,	0xB,	0xB,	0x22,	0x8,
	0x7,	0x26,	0xA,	0x9,	0x22,	0x9,	0x8,	0x24,
	0x9,	0x9,	0x1C,	0x6,	0x3,	0x1C,	0x6,	0x3,
	0x1B,	0x6,	0x3,	0x23,	0x9,	0xB,	0x38,	0x16,
	0x1A,	0x29,	0xE,	0xF,	0x23,	0x9,	0x9,	0x22,
	0x9,	0x9,	0x22,	0x9,	0x9,	0x21,	0x9,	0x9,
	0x23,	0x9,	0x9,	0x1F,	0x8,	0x7,	0x1F,	0x8,
	0x5,	0x1F,	0x8,	0x5,	0x21,	0x9,	0x9,	0x2E,
	0x10,	0x11,	0x36,	0x15,	0x19,	0x1D,	0x8,	0x5,
	0x18,	0x4,	0x0,	0x1A,	0x5,	0x2,	0x37,	0x1A,
	0x1F,	0xE9,	0xBD,	0xEF,	0xFA,	0xE4,	0xFE,	0xB7,
	0x80,	0xDA,	0xA8,	'f',	0xBF,	0xD6,	0xB1,	0xE5,
	0xA2,	'b',	0xA3,	0xA8,	's',	0xB6,	0xA0,	'i',
	0xA0,	0x98,	'b',	0x9B,	0x9A,	'e',	0x93,	0x7C,
	'Q',	'd',	'g',	'C',	'N',	'I',	0x2F,	0x2F,
	0x39,	0x24,	0x1B,	0x30,	0x20,	0x15,	0x32,	0x22,
	0x15,	0x37,	0x2A,	0x1E,	0x3F,	0x34,	0x26,	'N',
	'M',	'J',	0x81,	0x86,	0xB7,	'V',	'a',	'x',
	'L',	'T',	0x9E,	0x3B,	0x40,	0xC0,	0x33,	0x2B,
	0xD1,	0x29,	0x1E,	0xC6,	0x34,	0x32,	0xEF,	0x37,
	0x3F,	0xED,	'I',	'f',	0xED,	'O',	'h',	0xEB,
	'S',	'y',	0xE5,	'U',	'w',	0xE3,	'U',	'z',
	0xE5,	'M',	'o',	0xE2,	'P',	0x83,	0xDD,	'R',
	0x83,	0xDC,	'Q',	0x88,	0xDB,	'T',	0x92,	0xDC,
	'I',	'j',	0xCE,	'K',	't',	0xD8,	'G',	0x5D,
	0xC3,	'L',	'h',	0xCE,	0x3D,	'N',	0xB1,	0x38,
	'C',	0xBA,	0x2B,	0x39,	0xB4,	0x28,	0x39,	0xC6,
	0x25,	0x2B,	0xA5,	0x27,	0x31,	0x9C,	0x34,	'D',
	0xB9,	'E',	'Z',	0xDC,	'O',	0x60,	0xC5,	'U',
	0x5D,	0xB8,	'h',	'l',	0xC7,	'j',	'o',	0xC5,
	'Z',	0x5D,	0xA6,	'Q',	'V',	0x84,	'M',	'V',
	'p',	'E',	'Q',	'a',	'C',	'S',	'g',	'E',
	'W',	'y',	'G',	0x60,	0x85,	'B',	'Z',	't',
	0x3E,	'X',	0x7F,	'A',	0x5B,	0x8F,	0x3B,	'M',
	0x86,	0x33,	0x35,	'N',	0x2E,	0x2B,	0x39,	0x2D,
	0x2E,	'G',	0x31,	0x30,	'Q',	0x2C,	0x2C,	0x40,
	0x29,	0x26,	0x3B,	0x28,	0x24,	0x38,	0x24,	0x1E,
	0x29,	0x21,	0x1C,	0x28,	0x26,	0x1A,	0x21,	0x28,
	0x19,	0x1A,	0x26,	0x14,	0xF,	0x25,	0xF,	0x8,
	0x23,	0xF,	0x3,	0x22,	0xE,	0x2,	0x20,	0xB,
	0x2,	0x1F,	0xD,	0x2,	0x27,	0x14,	0x0,	0x2D,
	0x17,	0x1,	'R',	0x33,	0x2B,	0x3D,	0x26,	0x25,
	0x34,	0x27,	0x2B,	'k',	'O',	0x87,	0xA4,	'u',
	0xA1,	0x82,	'j',	0xA2,	'v',	'c',	0x8C,	'i',
	0x2F,	'C',	'Z',	0x28,	0x34,	'W',	0x24,	0x30,
	'S',	0x20,	0x2E,	'M',	0x1E,	0x29,	'E',	0x1A,
	0x23,	0x35,	0x12,	0x17,	0x2C,	0xE,	0xE,	0x29,
	0xC,	0xD,	0x28,	0xB,	0xC,	0x24,	0xA,	0x9,
	0x2D,	0xE,	0xF,	0x28,	0xB,	0xC,	0x26,	0xA,
	0xC,	0x28,	0xA,	0xB,	0x25,	0x9,	0x9,	0x26,
	0xB,	0x10,	0x1B,	0x6,	0x4,	0x23,	0x9,	0x9,
	0x1C,	0x6,	0x3,	0x1E,	0x7,	0x5,	0x3A,	0x16,
	0x1A,	0x3B,	0x18,	0x1E,	0x2D,	0xF,	0x11,	0x23,
	0x9,	0x9,	0x1F,	0x9,	0x7,	0x1F,	0x9,	0x7,
	0x1F,	0x9,	0x6,	0x1F,	0x8,	0x6,	0x1F,	0x8,
	0x6,	0x1D,	0x8,	0x5,	0x1F,	0x9,	0x5,	0x23,
	0x9,	0x9,	0x2B,	0xF,	0x10,	0x28,	0xF,	0xF,
	0x1A,	0x5,	0x2,	0x2F,	0x15,	0x17,	0xE7,	0xBE,
	0xED,	0xFE,	0xED,	0xFE,	0xF8,	0xDA,	0xFE,	0x7B,
	'F',	'j',	0xB3,	'y',	0xD9,	0xE1,	0xCA,	0xEE,
	0xA4,	'm',	0xA8,	0xAF,	0x80,	0xD7,	0xBA,	0xA0,
	0xD9,	0xB5,	0x90,	0xD3,	0x9B,	'e',	0x91,	'p',
	'H',	'S',	'u',	'X',	'Q',	'N',	0x38,	0x33,
	0x3F,	0x2B,	0x1F,	0x33,	0x26,	0x14,	0x39,	0x2C,
	0x19,	0x3B,	0x31,	0x21,	'G',	'A',	0x33,	'Q',
	'V',	'V',	0xB2,	0xC4,	0xC7,	'V',	'z',	0xAB,
	'B',	'I',	0xB2,	0x37,	0x35,	0xDB,	0x30,	0x2A,
	0xCC,	0x3A,	0x34,	0xDF,	'G',	'L',	0xE8,	'R',
	0x5D,	0xE3,	'Y',	0x83,	0xEA,	'Z',	0x7F,	0xEB,
	'd',	0x97,	0xE5,	'n',	0x9D,	0xE2,	'g',	0x8C,
	0xE6,	0x5E,	0x85,	0xE3,	'v',	0xC5,	0xDD,	'X',
	0x80,	0xD9,	'O',	'p',	0xD7,	'N',	'n',	0xD6,
	'M',	'l',	0xD3,	'M',	'e',	0xCE,	'P',	'i',
	0xD0,	'O',	0x5B,	0xC8,	'E',	'L',	0xB8,	0x3D,
	'H',	0xC6,	0x30,	0x2D,	0x94,	0x28,	0x28,	0xA1,
	0x24,	0x25,	0x95,	0x2B,	0x32,	0x9F,	0x31,	0x36,
	0xA4,	'G',	0x5C,	0xBD,	'P',	0x5D,	0xB4,	'f',
	'j',	0xC4,	0x82,	0x80,	0xD6,	0x89,	0x86,	0xD6,
	0x86,	0x88,	0xD2,	0x84,	0x80,	0xD0,	'y',	'p',
	0xBB,	'q',	'm',	0xAD,	'w',	'n',	0xC6,	'v',
	'm',	0xC6,	't',	'n',	0xC5,	'k',	'l',	0xC3,
	0x5B,	'c',	0xBA,	'Z',	'j',	0xB7,	'L',	'd',
	0xA7,	'E',	'Y',	0x9F,	0x32,	'E',	0x83,	0x35,
	'H',	0x8C,	0x3C,	'G',	0x87,	0x36,	0x39,	'u',
	0x37,	0x34,	0x5C,	0x3B,	0x2F,	'R',	'T',	0x3D,
	0x5B,	'p',	'E',	'I',	'P',	0x33,	0x2D,	0x32,
	0x1F,	0x25,	0x2F,	0x1C,	0x1C,	0x2C,	0x17,	0xB,
	0x2B,	0x16,	0x7,	0x2B,	0x16,	0x4,	0x2D,	0x19,
	0x1,	0x3C,	0x23,	0x1,	'e',	0x3B,	0x1C,	0x84,
	'M',	'O',	'G',	0x23,	0x26,	0x31,	0x1F,	'F',
	0x2B,	0x23,	'X',	0x21,	0x14,	0x33,	0x37,	0x25,
	'g',	0x7C,	'b',	0x9B,	0x5D,	'H',	'm',	0x85,
	0x39,	0x5B,	0x5E,	0x2A,	0x35,	'S',	0x24,	0x2F,
	'V',	0x24,	0x32,	'S',	0x20,	0x30,	'b',	0x26,
	0x38,	'g',	0x28,	'G',	'U',	0x22,	0x34,	'J',
	0x1C,	0x2E,	'B',	0x17,	0x22,	0x34,	0x11,	0x17,
	0x28,	0xC,	0xC,	0x29,	0xB,	0xE,	0x2A,	0xD,
	0xE,	0x24,	0x9,	0x9,	0x27,	0xB,	0xC,	0x25,
	0x9,	0xB,	0x20,	0x7,	0x7,	0x1E,	0x7,	0x5,
	0x1E,	0x7,	0x6,	0x1B,	0x6,	0x3,	0x38,	0x15,
	0x19,	0x3E,	0x18,	0x1E,	0x3D,	0x18,	0x1F,	0x39,
	0x16,	0x19,	0x23,	0x9,	0x9,	0x20,	0x9,	0x7,
	0x1F,	0x9,	0x7,	0x20,	0x8,	0x7,	0x1F,	0x9,
	0x6,	0x1D,	0x8,	0x5,	0x1F,	0x9,	0x5,	0x1F,
	0x9,	0x5,	0x29,	0xE,	0xF,	0x38,	0x19,	0x1F,
	0x24,	0xC,	0xB,	0x2E,	0x13,	0x15,	0x39,	0x1B,
	0x22,	0xF1,	0xD3,	0xFB,	0x7B,	'I',	'n',	0x93,
	'V',	0x86,	0x97,	0x5F,	0x90,	0xA2,	'i',	0x9E,
	0xAF,	0x82,	0xD7,	0x8E,	'Z',	0x7B,	0xDE,	0xDF,
	0xDD,	0xC1,	0xCB,	0xD0,	0x91,	'n',	'p',	'w',
	0x5E,	'X',	0x5E,	'J',	0x3B,	'R',	'D',	0x2F,
	'A',	0x30,	0x20,	0x35,	0x29,	0x17,	0x3A,	0x31,
	0x1D,	'C',	0x40,	0x2E,	0x3E,	'E',	0x3C,	'E',
	'K',	0x5C,	'R',	'x',	0xAA,	'T',	'q',	0xCC,
	'B',	'K',	0xD4,	0x37,	0x38,	0xEB,	0x39,	0x34,
	0xEB,	'J',	'H',	0xE9,	'U',	'V',	0xE5,	0x5C,
	'i',	0xE5,	'Y',	0x7C,	0xE5,	'Y',	'r',	0xE6,
	'a',	'v',	0xE4,	'o',	0x99,	0xE4,	0x5F,	'z',
	0xE0,	'a',	'v',	0xDB,	's',	0xA8,	0xD7,	'V',
	'v',	0xD4,	'M',	'n',	0xCE,	'I',	'd',	0xC3,
	'J',	'd',	0xBB,	'K',	'm',	0xBD,	'X',	0x8E,
	0xC7,	'H',	0x5E,	0xAC,	'C',	'M',	0xAC,	0x38,
	'A',	0xAA,	0x3B,	0x3B,	0x7F,	0x36,	0x37,	0x98,
	0x30,	0x3B,	0xBD,	0x35,	0x37,	0xB3,	'G',	'Q',
	0xB9,	'R',	0x5B,	0xB3,	'x',	'w',	0xD5,	0x8F,
	0x86,	0xD8,	0x9F,	0x95,	0xD8,	0xA9,	0xB3,	0xDB,
	0xA6,	0xA0,	0xD9,	0xA3,	0x97,	0xD8,	0x9F,	0x8C,
	0xD7,	0x9C,	0x89,	0xD9,	0x9C,	0x8D,	0xD9,	0x95,
	0x80,	0xD9,	0x95,	0x7C,	0xD9,	0x93,	0x7C,	0xDA,
	0xAE,	0x8F,	0xDC,	0xB1,	'z',	0xD9,	0xB3,	'z',
	0xD7,	0xB4,	'e',	0xC5,	0xBC,	'x',	0xC6,	0xB7,
	'O',	0x9B,	0xA6,	0x60,	0xAE,	0x91,	'S',	0x9B,
	0x82,	'C',	'z',	0x8D,	'L',	0x89,	0x97,	'P',
	's',	0x7D,	0x3E,	'I',	'L',	0x31,	0x2E,	'K',
	0x2F,	0x1E,	'R',	0x31,	0xE,	'L',	0x2E,	0x8,
	'K',	0x30,	0x7,	'R',	0x36,	0x3,	'K',	0x26,
	0x9,	0x40,	0x27,	'A',	'F',	0x34,	'o',	'X',
	0x2B,	'D',	'v',	0x37,	0x5F,	0x94,	0x5C,	0xA4,
	'A',	0x2B,	'v',	0x1F,	0x15,	0x5E,	0x1F,	0x12,
	'c',	0x21,	0x10,	0x37,	0x40,	0x2C,	'N',	'x',
	0x32,	'T',	0xA4,	0x3C,	0x5C,	'L',	0x21,	0x28,
	'K',	0x1D,	0x29,	'Q',	0x20,	0x2C,	'T',	0x22,
	0x2E,	'f',	0x2A,	0x40,	'g',	0x2B,	'F',	'r',
	0x2C,	'H',	'w',	0x2C,	'D',	'o',	0x2A,	'N',
	'Y',	0x21,	0x38,	0x3E,	0x17,	0x22,	0x2D,	0xE,
	0x13,	0x20,	0x7,	0x5,	0x23,	0x9,	0x9,	0x26,
	0xB,	0xD,	0x24,	0x9,	0xB,	0x1F,	0x7,	0x5,
	0x20,	0x7,	0x8,	0x1F,	0x8,	0x7,	0x35,	0x15,
	0x1A,	'D',	0x1C,	0x24,	'J',	0x1F,	0x28,	'c',
	0x2A,	0x3D,	'R',	0x22,	0x2D,	0x2B,	0xE,	0xE,
	0x23,	0x9,	0x9,	0x24,	0xA,	0x9,	0x1F,	0x9,
	0x6,	0x1D,	0x8,	0x5,	0x1D,	0x8,	0x5,	0x21,
	0x9,	0x9,	0x36,	0x16,	0x1A,	0x40,	0x1E,	0x26,
	0x36,	0x18,	0x1D,	0x22,	0xB,	0xA,	'i',	0x3B,
	'W',	0xFE,	0xF6,	0xFE,	0xC7,	0xAE,	0xE4,	0xA9,
	'q',	0xC1,	0x9C,	0x5F,	0xA3,	0xAB,	'u',	0xD3,
	0xA8,	't',	0xBD,	0xB4,	0x8B,	0xD5,	0xD7,	0xD9,
	0xD7,	0xAD,	0xB5,	0xB1,	0x7F,	'p',	0x5F,	'l',
	0x5D,	'Q',	'S',	'F',	0x33,	'F',	0x3A,	0x26,
	0x40,	0x35,	0x1F,	0x34,	0x2F,	0x18,	0x3B,	0x3A,
	0x23,	'A',	'E',	0x36,	'G',	'S',	'V',	'E',
	'X',	't',	'K',	'c',	0xB1,	'T',	'h',	0xDA,
	'I',	'U',	0xE8,	0x35,	0x3A,	0xEA,	0x33,	0x2B,
	0xF0,	'V',	0x5B,	0xEB,	'P',	'M',	0xE7,	'S',
	'P',	0xE1,	'V',	'b',	0xE2,	'T',	'b',	0xE0,
	'Y',	'e',	0xE1,	'W',	'd',	0xDF,	0x5C,	'a',
	0xD9,	'c',	'g',	0xCF,	'e',	'w',	0xCF,	'X',
	'o',	0xCC,	'N',	'b',	0xBD,	'I',	'W',	0x80,
	'I',	0x5B,	'u',	'F',	'V',	'i',	'V',	'y',
	0x9B,	'd',	0xB9,	0xAF,	'E',	0x5D,	0x97,	0x3C,
	'D',	0x8F,	0x3F,	0x3F,	0x88,	0x3E,	0x3F,	0xA0,
	0x3C,	0x3C,	0xA5,	'A',	0x40,	0xAF,	'V',	'S',
	0xB4,	'h',	'e',	0xC9,	'w',	's',	0xC8,	0x9B,
	0x90,	0xD6,	0xA1,	0x91,	0xD5,	0xB6,	0xB4,	0xDB,
	0xB1,	0xB0,	0xDB,	0xAB,	0xA3,	0xDA,	0xAF,	0xA0,
	0xDB,	0xAD,	0x9A,	0xDB,	0xA9,	0x9B,	0xDB,	0xA3,
	0x92,	0xDB,	0xAD,	0x99,	0xDF,	0xAB,	0x87,	0xDD,
	0xB1,	0x9F,	0xDC,	0xAD,	0x93,	0xDB,	0xB3,	0x92,
	0xD9,	0xBE,	0x8A,	0xD1,	0xBE,	0x86,	0xCD,	0xAA,
	'k',	0xB6,	0x95,	'q',	0xAF,	0x7D,	'c',	0x9E,
	0x7C,	'Y',	0x9B,	0x91,	'S',	0x8D,	0x94,	'C',
	'T',	0x97,	'B',	0x3B,	0x99,	'H',	0x22,	0xA0,
	'V',	0x1A,	0x94,	'Z',	0x14,	0x84,	'N',	0xB,
	0x8D,	'M',	0x6,	'u',	0x2E,	0x28,	'U',	0x2C,
	0x60,	'H',	0x22,	0x3C,	'Y',	0x19,	0x30,	'e',
	0x26,	0x3E,	0xDE,	0xCB,	0xDD,	0xBF,	0xB3,	0xD1,
	0x1F,	0xF,	'h',	0x25,	0x1B,	'l',	0x28,	'd',
	'k',	0x2A,	0x1C,	'c',	0x3C,	0x29,	0x3B,	0xA5,
	'C',	0x7C,	0xBB,	'f',	0x84,	0x2D,	0x14,	0xF,
	0x1F,	0x8,	0x5,	0x2E,	0x10,	0x10,	0x3F,	0x17,
	0x1D,	'X',	0x22,	0x36,	0x89,	0x33,	0x5B,	0xBF,
	'G',	0x93,	0xAE,	0x3D,	'w',	0x85,	0x33,	'Y',
	'e',	0x26,	0x37,	'v',	0x2F,	'S',	'r',	0x29,
	'Z',	'I',	0x16,	0x2E,	0x2D,	0xD,	0x10,	0x26,
	0x9,	0xB,	0x25,	0x9,	0xB,	0x24,	0xA,	0xC,
	0x25,	0xA,	0xD,	0x24,	0x9,	0xC,	0x3F,	0x19,
	0x21,	'O',	0x22,	0x2C,	0x5D,	0x28,	0x36,	'h',
	0x2D,	0x3F,	0x7E,	0x36,	'L',	'Z',	0x26,	0x34,
	0x32,	0x12,	0x15,	0x28,	0xC,	0xD,	0x28,	0xC,
	0xD,	0x20,	0x9,	0x6,	0x1F,	0x9,	0x5,	0x1F,
	0x9,	0x5,	0x2A,	0x10,	0x11,	0x40,	0x1E,	0x28,
	0x38,	0x19,	0x21,	0x1E,	0x8,	0x6,	0x3D,	0x1F,
	0x29,	0x8E,	'Y',	0x91,	0xB9,	0x93,	0xDE,	0x8C,
	'Y',	0x97,	0xBF,	0x9A,	0xDB,	0xBD,	0x9A,	0xD6,
	0xDE,	0xC5,	0xE7,	0xDE,	0xD2,	0xDC,	0xB1,	0x8E,
	0xCF,	0x94,	0x7E,	'r',	'l',	0x5E,	'M',	'Z',
	'N',	0x3E,	'J',	0x3E,	0x2B,	0x3B,	0x32,	0x1B,
	0x3A,	0x35,	0x1D,	0x38,	0x39,	0x20,	0x3D,	'C',
	0x31,	'K',	0x60,	0x5E,	'Q',	'e',	0x7C,	'I',
	0x60,	0x8C,	'Y',	'p',	0xD0,	'h',	0x7D,	0xDD,
	'K',	'Z',	0xE6,	0x31,	0x2A,	0xE0,	0x40,	'A',
	0xEB,	'S',	'a',	0xEF,	'U',	'Y',	0xE7,	'R',
	'R',	0xDF,	'T',	'Z',	0xDC,	'V',	'f',	0xDD,
	'U',	'd',	0xDB,	'R',	'c',	0xD8,	'X',	0x5D,
	0xBA,	'd',	'n',	0xC7,	'U',	0x5E,	0xAF,	'V',
	'f',	0x9E,	'J',	'a',	0x80,	'E',	'J',	'X',
	'I',	'S',	'Y',	'H',	'O',	'I',	'I',	'R',
	'N',	0x5B,	0x8F,	0x9F,	'E',	'R',	0x7E,	'K',
	'd',	0x9B,	0x3E,	'O',	0x92,	'B',	'O',	0x87,
	0x3E,	'F',	0x98,	0x40,	'D',	0x99,	'I',	'N',
	0xAC,	'Z',	0x5D,	0xB9,	'u',	'n',	0xC5,	0x7C,
	'n',	0xC9,	0x9B,	0x84,	0xD5,	0xA0,	0x8C,	0xD7,
	0xAE,	0xAA,	0xDB,	0xBE,	0xB9,	0xDC,	0xB7,	0xAF,
	0xDD,	0xB9,	0xAF,	0xDB,	0xBD,	0xAE,	0xDE,	0xBB,
	0xB1,	0xE0,	0xBC,	0xAF,	0xE3,	0xB8,	0xA3,	0xE1,
	0xB9,	0xB0,	0xDE,	0xB1,	0xB8,	0xDD,	0xA9,	0xB5,
	0xD9,	0xAD,	0xB9,	0xD7,	0x9F,	0xAB,	0xD3,	0x98,
	0x94,	0xD0,	0x99,	0x83,	0xCA,	0xB9,	0x94,	0xD2,
	0xC6,	0x81,	0xCF,	0xD1,	'd',	0x86,	0xC9,	0x5D,
	'W',	0xD2,	0x5E,	0x38,	0xC3,	0x5C,	0x23,	0xC5,
	'o',	0x20,	0xD6,	0x80,	0x1E,	0xCE,	'o',	0x32,
	0x8F,	0x3F,	'p',	'N',	0x2E,	0x86,	0x2C,	0x22,
	'S',	0x5C,	0x29,	'a',	'F',	0x17,	'J',	0x40,
	0x25,	'O',	'p',	'K',	0x9F,	'H',	0x31,	0x83,
	0x20,	0x14,	'q',	0x24,	0x16,	'k',	0x26,	0x17,
	'c',	'K',	'F',	'c',	'I',	0x39,	0x5E,	0x85,
	'B',	'o',	0xC4,	0x9F,	0xA5,	'L',	0x23,	0x27,
	0x27,	0xD,	0xA,	0x24,	0x9,	0x8,	0x1D,	0x7,
	0x3,	0x24,	0xA,	0x8,	'd',	0x25,	'A',	0xBB,
	'C',	0x7E,	'l',	0x28,	'A',	0x7E,	0x2D,	'O',
	0x5E,	0x25,	0x34,	0x7B,	0x2F,	'X',	0x91,	0x39,
	'v',	0x93,	0x34,	'u',	'H',	0x18,	0x2E,	0x37,
	0x12,	0x1A,	0x2D,	0xD,	0x10,	0x2D,	0xE,	0x16,
	0x2D,	0xC,	0x15,	0x24,	0x9,	0x9,	'L',	0x20,
	0x2A,	0x5D,	0x28,	0x38,	'f',	0x2D,	0x3E,	0x83,
	0x3B,	'R',	0x87,	0x39,	'U',	'q',	0x32,	'G',
	'H',	0x1C,	0x26,	0x2F,	0x10,	0x11,	0x27,	0xD,
	0xD,	0x1C,	0x7,	0x3,	0x1F,	0x9,	0x5,	0x21,
	0x9,	0x8,	0x25,	0xE,	0xC,	0x3D,	0x1C,	0x25,
	0x32,	0x15,	0x1A,	0x26,	0xE,	0xF,	0x1E,	0x8,
	0x6,	0x35,	0x19,	0x21,	'A',	0x22,	0x2F,	0xD3,
	0xB6,	0xEC,	0xBF,	0x99,	0xDB,	0xBC,	0xA8,	0xD3,
	0xBB,	0x9B,	0xD7,	0xCF,	0xB4,	0xDC,	0xAD,	0x7E,
	0xA5,	0x8D,	'x',	'n',	'b',	'S',	'B',	'O',
	'C',	0x2F,	'E',	0x39,	0x26,	0x3D,	0x35,	0x1E,
	0x37,	0x37,	0x1D,	0x3A,	0x3F,	0x2A,	'C',	'O',
	'E',	'O',	'j',	0x7F,	'Q',	'l',	0xAC,	'R',
	'k',	0xAD,	0x7C,	0x96,	0xD8,	'b',	0x7C,	0xDB,
	'E',	'M',	0xE6,	0x2E,	0x1E,	0xED,	'B',	0x40,
	0xE5,	'W',	'b',	0xE3,	0x5D,	'h',	0xE0,	'Y',
	'b',	0xCC,	'X',	'b',	0xA9,	'P',	'g',	0xCA,
	'J',	'Z',	0x89,	'S',	'a',	0x97,	'I',	0x5C,
	'y',	'W',	0x5F,	'r',	'J',	'F',	'I',	0x5D,
	'S',	'U',	'J',	'J',	'Z',	'D',	'B',	'M',
	'D',	'A',	'E',	'C',	0x3F,	0x3F,	'A',	'B',
	'L',	'F',	'S',	0x8E,	0x3C,	'C',	0x8F,	'F',
	0x5E,	0xA2,	'M',	'a',	0xA5,	0x3E,	0x3C,	0x7E,
	'B',	'L',	0xA4,	0x3C,	0x3F,	0xA1,	'A',	'A',
	0x9D,	'L',	'N',	0xAC,	'M',	'R',	0xB3,	'c',
	'i',	0xD5,	0x7F,	't',	0xDD,	0xA4,	0x94,	0xDF,
	0x99,	0x92,	0xDF,	0xA8,	0xB7,	0xDF,	0x97,	0x82,
	0xDF,	0xA5,	0x9D,	0xE2,	0xA1,	0x93,	0xE3,	0x9F,
	0x8F,	0xE2,	0x9F,	0x8B,	0xE1,	0x9F,	0x95,	0xE1,
	0xA1,	0x9A,	0xE1,	0x9E,	0x98,	0xE1,	0x99,	0x91,
	0xDF,	0x97,	0x8E,	0xDE,	0x89,	0x7F,	0xDF,	0x96,
	0x83,	0xE0,	0x9F,	0x8A,	0xDF,	0xB5,	0x94,	0xDF,
	0xA2,	'x',	0xD6,	0xC0,	0x90,	0xD1,	0xC9,	'a',
	'p',	0xDD,	0x8D,	'z',	0xE7,	0xB6,	0xC8,	0xDD,
	0x81,	0xB1,	0xBA,	'k',	0xBE,	0xB1,	'k',	0xD6,
	0x7E,	'K',	0xBD,	'R',	0x34,	0x9D,	'Z',	0x38,
	0xA2,	'l',	'H',	0xA7,	0xB8,	0xA6,	0xD7,	0xB1,
	0x7E,	0xCE,	'Q',	0x2C,	0x8C,	0x21,	0x13,	's',
	0x20,	0x11,	'b',	0x2D,	0x1B,	'r',	0x2D,	0x1C,
	'i',	0x30,	0x23,	0x5F,	'T',	'B',	'b',	0x9A,
	'O',	0x7C,	0x97,	'J',	0x5F,	'a',	0x2D,	0x3A,
	0x34,	0x14,	0x14,	0x33,	0x13,	0x13,	0x33,	0x13,
	0x14,	0x38,	0x15,	0x1B,	0x34,	0x10,	0x18,	0x2C,
	0xE,	0xE,	0x34,	0x11,	0x14,	'H',	0x19,	0x27,
	'k',	0x26,	'C',	0xA9,	0x3F,	0x86,	0x92,	0x35,
	'l',	'u',	0x2A,	'V',	'P',	0x1D,	0x32,	'J',
	0x19,	0x2E,	0x38,	0x12,	0x1D,	0x35,	0x11,	0x19,
	0x2B,	0xD,	0x11,	0x32,	0xE,	0x13,	'V',	0x26,
	0x32,	'b',	0x29,	0x3A,	'b',	0x29,	0x3A,	0x80,
	0x36,	'Q',	0x7F,	0x33,	'K',	0x5E,	0x28,	0x37,
	'W',	0x23,	0x32,	0x36,	0x14,	0x19,	0x26,	0xB,
	0xC,	0x18,	0x4,	0x0,	0x1A,	0x5,	0x2,	0x1E,
	0x8,	0x5,	0x23,	0xC,	0xA,	0x31,	0x15,	0x17,
	0x3C,	0x1C,	0x25,	0x24,	0xD,	0xB,	0x1E,	0x8,
	0x6,	0x27,	0xF,	0x11,	0x25,	0xE,	0xE,	0x88,
	'V',	0x8B,	0xA7,	'q',	0xCA,	0xC5,	0xAF,	0xDF,
	0xB4,	0x8E,	0xD5,	0xC8,	0xBF,	0xD5,	0xA6,	0x96,
	0x9A,	'y',	'h',	'V',	0x5C,	'O',	0x3E,	'K',
	'B',	0x2C,	'B',	0x38,	0x22,	0x3D,	0x39,	0x1F,
	0x3D,	0x3C,	0x26,	'E',	'K',	0x3D,	'O',	'g',
	'k',	'T',	0x7B,	0xB0,	'V',	't',	0xC2,	'V',
	'l',	0xB4,	'h',	0x82,	0xD7,	'N',	0x60,	0xD6,
	0x3F,	'I',	0xE2,	0x35,	0x2F,	0xE7,	0x3C,	0x3A,
	0xD2,	'M',	'W',	0xD0,	'W',	'd',	0xD4,	'X',
	'j',	0xC7,	0x5C,	'n',	0xC1,	'M',	0x5F,	0x85,
	'T',	'a',	'k',	'p',	0x7B,	0x86,	'X',	0x5C,
	'Z',	'F',	'Q',	'M',	'z',	'g',	0x5F,	'V',
	'Q',	0x60,	0x8A,	0x8C,	0xCC,	0x5E,	'L',	0x5F,
	0x40,	0x3A,	'R',	0x5C,	'T',	0x91,	'u',	0x5C,
	0xAF,	0x9D,	0x94,	0xCF,	0xBF,	0xC3,	0xD1,	'w',
	'v',	0xB7,	'G',	'M',	0x97,	0x3D,	'A',	0x99,
	'J',	'L',	0x9B,	'U',	'T',	0xA1,	'O',	'J',
	0x94,	'C',	'A',	0x7E,	'p',	'g',	0xB7,	0x84,
	'v',	0xD1,	0x85,	0x7B,	0xDC,	0xBB,	0xAF,	0xE2,
	0xD1,	0xBB,	0xE3,	0xD3,	0xBF,	0xE6,	0x97,	0x80,
	0xE3,	'd',	'k',	0xE2,	'a',	'j',	0xE3,	'e',
	'j',	0xE3,	'l',	'l',	0xE2,	'x',	'v',	0xE1,
	0x87,	0x82,	0xE4,	0x83,	'y',	0xE5,	0x83,	0x7B,
	0xE4,	0x7F,	'z',	0xE7,	0x90,	0x8A,	0xEA,	0x8F,
	0x7B,	0xE7,	0xC7,	0xBE,	0xE9,	0xCC,	0xBD,	0xE9,
	0xE1,	0xC7,	0xEE,	0xE9,	0xC8,	0xED,	0xE6,	0xA8,
	0xD9,	0xE3,	0xAC,	0xD0,	0xCF,	0x95,	0xD9,	0x95,
	0x5E,	0xC0,	0x8D,	'b',	0xCE,	's',	'R',	0xDA,
	'G',	0x38,	0xCF,	0x3C,	0x2F,	0xC2,	0x38,	0x29,
	0xA5,	0x38,	0x21,	0x89,	'n',	'I',	0x9F,	0xBF,
	0xB5,	0xD8,	's',	'P',	0xA6,	0x21,	0xF,	0x7F,
	0x1E,	0xC,	'Y',	0x1F,	0xE,	'L',	0x26,	0x18,
	'V',	0x37,	0x2E,	'b',	'x',	'e',	'm',	0xC9,
	0xBD,	0xAD,	0xAF,	0x5E,	0x8E,	'm',	0x35,	'A',
	0x33,	0x14,	0x10,	0x31,	0x11,	0x11,	0x3F,	0x18,
	0x26,	'm',	0x2C,	0x5D,	0x5D,	0x25,	0x40,	'Y',
	0x21,	0x36,	0x40,	0x18,	0x23,	0x29,	0xC,	0xB,
	0x23,	0x9,	0x9,	0x32,	0x10,	0x15,	'R',	0x1C,
	0x31,	'W',	0x1D,	0x40,	'G',	0x19,	0x2C,	'C',
	0x18,	0x23,	0x3D,	0x14,	0x1C,	0x3C,	0x14,	0x1B,
	0x38,	0x12,	0x1F,	0x3A,	0x12,	0x1C,	0x33,	0x13,
	0x15,	0x37,	0x15,	0x19,	0x3D,	0x18,	0x1D,	0x3E,
	0x19,	0x1E,	'B',	0x19,	0x21,	0x37,	0x15,	0x18,
	0x2D,	0xF,	0x11,	0x2F,	0x10,	0x11,	0x1C,	0x7,
	0x3,	0x18,	0x4,	0x0,	0x17,	0x4,	0x0,	0x1A,
	0x6,	0x2,	0x20,	0x9,	0x7,	0x29,	0x10,	0x11,
	0x40,	0x20,	0x2D,	0x2D,	0x11,	0x15,	0x22,	0xC,
	0xB,	0x1C,	0x7,	0x4,	0x2A,	0x10,	0x12,	'R',
	0x2F,	'I',	0xA5,	'r',	0xD4,	0xBD,	0x9E,	0xDC,
	0xCB,	0xB4,	0xDD,	0xBC,	0xC1,	0xCE,	0xA9,	0xA3,
	0xAF,	'j',	0x5D,	'G',	'U',	'I',	0x32,	'G',
	0x3E,	0x26,	0x3F,	0x3C,	0x1F,	0x3C,	0x3E,	0x22,
	'B',	'C',	0x30,	'N',	0x5B,	'Y',	'Q',	's',
	'w',	'R',	0x7B,	0xA8,	'V',	0x7B,	0xC0,	'j',
	0x87,	0xD9,	'M',	'a',	0xBB,	'G',	'U',	0xBC,
	'E',	'R',	0xD8,	0x3F,	'J',	0xE3,	'A',	'C',
	0xE7,	'A',	'G',	0xC6,	'F',	'N',	0xAA,	'I',
	'X',	0xA5,	0x82,	0x88,	0xD5,	0x9C,	0xB0,	0xD4,
	'c',	'u',	0x85,	0x80,	0x7B,	'x',	0xA1,	0x8D,
	0x91,	'T',	'M',	'P',	0xA9,	0x8C,	0xA7,	0xAF,
	0xB1,	0xCF,	0x9B,	0x9D,	0xC9,	0xB0,	0x9F,	0xD2,
	'Y',	'J',	0x5F,	'h',	'Z',	0x7B,	0xA3,	0x84,
	0xC9,	0x81,	'p',	0xB2,	0xC6,	0xC5,	0xCF,	0xD1,
	0xD1,	0xD9,	0x9B,	0x94,	0xD0,	0x8C,	0x88,	0xBF,
	0x9E,	0x98,	0xD1,	0xAD,	0xAD,	0xD8,	0xA8,	0x90,
	0xD7,	0xA5,	0x7D,	0xD5,	0xE2,	0xBD,	0xE4,	0xE6,
	0xC7,	0xE6,	0xC0,	0xB5,	0xDF,	'w',	'n',	0xDB,
	0xB2,	0x9F,	0xE0,	0xD5,	0xB3,	0xE7,	0xC9,	0xAF,
	0xE5,	0xB3,	0xB2,	0xE6,	0xB3,	0xA4,	0xE6,	0xB9,
	0xAB,	0xE7,	0xB7,	0xAD,	0xE7,	0xAD,	0xA3,	0xE7,
	0xA5,	0x91,	0xE9,	0xAC,	0xA5,	0xEC,	0xBB,	0xB7,
	0xEE,	0xB5,	0xB3,	0xEE,	0xBC,	0xB9,	0xED,	0xD9,
	0xC8,	0xF4,	0xEF,	0xEB,	0xFA,	0xE3,	0xC3,	0xF1,
	0xCF,	0xAA,	0xE5,	0xAB,	'r',	0xDE,	0x96,	'P',
	0xC1,	0xB8,	'Q',	0xC1,	0xBB,	'l',	0xD9,	0xA7,
	'q',	0xD9,	'q',	'T',	0xD0,	'N',	0x39,	0xCB,
	'A',	0x2E,	0xC9,	0x3B,	0x2D,	0xCD,	0x33,	0x23,
	0x9D,	0x35,	0x24,	0x93,	0x3A,	0x24,	0x8B,	0x31,
	0x1A,	0x84,	0x22,	0x15,	0x7F,	0x21,	0x11,	0x83,
	0x8A,	'f',	0xD3,	'R',	0x36,	0x7F,	0x22,	0x11,
	0x33,	0x3A,	0x28,	0x30,	0xC4,	'w',	'u',	0xD3,
	0xAA,	0x9E,	0xB8,	'n',	0x94,	0x87,	0x40,	0x60,
	0x3A,	0x18,	0x15,	'G',	0x1C,	0x26,	'o',	0x2E,
	'u',	'w',	0x30,	'z',	'c',	0x28,	'C',	'r',
	0x2D,	'L',	'o',	0x29,	'E',	'Z',	0x22,	0x38,
	'B',	0x17,	0x20,	0x33,	0x10,	0x15,	0x20,	0x7,
	0x5,	0x24,	0x9,	0x9,	0x29,	0xC,	0xC,	'E',
	0x17,	0x22,	0x40,	0x15,	0x21,	0x3C,	0x14,	0x1F,
	0x36,	0x11,	0x17,	0x38,	0x12,	0x1E,	0x1F,	0x8,
	0x5,	0x24,	0xA,	0x9,	0x24,	0xA,	0x9,	0x24,
	0xA,	0x9,	0x24,	0xA,	0x9,	0x26,	0xB,	0xB,
	0x24,	0xA,	0x9,	0x26,	0xC,	0xB,	0x24,	0xA,
	0x9,	0x1A,	0x6,	0x2,	0x17,	0x4,	0x0,	0x18,
	0x4,	0x0,	0x1E,	0x8,	0x6,	0x24,	0xC,	0xD,
	0x32,	0x17,	0x1D,	0x3E,	0x1E,	0x2A,	0x1E,	0x8,
	0x6,	0x26,	0xE,	0xE,	0x2F,	0x14,	0x17,	'N',
	0x2D,	0x40,	0xA5,	'o',	0xD0,	0xB1,	0x86,	0xD6,
	0xD7,	0xBE,	0xD8,	0xB7,	0xBB,	0xC9,	0xA3,	0xA0,
	0x93,	0x82,	'q',	0x60,	'R',	'I',	0x30,	'G',
	'A',	0x21,	'D',	'C',	0x27,	'A',	'D',	0x2C,
	'D',	'F',	0x3A,	'L',	0x5F,	'a',	'Q',	'y',
	0x83,	'Q',	'x',	0x9D,	'T',	'y',	0xBD,	'n',
	0x8C,	0xD8,	0x5B,	'l',	0xC5,	'A',	'P',	0x98,
	'P',	'X',	0xB4,	'I',	'U',	0xDD,	0x7C,	'v',
	0xF2,	'A',	0x38,	0xF3,	'r',	'b',	0xE4,	0xAF,
	0xB0,	0xE1,	'z',	'f',	0xDA,	0xC7,	0xC3,	0xE1,
	0xD3,	0xCD,	0xDA,	0xA8,	0x9A,	0xD4,	0xC0,	0xC1,
	0xDB,	0xCA,	0xC3,	0xDD,	0x84,	'q',	0x9D,	'x',
	'm',	0x9C,	'R',	0x3E,	'y',	0x60,	'I',	'h',
	0x9D,	0x8B,	0xCD,	0xA0,	0x99,	0xD4,	0xA8,	0xB4,
	0xD9,	0xB5,	0xBD,	0xDD,	0xCC,	0xD6,	0xDD,	0xCF,
	0xD0,	0xD5,	0xCD,	0xCE,	0xD5,	0xBD,	0xBD,	0xD1,
	0xC7,	0xC4,	0xD3,	0xB1,	0xAF,	0xCC,	0xA9,	0x91,
	0xCD,	0xC1,	0xA1,	0xCF,	0xC5,	0x9B,	0xCF,	0xC7,
	0xA5,	0xD1,	0xD1,	0xB8,	0xD7,	0xCD,	0xBC,	0xDF,
	0xCA,	0xBC,	0xE3,	0xCA,	0xBB,	0xE7,	0xD6,	0xCA,
	0xEE,	0xD8,	0xCD,	0xF3,	0xD9,	0xCD,	0xF3,	0xE7,
	0xD2,	0xF3,	0xF0,	0xE6,	0xF8,	0xF5,	0xEF,	0xF9,
	0xF5,	0xEB,	0xF8,	0xF2,	0xDD,	0xF5,	0xEB,	0xC7,
	0xEF,	0xD9,	0xB5,	0xE8,	0xDC,	0xAD,	0xE4,	0xE5,
	0xB1,	0xE5,	0xDE,	0xA6,	0xDD,	0xDD,	't',	0xBA,
	0xCB,	'T',	't',	0xBB,	'O',	0x8F,	0xC1,	'c',
	0xCA,	0xB5,	'i',	0xDB,	0x96,	0x5D,	0xE1,	0x5B,
	0x40,	0xC3,	'K',	0x34,	0xBD,	'R',	0x3A,	0xDB,
	'N',	0x39,	0xE1,	'G',	0x31,	0xCE,	0x3E,	0x26,
	0x9C,	'A',	0x26,	0x8E,	'R',	0x2B,	0x8A,	'j',
	0x2C,	0x85,	0x3D,	0x1F,	'p',	0x20,	0xC,	0x7E,
	0xC1,	0xC5,	0xE8,	0xB1,	0xA2,	0xDD,	0x23,	0xF,
	0xB,	'A',	0x2E,	0x2F,	0xAF,	'i',	'y',	0xD9,
	0xB4,	0x9F,	0xAD,	'g',	0x91,	'r',	0x3E,	'X',
	'F',	0x1E,	0x20,	'l',	0x30,	'u',	'y',	0x30,
	'z',	0x5C,	0x25,	0x40,	0x5C,	0x25,	'D',	0x5D,
	0x25,	0x3A,	'i',	0x28,	0x40,	0x85,	0x31,	'Z',
	'a',	0x24,	0x3B,	'x',	0x2C,	'T',	0xA3,	0x37,
	0x7B,	0x2E,	0xE,	0x12,	0x1F,	0x6,	0x4,	0x1D,
	0x6,	0x3,	0x1C,	0x6,	0x3,	0x27,	0xA,	0xC,
	0x2A,	0xA,	0xE,	0x34,	0x10,	0x13,	0x18,	0x4,
	0x0,	0x1C,	0x7,	0x3,	0x23,	0xA,	0x9,	0x23,
	0xA,	0x9,	0x26,	0xC,	0xB,	0x24,	0xA,	0x9,
	0x26,	0xB,	0xC,	0x26,	0xC,	0xB,	0x27,	0xE,
	0xD,	0x20,	0x9,	0x7,	0x17,	0x4,	0x0,	0x18,
	0x4,	0x0,	0x1C,	0x7,	0x4,	0x24,	0xC,	0xC,
	0x28,	0xF,	0xF,	0x3E,	0x1E,	0x29,	0x25,	0xD,
	0xE,	0x20,	0xA,	0x8,	0x1F,	0xA,	0x7,	'O',
	0x2B,	0x3F,	0x82,	'U',	0x84,	0xAF,	0x85,	0xD7,
	0xCD,	0xC3,	0xD5,	0xB1,	0xA5,	0xA9,	0x89,	'y',
	0x5D,	'm',	0x5D,	'B',	'c',	0x5C,	0x40,	'I',
	'I',	0x29,	'E',	'H',	0x26,	'D',	'F',	0x2E,
	'F',	'M',	'D',	'I',	0x5B,	0x5C,	'G',	'i',
	'n',	'K',	'k',	0x8A,	'O',	'k',	0xB6,	'S',
	'c',	0xBF,	0x9D,	0xBB,	0xDD,	'n',	'q',	0xD5,
	'K',	'M',	0x8B,	'L',	0x3C,	0xDF,	0x9D,	'b',
	0xF4,	0xBD,	0x8F,	0xF5,	0xCC,	0x89,	0xF1,	0xBD,
	0x95,	0xEA,	0xA2,	0x8C,	0xE0,	0xB1,	0x9D,	0xDC,
	0xDF,	0xD4,	0xE1,	0xE5,	0xD9,	0xE1,	0xDD,	0xB9,
	0xD9,	0xC4,	0xAA,	0xD8,	0x8B,	'f',	0xC7,	0xB3,
	0xB3,	0xDE,	0xE2,	0xE1,	0xE9,	0xED,	0xEB,	0xED,
	0xF1,	0xEF,	0xF1,	0xED,	0xEB,	0xE9,	0xE1,	0xDE,
	0xDE,	0xB5,	0xB5,	0xC8,	0xAA,	0x8D,	0x7F,	0xC7,
	0xC5,	0xB4,	0xC1,	0xBD,	0x8E,	0x7D,	'R',	0x1D,
	0x8B,	0x5D,	0x2E,	0x90,	'b',	0x35,	0x9C,	'i',
	0x3C,	0xAC,	't',	0x3F,	0xBB,	0x8C,	'N',	0xCB,
	0xA1,	'c',	0xD3,	0xAE,	'k',	0xE1,	0xBB,	0x91,
	0xDF,	0xB4,	0x7F,	0xE5,	0xB6,	0x96,	0xE9,	0xBC,
	0xC7,	0xE9,	0xC0,	0xD1,	0xEA,	0xC1,	0xD3,	0xEC,
	0xBF,	0xCF,	0xEF,	0xC4,	0xD3,	0xF1,	0xD1,	0xD7,
	0xF3,	0xD1,	0xD5,	0xF2,	0xC0,	0xD1,	0xEF,	0xB3,
	0xCF,	0xE6,	0x91,	0xD1,	0xEC,	0xA0,	0xCB,	0xEC,
	0xB3,	0xCB,	0xEA,	0xAF,	0xC9,	0xE8,	0x9E,	0x90,
	0xDE,	'v',	0xC7,	0xD1,	'g',	0xD7,	0xDD,	0x82,
	0xDD,	0xB9,	0x7B,	0xDE,	0xBF,	0x8C,	0xE3,	0xB1,
	0x7B,	0xE5,	0x95,	'b',	0xE0,	0x8C,	'U',	0xDB,
	'u',	'G',	0xC3,	'h',	0x3E,	0xB7,	0x7B,	0x3E,
	0xAB,	0x5C,	0x2E,	0x8D,	'W',	0x27,	0x82,	'R',
	0x21,	0x5C,	0x3A,	0x1D,	'm',	0x24,	0x16,	0x85,
	0x3C,	0x2A,	0x97,	0x36,	0x23,	'r',	0x2D,	0x1E,
	0x35,	'T',	'B',	'H',	0xAF,	'T',	'a',	0xCC,
	'm',	0x8C,	0xAD,	'e',	0x90,	0x7E,	'G',	0x80,
	'v',	0x3A,	'y',	'v',	0x32,	0x7B,	0x5B,	0x24,
	0x3C,	'R',	0x21,	0x32,	'U',	0x22,	0x37,	'a',
	0x26,	'L',	0x5F,	0x24,	0x38,	'j',	0x25,	0x3A,
	'p',	0x2E,	'T',	0x86,	0x2F,	'Y',	0x9A,	0x33,
	'h',	0x9A,	0x33,	'c',	'L',	0x17,	0x23,	0x25,
	0x9,	0xB,	0x1C,	0x6,	0x3,	0x26,	0x9,	0xA,
	0x1D,	0x6,	0x4,	0x1C,	0x6,	0x3,	0x17,	0x4,
	0x0,	0x1A,	0x5,	0x2,	0x20,	0x9,	0x6,	0x23,
	0xA,	0x8,	0x26,	0xB,	0xC,	0x23,	0xA,	0x9,
	0x23,	0xA,	0x8,	0x26,	0xC,	0xB,	0x27,	0xE,
	0xD,	0x26,	0xC,	0xC,	0x1A,	0x6,	0x2,	0x17,
	0x4,	0x0,	0x1A,	0x6,	0x2,	0x20,	0xA,	0xA,
	0x22,	0xB,	0xC,	0x28,	0xF,	0x11,	0x2F,	0x15,
	0x1B,	0x1D,	0x8,	0x4,	0x24,	0xE,	0xC,	'D',
	0x24,	0x2F,	'y',	'O',	'y',	0xB9,	0x95,	0xDB,
	0xC4,	0xB4,	0xD3,	0xAA,	0xAE,	0x96,	0x8B,	0x7E,
	'a',	'h',	'e',	0x3D,	'U',	'R',	0x2B,	'O',
	'O',	0x2B,	'I',	'I',	0x25,	'E',	'H',	0x2F,
	'E',	'N',	'H',	'J',	0x5B,	0x60,	'J',	'a',
	'q',	'R',	'f',	0x9C,	0x5B,	'h',	0xBE,	'T',
	'b',	0xC1,	'a',	'r',	0xD5,	0xB1,	0xB8,	0xDF,
	0xAB,	0x90,	0xE0,	0x81,	0x3E,	0xE5,	'm',	0x2C,
	0xF1,	0xDA,	0x98,	0xF6,	0xE8,	0xC1,	0xFB,	0xED,
	0xC2,	0xF9,	0xE1,	0xC7,	0xEF,	0xE5,	0xB5,	0xE2,
	0xDA,	0xA1,	0xD5,	0xBA,	0x85,	0xD2,	0xA8,	0xAE,
	0xD8,	0xC0,	0xCD,	0xE0,	0xD9,	0xDA,	0xE0,	0xE7,
	0xE3,	0xE3,	0xEC,	0xE7,	0xE4,	0xD2,	0xC5,	0xCD,
	0xB7,	0x91,	'l',	0xA1,	'j',	0x32,	0x97,	'c',
	0x21,	0x91,	'f',	0x2D,	0x96,	'l',	0x33,	0x96,
	'e',	0x2E,	0xAF,	't',	0x37,	0xAF,	0x7F,	'C',
	0x90,	'a',	0x33,	0x97,	'i',	'C',	0xAE,	'r',
	'D',	0xAB,	'z',	'E',	0xB3,	'v',	'E',	0xC0,
	0x97,	0x5E,	0xC5,	0xA2,	'b',	0xCD,	0xB1,	'h',
	0xCF,	0xAC,	0x60,	0xD7,	0xBE,	'y',	0xDF,	0xBF,
	0x89,	0xE6,	0xBB,	't',	0xE7,	0xBC,	'o',	0xE7,
	0xB1,	'Y',	0xEA,	0xBC,	0x8A,	0xEE,	0xC1,	0xCB,
	0xF1,	0xCB,	0xD2,	0xF1,	0xCE,	0xCF,	0xEC,	0xBE,
	0xD0,	0xEE,	0xAE,	0xD1,	0xEF,	0xAE,	0xD2,	0xEE,
	0xB6,	0xD4,	0xED,	0xB4,	0xD5,	0xEE,	0xB7,	0xDE,
	0xED,	0xAC,	0xE7,	0xE9,	0x9F,	0xE2,	0xE6,	0xAE,
	0xE3,	0xE6,	0xB4,	0xE8,	0xDD,	0xAD,	0xE7,	0xCD,
	0x9B,	0xE5,	0xB4,	0x82,	0xE4,	0x96,	0x5B,	0xDD,
	0x87,	'O',	0xD7,	'p',	'E',	0xBD,	'g',	0x38,
	0xAB,	'S',	0x2C,	0x8E,	'H',	0x22,	'q',	'M',
	0x26,	'v',	0x3A,	0x1D,	's',	0x2A,	0x1A,	0x94,
	0x26,	0x19,	0x8A,	0x25,	0x15,	0x5E,	0x3B,	0x2C,
	'Q',	0x7B,	'I',	0x5E,	0xCF,	'f',	'r',	0x89,
	'J',	'K',	0x9E,	'V',	0x8A,	0xA3,	0x5D,	0x8A,
	0x7E,	'B',	0x7D,	'b',	0x2A,	'N',	'X',	0x24,
	0x3A,	'c',	0x29,	'B',	'b',	0x28,	'C',	0x5F,
	0x26,	0x3E,	0x5F,	0x25,	0x3F,	'p',	0x2C,	'M',
	'X',	0x22,	0x37,	'j',	0x27,	'K',	0x82,	0x30,
	'g',	0xC7,	0x83,	0xA0,	0xC3,	0xAF,	0xA9,	0xA0,
	0x2E,	'n',	0x2A,	0xB,	0xD,	0x1E,	0x6,	0x5,
	0x20,	0x8,	0x7,	0x1C,	0x6,	0x3,	0x18,	0x4,
	0x0,	0x18,	0x4,	0x0,	0x1C,	0x7,	0x3,	0x20,
	0x9,	0x7,	0x23,	0xA,	0x8,	0x23,	0xA,	0x8,
	0x23,	0xA,	0x8,	0x22,	0xA,	0xA,	0x23,	0xB,
	0xA,	0x26,	0xC,	0xC,	0x1E,	0x8,	0x5,	0x18,
	0x4,	0x0,	0x1A,	0x6,	0x2,	0x20,	0x9,	0x9,
	0x24,	0xB,	0xD,	0x26,	0xE,	0xF,	0x2E,	0x13,
	0x1B,	0x1D,	0x8,	0x7,	0x24,	0xE,	0xB,	'H',
	0x27,	0x32,	0x89,	'X',	0x85,	0xA9,	0x81,	0xD3,
	0xBF,	0xAA,	0xD1,	0xA7,	0xAD,	0x8E,	0x80,	'x',
	'K',	'h',	'c',	0x38,	'X',	'T',	0x2B,	'L',
	'G',	0x21,	'E',	'B',	0x1E,	'C',	'H',	0x2E,
	'J',	'R',	'J',	'M',	'W',	0x5B,	'Z',	0x5F,
	'r',	'n',	'q',	0xBF,	0x5D,	'f',	0xBD,	0x90,
	0x83,	0xD9,	0xB9,	0x83,	0xD8,	0xB9,	0x5C,	0xB6,
	0xC3,	0xB5,	0xE3,	0xBA,	0xA1,	0xEF,	0xBD,	0xA9,
	0xF3,	0xE0,	0xDA,	0xFC,	0xF0,	0xDF,	0xFF,	0xEB,
	0xBC,	0xF5,	0xE2,	0xB0,	0xE3,	'z',	'G',	0xA7,
	0xB9,	0xBC,	0xE4,	0xE5,	0xE4,	0xE6,	0xCB,	0xC5,
	0xD3,	0xC1,	0x9F,	0x88,	0xB2,	'n',	'B',	0x8E,
	'S',	0x25,	0x7D,	'K',	0x1C,	0x83,	'W',	0x2A,
	0x89,	'b',	0x35,	0x92,	'k',	0x3E,	0x98,	'k',
	'C',	0x97,	'k',	0x3E,	0xA1,	'u',	'F',	0xA7,
	'w',	'K',	0xA7,	'i',	0x28,	0x9A,	0x5E,	0x10,
	0x81,	'V',	0x19,	0x85,	'Y',	0x2C,	0x97,	'e',
	0x37,	0xA8,	'r',	0x3C,	0xAD,	'v',	'B',	0xB8,
	0x88,	'K',	0xC3,	0xB1,	'f',	0xCC,	0xB3,	'h',
	0xCA,	0x9F,	0x5B,	0xD5,	0xB3,	'g',	0xDA,	0xB3,
	'g',	0xD3,	0x93,	'Q',	0xD4,	0x7E,	'H',	0xDD,
	0x8D,	'J',	0xE7,	0xA7,	'k',	0xEE,	0xBA,	0x9E,
	0xF3,	0xC7,	0xCA,	0xF5,	0xC8,	0xD1,	0xF3,	0xC7,
	0xD4,	0xF5,	0xC1,	0xD6,	0xF5,	0xCF,	0xD9,	0xF4,
	0xD0,	0xDB,	0xF4,	0xCF,	0xE4,	0xF3,	0xDD,	0xF1,
	0xF3,	0xC9,	0xF5,	0xF3,	0xDA,	0xF5,	0xEF,	0xD7,
	0xED,	0xEA,	0xB5,	0xE4,	0xE6,	0xBC,	0xE9,	0xDF,
	0xBB,	0xE8,	0xCD,	0xA1,	0xE5,	0xB2,	0x7B,	0xE1,
	0xA1,	'e',	0xDD,	0x96,	0x60,	0xDD,	0x7D,	'J',
	0xCC,	'f',	0x3A,	0xA5,	'G',	0x25,	0x91,	0x31,
	0x1B,	0x8D,	0x2E,	0x16,	'v',	0x2A,	0x18,	0x91,
	0x2C,	0x20,	0x98,	0x29,	0x19,	'd',	'X',	0x40,
	'h',	0xAD,	'U',	'd',	0xB4,	0x5D,	'f',	0x8D,
	'P',	'h',	0xA3,	0x5C,	0x8D,	0x86,	'O',	0x87,
	'x',	0x3E,	0x7C,	'X',	0x24,	0x3C,	'Q',	0x21,
	0x2C,	'b',	0x28,	'A',	'j',	0x2B,	'B',	0x5D,
	0x25,	0x3C,	0xA9,	0x39,	0x7F,	0x80,	0x2E,	'S',
	'k',	0x2A,	'L',	0x5C,	0x22,	0x3C,	0x7D,	0x2F,
	0x5F,	0xC7,	0x85,	0xA0,	0xB6,	'G',	0x7B,	0xA9,
	0x3F,	0x81,	'k',	0x25,	'C',	0x3D,	0x14,	0x1C,
	0x20,	0x7,	0x5,	0x26,	0xA,	0x9,	0x18,	0x4,
	0x0,	0x18,	0x4,	0x0,	0x1A,	0x6,	0x2,	0x1C,
	0x7,	0x3,	0x21,	0x9,	0x6,	0x23,	0xB,	0x8,
	0x20,	0x9,	0x7,	0x21,	0x9,	0x7,	0x21,	0x9,
	0x7,	0x21,	0x9,	0x7,	0x1E,	0x8,	0x6,	0x1A,
	0x6,	0x2,	0x1A,	0x6,	0x2,	0x20,	0x9,	0x9,
	0x22,	0xD,	0xC,	0x23,	0xD,	0xC,	0x27,	0xE,
	0x10,	0x23,	0xC,	0xB,	0x1F,	0xA,	0x4,	'I',
	0x2B,	0x31,	'r',	'I',	'b',	0x97,	'i',	0x96,
	0xBF,	0xB2,	0xC9,	0xA7,	0xAE,	0x87,	0x7E,	'y',
	'D',	'b',	0x5B,	0x28,	'T',	'K',	0x1E,	'N',
	'H',	0x1A,	'I',	'L',	0x21,	'H',	'H',	0x24,
	0x5B,	'W',	'A',	'r',	'm',	0x89,	0x82,	'y',
	0xC5,	'i',	'g',	0xAA,	0x99,	'Z',	0xB7,	0xCF,
	0x84,	0xD7,	0xE1,	0xB9,	0xE3,	0xCF,	0xB1,	0xDF,
	0xCF,	0xB6,	0xED,	0xF1,	0xCD,	0xFC,	0xED,	0xDD,
	0xFD,	0xE3,	0xDE,	0xF7,	0xC5,	0x9C,	0xEE,	0x82,
	'c',	0xE7,	0xAC,	0xB1,	0xE7,	0xEE,	0xEB,	0xF2,
	0xF0,	0xE5,	0xE7,	0xC8,	0x83,	'S',	0xAC,	0x5C,
	0x26,	0xAD,	'v',	'B',	0xA0,	's',	'I',	0x7F,
	0x5E,	0x40,	0x7E,	0x5E,	'F',	0x84,	0x5E,	0x3F,
	0x8E,	'd',	0x40,	0x9B,	'n',	'I',	0xA5,	'o',
	'M',	0xA6,	'r',	'L',	0xA0,	'o',	'B',	0xB8,
	0xA9,	0x87,	0xC3,	0xC1,	0xCD,	0xD9,	0xD7,	0xDB,
	0xDC,	0xDA,	0xD7,	0xB8,	0xA9,	0x91,	0xB2,	0x85,
	0x5F,	0xB4,	0x7B,	'J',	0xC7,	0xA8,	'm',	0xC6,
	0x9E,	'd',	0xC6,	0xA0,	'b',	0xBF,	0x89,	'P',
	0xB6,	0x7B,	'I',	0xC3,	0x98,	'c',	0xD4,	0xAD,
	's',	0xD2,	0x95,	'Z',	0xCA,	'r',	'B',	0xCD,
	'r',	'A',	0xD3,	'o',	'I',	0xE0,	0x88,	0x8A,
	0xE9,	0xB9,	0xCA,	0xEE,	0xB4,	0xCD,	0xF4,	0xC5,
	0xD0,	0xF6,	0xD8,	0xD7,	0xF7,	0xD7,	0xE0,	0xF7,
	0xDF,	0xE5,	0xF6,	0xE4,	0xF0,	0xF6,	0xE3,	0xF4,
	0xF5,	0xE2,	0xF7,	0xF4,	0xDD,	0xF6,	0xF1,	0xCF,
	0xF4,	0xF1,	0xC7,	0xF1,	0xED,	0xD5,	0xED,	0xE7,
	0xCF,	0xEB,	0xDF,	0xB5,	0xE7,	0xCB,	0x9F,	0xE3,
	0xB0,	0x7B,	0xDF,	0xC7,	0x98,	0xDF,	0x89,	'R',
	0xD8,	'S',	0x33,	0xB6,	0x2F,	0x1D,	0xA0,	0x29,
	0x16,	0x95,	0x32,	0x1D,	0x9D,	0x2A,	0x1D,	0x99,
	0x2B,	0x1F,	0x91,	0x34,	0x23,	'v',	0xAC,	'P',
	0x96,	0xC1,	'V',	'w',	0x94,	'S',	'M',	0x8A,
	'O',	'l',	0x97,	'X',	0x88,	't',	'E',	0x80,
	'n',	0x35,	'y',	'V',	0x23,	0x37,	'O',	0x20,
	0x2A,	'f',	0x29,	0x40,	'k',	0x29,	0x3E,	'z',
	0x2C,	'K',	0x95,	0x30,	0x5D,	0x7C,	0x2D,	'K',
	'w',	0x2B,	'O',	'g',	0x26,	'D',	0x81,	0x31,
	'w',	0xA1,	0x37,	'y',	0x9F,	0x3B,	'w',	0xAD,
	0x3E,	0x7C,	0x8B,	0x30,	0x5F,	'z',	0x2A,	'T',
	'E',	0x16,	0x24,	0x2F,	0xE,	0x12,	0x18,	0x4,
	0x0,	0x18,	0x4,	0x0,	0x1A,	0x6,	0x2,	0x1C,
	0x7,	0x3,	0x20,	0x9,	0x7,	0x20,	0x9,	0x7,
	0x21,	0x9,	0x7,	0x21,	0x9,	0x7,	0x20,	0x9,
	0x7,	0x20,	0x9,	0x7,	0x1E,	0x8,	0x6,	0x1C,
	0x7,	0x4,	0x1C,	0x7,	0x4,	0x23,	0xD,	0xC,
	0x22,	0xA,	0x9,	0x22,	0xD,	0xC,	0x28,	0xF,
	0x10,	0x27,	0xF,	0xC,	0x20,	0xA,	0x4,	0x3A,
	0x1E,	0x1E,	'h',	'A',	'X',	0x7E,	'U',	'p',
	0xBB,	0xA6,	0xAA,	0xA6,	0x9E,	'i',	0x81,	0x7D,
	0x3F,	0x60,	'X',	0x27,	0x5B,	'X',	0x28,	'a',
	'g',	0x36,	'Y',	0x5F,	0x35,	'S',	'R',	0x28,
	'Q',	'L',	0x34,	'u',	'g',	0x82,	0xAB,	0x8B,
	0xCD,	0xE4,	0xCD,	0xDD,	0xE1,	0xC7,	0xDC,	0xD7,
	0x93,	0xDF,	0xE1,	0xCE,	0xF3,	0xEF,	0xE9,	0xFD,
	0xCF,	0xC4,	0xF4,	0xA2,	'b',	0xEF,	'V',	0x29,
	0xF4,	0x40,	0x26,	0xEB,	0x96,	'y',	0xE7,	0xC7,
	0xB3,	0xE5,	0xE9,	0xD9,	0xDC,	0xE7,	0xC7,	0xB2,
	0xB6,	'l',	0x34,	0x90,	0x5C,	0x31,	0x83,	'Y',
	0x33,	0x90,	'e',	0x3D,	0x93,	'j',	'J',	0x8D,
	'b',	'L',	0x89,	'b',	'P',	0x98,	'j',	'H',
	0x9B,	'i',	'I',	0xA2,	'o',	'O',	0xAA,	0x7C,
	'O',	0xAB,	0x8D,	'J',	0xB4,	0xAA,	'm',	0xCE,
	0xCD,	0xD1,	0xE4,	0xE4,	0xE0,	0xE8,	0xE5,	0xE0,
	0xD1,	0xC2,	0xC2,	0xBF,	0x7F,	'M',	0xB9,	'm',
	0x39,	0xB6,	'c',	0x2E,	0xBD,	'j',	0x3B,	0xBE,
	'g',	0x40,	0xB5,	'Y',	0x39,	0xBD,	0x5E,	0x3F,
	0xBC,	'c',	'D',	0x9E,	'a',	0x3D,	0x87,	0x60,
	0x36,	0x92,	'd',	0x33,	0xAD,	'd',	0x35,	0xCE,
	'x',	'I',	0xE6,	0x93,	'S',	0xEA,	0xA2,	0x7B,
	0xE3,	0x84,	0xCB,	0xDA,	'p',	0xD5,	0xE3,	0x8D,
	0xD8,	0xF1,	0xC0,	0xD7,	0xF8,	0xDD,	0xE1,	0xF9,
	0xE4,	0xED,	0xF7,	0xE3,	0xF0,	0xF7,	0xE4,	0xF2,
	0xF6,	0xE2,	0xF1,	0xF4,	0xE1,	0xF3,	0xEF,	0xD5,
	0xF1,	0xE8,	0xC8,	0xEF,	0xE6,	0xCF,	0xEE,	0xE1,
	0xBF,	0xEB,	0xDB,	0xAF,	0xE7,	0xBB,	0x7E,	0xDF,
	0xA5,	'r',	0xDE,	0xA7,	'd',	0xDB,	'J',	0x34,
	0xBC,	0x39,	0x24,	0xB8,	'W',	0x34,	0xC8,	'v',
	0x3E,	0xD5,	0x9C,	'S',	0xD3,	0x2E,	0x28,	0xA1,
	0x2E,	0x24,	0x91,	'S',	0x34,	0x88,	0xC2,	'd',
	0xA5,	0xC3,	0x5D,	'n',	0x87,	'L',	'M',	0x8D,
	'O',	'e',	0x7C,	'L',	'V',	't',	'E',	0x80,
	'f',	0x33,	'x',	'T',	0x27,	0x32,	'U',	0x22,
	0x32,	'W',	0x23,	0x37,	0x60,	0x29,	'J',	0x86,
	0x34,	'w',	'f',	0x27,	'O',	'h',	0x2B,	'J',
	'g',	0x27,	'A',	'k',	0x2A,	'K',	0x95,	0x39,
	0x85,	0x7F,	0x2D,	'T',	0x9C,	0x39,	'y',	0xB3,
	0x38,	'z',	0x97,	0x34,	'w',	0x94,	0x2C,	'g',
	'Z',	0x1F,	0x35,	'H',	0x19,	0x28,	0x18,	0x4,
	0x0,	0x1A,	0x6,	0x2,	0x18,	0x4,	0x0,	0x1C,
	0x7,	0x3,	0x23,	0xA,	0x8,	0x23,	0xA,	0x8,
	0x22,	0xA,	0xA,	0x20,	0x9,	0x7,	0x23,	0xB,
	0xA,	0x20,	0x9,	0x8,	0x1E,	0x8,	0x7,	0x1E,
	0x8,	0x7,	0x1E,	0x8,	0x7,	0x20,	0x9,	0x9,
	0x22,	0xA,	0xA,	0x23,	0xD,	0xC,	0x29,	0xF,
	0x13,	0x2F,	0x16,	0x17,	0x1D,	0x7,	0x1,	0x2E,
	0x17,	0x12,	0x5D,	0x3C,	'E',	0x83,	0x5E,	'o',
	0xA5,	0x7B,	0x89,	0xA5,	0x9A,	'a',	0x81,	0x80,
	0x3E,	'u',	'n',	0x35,	'n',	'd',	0x3B,	'h',
	'o',	'N',	'p',	'p',	'i',	'z',	't',	0x87,
	'w',	'b',	'q',	0x8E,	'K',	'E',	0xC3,	0x5F,
	0x9D,	0xD7,	0x8B,	0xDC,	0xC2,	0xB8,	0xE7,	0xD5,
	0xD7,	0xF1,	0xB5,	0xB0,	0xEB,	0xB7,	0x80,	0xE7,
	0xB3,	'd',	0xE0,	0xBD,	'W',	0xED,	'v',	'O',
	0xEF,	'g',	'Y',	0xDF,	0xA8,	'Y',	0x80,	0xD1,
	0x7C,	0x40,	0xC2,	't',	0x2B,	0x97,	0x5D,	0x2C,
	0xA5,	'h',	0x37,	0xB0,	'm',	0x3C,	0xA2,	'f',
	0x38,	0x95,	'e',	0x40,	0x9A,	'm',	'P',	0x9A,
	'i',	'U',	0x96,	'k',	'Y',	0x9E,	'l',	'R',
	0xA5,	'l',	'K',	0xAC,	0x82,	'E',	0xA2,	0x89,
	0x3A,	0xA2,	0x8B,	0x3D,	0xA0,	'l',	0x2E,	0xAA,
	0x5B,	0x1C,	0xBA,	0x5D,	0x13,	0xBD,	0x60,	0x1C,
	0xB6,	'P',	0x1A,	0xA3,	'I',	0x1E,	0xA0,	'I',
	0x1E,	0x8D,	'A',	0x19,	0x84,	0x3D,	0x15,	0x8A,
	'F',	0x19,	0xB9,	'V',	0x1C,	0xD9,	0x95,	0x2D,
	0xD6,	0x7C,	0x21,	0xCF,	'y',	0x24,	0xBF,	'g',
	0x25,	0x88,	'X',	0x21,	'b',	'P',	0x1F,	0x7B,
	'a',	0x26,	0xB3,	'q',	0x30,	0xE5,	0xAC,	'k',
	0xEE,	0xB6,	0xBD,	0xE9,	0x92,	0xCF,	0xE1,	0x99,
	0xD9,	0xE1,	0xAD,	0xE4,	0xEE,	0xD1,	0xEA,	0xF5,
	0xDF,	0xED,	0xF5,	0xDE,	0xEB,	0xF5,	0xE0,	0xF1,
	0xF5,	0xDB,	0xE6,	0xF2,	0xD5,	0xDD,	0xF2,	0xD9,
	0xE2,	0xEB,	0xCD,	0xF1,	0xCD,	0xAF,	0xE9,	0xD5,
	0xB4,	0xE4,	0xDD,	0xB4,	0xE1,	0xDF,	0xC1,	0xDF,
	0xD1,	0xAF,	0xE1,	0x95,	'X',	0xD9,	'j',	'C',
	0xD5,	'u',	'H',	0xE3,	0xA1,	'U',	0xE5,	0xCA,
	's',	0xE1,	'r',	'C',	0xCC,	0x31,	0x2B,	0x9F,
	0x34,	0x22,	0x90,	0x39,	0x22,	'y',	0xDE,	0x81,
	0xAD,	0xBA,	'd',	0x8F,	0x82,	'U',	0x7C,	0x8C,
	0x5C,	0x7B,	0x94,	'W',	0x7E,	0x8B,	'G',	0x82,
	0x60,	0x2F,	'S',	'c',	0x29,	'F',	'c',	0x2A,
	0x3E,	'd',	0x29,	'D',	'n',	0x2F,	0x7B,	0x84,
	0x36,	0x7F,	0x7B,	0x30,	0x7C,	'q',	0x2E,	'p',
	0xBB,	'D',	0x89,	0x81,	0x33,	'q',	0x89,	0x34,
	'v',	0x92,	0x35,	'p',	0x86,	0x30,	'b',	0xB0,
	0x39,	'z',	0x92,	0x30,	0x5F,	'p',	0x27,	'D',
	'K',	0x18,	0x23,	'K',	0x18,	0x24,	0x18,	0x4,
	0x0,	0x18,	0x4,	0x0,	0x18,	0x4,	0x0,	0x1A,
	0x6,	0x2,	0x1E,	0x8,	0x5,	0x20,	0x9,	0x7,
	0x22,	0xB,	0xA,	0x23,	0xB,	0xA,	0x20,	0xA,
	0x7,	0x20,	0x9,	0x7,	0x21,	0xA,	0x9,	0x1C,
	0x7,	0x5,	0x1C,	0x7,	0x5,	0x23,	0xC,	0xD,
	0x23,	0xD,	0xC,	0x24,	0xD,	0xD,	0x29,	0xF,
	0x10,	0x31,	0x18,	0x19,	0x25,	0xD,	0x8,	0x2C,
	0x16,	0xE,	0x5C,	0x3D,	0x3F,	0x7F,	'X',	'g',
	0x90,	'o',	'm',	0xA6,	0x9C,	'Z',	0xA5,	0x97,
	'c',	0x97,	'z',	'Q',	0xA9,	0x88,	'Y',	0x9E,
	0x81,	'D',	0x8B,	'm',	0x3B,	0xA0,	'o',	'S',
	0xB6,	'g',	'm',	0xBA,	'o',	0xA6,	0xBA,	0x8A,
	0xDB,	0xC4,	0xB7,	0xE7,	0xD0,	0xBF,	0xF1,	0xCB,
	0xC7,	0xEB,	0xA7,	'u',	0xE0,	0x9C,	'J',	0xD4,
	0x9D,	'X',	0xDC,	't',	'W',	0xDD,	0xA5,	'm',
	0xBF,	0xD1,	0x7B,	0x5C,	0xD3,	0x82,	0x3B,	0xC9,
	0x82,	0x3B,	0xAC,	'h',	0x37,	0xAF,	'h',	0x38,
	0xBB,	'u',	0x40,	0xB9,	0x7D,	'I',	0xAC,	'u',
	'K',	0x8E,	'b',	'K',	0x98,	'h',	'Q',	0xA1,
	'j',	'Q',	0xA0,	'j',	'V',	0xAF,	'x',	'O',
	0xA1,	'x',	0x3A,	'w',	0x60,	0x23,	'n',	'R',
	0x15,	0x91,	'Y',	0x12,	0xBA,	0x5C,	0x12,	0xD5,
	'w',	0x1E,	0xD6,	'v',	0x26,	0xC3,	'i',	0x26,
	0xBF,	'n',	0x2A,	0xC5,	'z',	0x2C,	0xB6,	'q',
	0x2B,	0xB9,	0x7D,	'A',	0xBA,	'm',	0x27,	0xC5,
	0x7C,	0x28,	0xE5,	0xD1,	'Y',	0xEE,	0xD9,	'u',
	0xF5,	0xDF,	'g',	0xF1,	0xDF,	'g',	0xE9,	0xCA,
	0x32,	0xD5,	0x95,	0x22,	0x94,	0x5D,	0x1D,	'Y',
	'I',	0x1F,	'X',	'K',	0x17,	'e',	'T',	0x18,
	0xA4,	'i',	0x3D,	0xE1,	0x9D,	0xC2,	0xF2,	0xC1,
	0xCF,	0xF0,	0xC2,	0xDB,	0xE1,	0xA9,	0xE3,	0xDC,
	0xB1,	0xE9,	0xEF,	0xDD,	0xF3,	0xF3,	0xD5,	0xE5,
	0xF3,	0xC7,	0xDB,	0xEF,	0xD2,	0xD9,	0xEC,	0xD2,
	0xE1,	0xED,	0xD1,	0xEF,	0xE3,	0xD1,	0xEA,	0xE4,
	0xD1,	0xE1,	0xE7,	0xCF,	0xD7,	0xE7,	0xD1,	0xD7,
	0xE2,	0xCE,	0xD9,	0xD8,	0xB8,	0xE3,	0xBD,	0x84,
	0xE3,	0xAE,	'b',	0xE5,	0xB3,	'd',	0xE4,	0xC9,
	0x7F,	0xDF,	'f',	'C',	0xBF,	0x31,	0x29,	0x9D,
	'N',	0x35,	0x9F,	0xC7,	0xB9,	0xE0,	0xDB,	0x93,
	0xC4,	0xAD,	'k',	0x9B,	0x8C,	0x5D,	0x8D,	0x9A,
	'i',	0x8A,	0x84,	'H',	'x',	'm',	0x37,	'd',
	'w',	0x38,	'a',	'l',	0x31,	'I',	't',	0x31,
	'T',	0x80,	0x34,	'o',	'k',	0x2E,	'x',	'c',
	0x2C,	'w',	'x',	0x31,	0x7B,	'u',	0x2F,	'y',
	0xC3,	0xB0,	0xAB,	0xB3,	'A',	0x82,	'x',	0x2A,
	'R',	'w',	0x2C,	'd',	0x97,	0x35,	'n',	0xBA,
	'A',	0x8C,	0x9E,	0x33,	0x5F,	'k',	0x24,	0x3E,
	'f',	0x22,	0x3A,	'G',	0x18,	0x22,	0x18,	0x4,
	0x0,	0x18,	0x4,	0x0,	0x1A,	0x6,	0x2,	0x1A,
	0x6,	0x2,	0x1C,	0x7,	0x4,	0x20,	0x9,	0x7,
	0x22,	0xA,	0xA,	0x22,	0xB,	0xA,	0x23,	0xB,
	0xC,	0x22,	0xB,	0xC,	0x22,	0xA,	0x9,	0x1C,
	0x7,	0x5,	0x1F,	0xA,	0x7,	0x1F,	0xA,	0x7,
	0x2D,	0x13,	0x18,	0x28,	0xE,	0x11,	0x27,	0xE,
	0xE,	0x2F,	0x14,	0x16,	0x37,	0x1C,	0x1B,	0x2D,
	0x18,	0xC,	'K',	0x31,	0x2C,	's',	'P',	'S',
	0x8E,	'h',	'a',	0xA5,	0x8F,	'V',	0x90,	0x7D,
	0x3A,	0xAB,	'x',	'X',	0xBB,	0x7B,	0x83,	0xD6,
	0xB2,	0xCD,	0xD6,	0xB3,	0xCC,	0xC8,	0x8D,	0xA1,
	0xB7,	'y',	0x9A,	0xA1,	'g',	0x9F,	0xBD,	0xB3,
	0xE4,	0xC1,	0xB9,	0xEE,	0xC4,	'j',	0xE2,	0xEA,
	0xB3,	0xE2,	0xEA,	0xDE,	0xEE,	0xAF,	0x88,	0xD9,
	0x9F,	'f',	'X',	0xD1,	0x7E,	'B',	0xDF,	0x82,
	'U',	0xCD,	0x82,	'B',	0xCF,	0x9A,	'A',	0xC9,
	0x98,	'H',	0xC1,	0x7F,	'D',	0xB1,	'l',	'F',
	0xA3,	'g',	'B',	0xAA,	'm',	'H',	0xA7,	'l',
	'Z',	0xA8,	'o',	'T',	0xAC,	'n',	'I',	0xA9,
	'j',	'G',	0x85,	'T',	0x3C,	0x83,	0x5E,	0x2A,
	0x5C,	0x3F,	0xF,	0x5D,	0x3D,	0x6,	0x8C,	'S',
	0xB,	0xC9,	's',	0x16,	0xE2,	0x8C,	0x1C,	0xEC,
	0xC7,	0x3B,	0xEA,	0xC0,	0x3F,	0xCC,	0xAE,	'X',
	0xBF,	0x87,	0x40,	0xC2,	0x94,	'H',	0xAE,	0x7D,
	'T',	0x9B,	'q',	0x5B,	0x98,	0x5F,	0x35,	0xA3,
	'h',	'A',	0xD5,	0xB1,	0x8C,	0xE1,	0xD1,	0xB7,
	0xFA,	0xEF,	0xDB,	0xFD,	0xF3,	0xE0,	0xFA,	0xE8,
	0xA4,	0xF8,	0xE5,	'd',	0xEB,	0xCD,	'B',	0xD5,
	0xA3,	0x36,	0x8A,	'W',	0x19,	0x3D,	0x36,	0x9,
	'E',	0x3E,	0x6,	0x5B,	'O',	0xA,	0xC1,	'o',
	'F',	0xEE,	0xBF,	0xC8,	0xF5,	0xD8,	0xD5,	0xE9,
	0xD5,	0xE1,	0xE5,	0xD6,	0xEB,	0xED,	0xDB,	0xEB,
	0xEA,	0xC5,	0xE0,	0xED,	0xD4,	0xDD,	0xED,	0xD0,
	0xE5,	0xEB,	0xD6,	0xEA,	0xE7,	0xD5,	0xEA,	0xE9,
	0xD7,	0xE6,	0xE8,	0xD4,	0xD7,	0xE5,	0xD1,	0xD5,
	0xE4,	0xD3,	0xDB,	0xE2,	0xD4,	0xDF,	0xD6,	0xB3,
	0xE5,	0xD3,	0xAD,	0xE5,	0xCD,	'k',	0xE1,	0xA9,
	'V',	0xDD,	0x81,	0x5B,	0xCF,	0x37,	0x30,	0x9D,
	0x5D,	0x3D,	0xA8,	0xD7,	0xCA,	0xD9,	0xCC,	0x98,
	0xD3,	0x5E,	'K',	0x7C,	0x8A,	'Z',	0x8C,	0x92,
	0x5E,	0x89,	'w',	'F',	'z',	't',	0x3B,	'i',
	'm',	0x33,	'f',	'c',	0x31,	'H',	0xBE,	'Z',
	0x89,	'b',	0x2A,	'U',	'd',	0x28,	'U',	'q',
	0x31,	'x',	'g',	0x28,	'O',	0x5E,	0x24,	0x3B,
	0x98,	0x2F,	'X',	0xA6,	0x31,	0x80,	'l',	0x26,
	'C',	'd',	0x25,	'A',	0x83,	0x2F,	'l',	0x98,
	0x2F,	0x5D,	0xC5,	0x3A,	0x87,	0xAA,	0x33,	'n',
	0x80,	0x2B,	'H',	0x5F,	0x22,	0x38,	0x18,	0x4,
	0x0,	0x18,	0x4,	0x0,	0x1A,	0x6,	0x2,	0x1A,
	0x6,	0x2,	0x1A,	0x6,	0x2,	0x1E,	0x8,	0x6,
	0x22,	0xB,	0xA,	0x23,	0xB,	0xA,	0x20,	0xA,
	0x8,	0x23,	0xC,	0xC,	0x21,	0xA,	0xA,	0x21,
	0xC,	0xA,	0x1C,	0x7,	0x5,	0x1C,	0x7,	0x5,
	0x28,	0x10,	0x11,	0x2A,	0x13,	0x14,	0x2D,	0x13,
	0x14,	0x30,	0x14,	0x15,	0x38,	0x1D,	0x1B,	0x34,
	0x1B,	0x13,	'L',	0x2F,	0x28,	'r',	'Q',	'Q',
	0x97,	'o',	'p',	0xBB,	0x99,	'o',	0xB7,	0x96,
	'f',	0xAF,	0x83,	'T',	0xB1,	0x82,	0x5E,	0xC3,
	0x9D,	0x84,	0xD0,	0xA9,	0x9E,	0xBE,	0x89,	0xB0,
	0x9D,	'i',	0xA3,	'c',	'J',	0xAB,	0x84,	'h',
	0xE2,	0xD6,	0xAB,	0xEA,	0xDC,	0xA3,	0xE5,	0xC5,
	0x8B,	0xDE,	0x9E,	'k',	0x99,	0xB3,	'b',	'B',
	0xE7,	0x95,	0x33,	0xDA,	0x8D,	'C',	0xC4,	0x85,
	'J',	0xC9,	0x8B,	'C',	0xD7,	0xBF,	'Z',	0xD8,
	0xCB,	'z',	0xCF,	0xA8,	'b',	0xB6,	0x82,	'R',
	0xA9,	'j',	'I',	0x90,	0x5B,	'U',	0xB0,	'r',
	'O',	0xC1,	0x94,	'R',	0xB5,	'w',	'B',	0xA5,
	'm',	0x3B,	0x5E,	0x3D,	0x17,	'I',	0x2F,	0x5,
	'J',	0x2E,	0x4,	0xA6,	'X',	0x9,	0xEC,	0xA8,
	0x13,	0xF7,	0xE1,	0x3D,	0xF9,	0xE8,	'O',	0xF7,
	0xEB,	0x7F,	0xF4,	0xEC,	0x94,	0xC5,	0xBC,	0x7C,
	0xAE,	0x86,	'V',	0x8D,	0x60,	'A',	'u',	'Q',
	'D',	'r',	'U',	'Q',	'a',	'B',	0x31,	'a',
	0x40,	0x34,	0x96,	0x5C,	'S',	'r',	'W',	'M',
	0xE3,	0xDF,	0xD9,	0xFF,	0xFA,	0xF1,	0xFF,	0xF1,
	0xD1,	0xFF,	0xF5,	0xE1,	0xFE,	0xED,	0xCE,	0xFA,
	0xE6,	't',	0xEB,	0xA9,	0x29,	0xBF,	'D',	0xB,
	'J',	0x27,	0x6,	0x3E,	0x31,	0x9,	'A',	0x38,
	0x3,	0x94,	'V',	0x13,	0xE6,	0xBE,	0xC9,	0xF9,
	0xDF,	0xDD,	0xF9,	0xE6,	0xEC,	0xF7,	0xE1,	0xE7,
	0xF3,	0xD9,	0xDD,	0xF1,	0xD9,	0xDD,	0xEC,	0xD4,
	0xDF,	0xEA,	0xD0,	0xE4,	0xEB,	0xD9,	0xE5,	0xEB,
	0xD9,	0xE7,	0xE9,	0xD9,	0xE4,	0xE5,	0xD5,	0xDD,
	0xE3,	0xD6,	0xDF,	0xE3,	0xD2,	0xE0,	0xDD,	0xBB,
	0xE4,	0xD2,	0x8E,	0xE3,	0xBB,	0x5C,	0xDF,	0xAD,
	'P',	0xDF,	0x8F,	'T',	0xCB,	0x3A,	0x32,	0xA1,
	0xE6,	0xE4,	0xF1,	0xDE,	0xD7,	0xE3,	0xAA,	0x5F,
	0xA9,	'I',	'C',	'r',	'e',	'Q',	0x86,	0x85,
	'Y',	0x89,	0x7B,	'J',	'x',	'f',	0x35,	'G',
	'c',	0x32,	'i',	'd',	0x31,	'W',	'q',	0x31,
	0x5C,	0x80,	0x3C,	'z',	'm',	0x2E,	'b',	'i',
	0x2A,	'X',	'e',	0x29,	'D',	'a',	0x28,	'K',
	'r',	0x29,	'D',	0x8B,	0x2F,	'b',	'c',	0x23,
	0x3E,	'a',	0x22,	0x40,	0x7D,	0x2E,	'm',	'u',
	0x28,	'V',	0xC3,	0x40,	0x89,	0xC7,	'S',	0x92,
	0xB7,	0x38,	'h',	'W',	0x1F,	0x34,	0x18,	0x4,
	0x0,	0x18,	0x4,	0x0,	0x1A,	0x6,	0x2,	0x1A,
	0x6,	0x2,	0x1A,	0x6,	0x2,	0x1E,	0x8,	0x6,
	0x20,	0x9,	0x8,	0x23,	0xB,	0xC,	0x23,	0xB,
	0xC,	0x23,	0xC,	0xD,	0x24,	0xD,	0xC,	0x24,
	0xC,	0xD,	0x1C,	0x7,	0x5,	0x1F,	0xA,	0x7,
	0x1F,	0xA,	0x7,	0x2C,	0x14,	0x14,	0x36,	0x19,
	0x1E,	0x38,	0x19,	0x1E,	0x34,	0x1A,	0x18,	'B',
	0x25,	0x23,	'B',	0x29,	0x1A,	'o',	'K',	'B',
	0x9C,	'p',	'p',	0x9E,	'z',	'C',	0xAF,	0x86,
	'A',	0xB7,	0x88,	'f',	0xC9,	0xAE,	0xB5,	0xDF,
	0xC8,	0xD3,	0xCE,	0xAF,	0xD3,	0xA9,	'd',	0xA7,
	0xA1,	'n',	0xD7,	0xB3,	0x7F,	0xE4,	0xE7,	'e',
	0xE0,	0xEF,	0x85,	0xE0,	0xA5,	0x60,	0xD1,	0xC5,
	'Q',	0x60,	0xD1,	0x5E,	0x36,	0xB8,	'C',	'R',
	0xBE,	'g',	'F',	0xC7,	0x7D,	'A',	0xD9,	0xB1,
	'g',	0xD7,	0x93,	'J',	0xD4,	0x9C,	'O',	0xD7,
	0xCB,	0x7F,	0xC6,	0x9E,	'd',	0xBB,	0x88,	'f',
	0xB3,	0x7E,	'x',	0xB6,	'x',	'O',	0xB3,	'q',
	'B',	0xB9,	0x7C,	0x3D,	0x9B,	'f',	0x2E,	'd',
	'D',	0x14,	'M',	0x2F,	0x5,	'Q',	0x33,	0x8,
	's',	0x3F,	0x6,	0xED,	0x9F,	0x12,	0xFD,	0xDD,
	0x24,	0xFF,	0xEF,	'c',	0xFF,	0xF5,	0x7E,	0xFE,
	0xF5,	0xA5,	0xF9,	0xF3,	0xD4,	0xC3,	0xB9,	'm',
	0x8F,	'h',	'E',	'i',	'J',	0x35,	0x5C,	0x3F,
	0x33,	'b',	'D',	'A',	'V',	0x3B,	0x32,	'U',
	0x38,	0x38,	'l',	'A',	0x32,	0x40,	0x29,	0x22,
	0x9E,	0x7B,	'l',	0xFD,	0xF6,	0xDD,	0xFF,	0xFA,
	0xDD,	0xFF,	0xF8,	0xE4,	0xFF,	0xF5,	0xD7,	0xFF,
	0xEB,	0x8F,	0xFE,	0xE4,	'E',	0xFA,	0xD3,	0x26,
	0xEF,	0xD1,	0x2D,	0xCD,	'N',	0xB,	'U',	0x26,
	0x5,	0x2E,	0x26,	0x2,	'e',	'H',	0x4,	0xE2,
	0xCC,	0xBF,	0xF6,	0xDD,	0xD3,	0xF4,	0xDB,	0xD9,
	0xF3,	0xDB,	0xDD,	0xF2,	0xCB,	0xD9,	0xE9,	0xC7,
	0xD7,	0xE7,	0xD7,	0xDF,	0xEF,	0xDD,	0xE6,	0xED,
	0xDD,	0xE5,	0xED,	0xE1,	0xED,	0xEA,	0xDF,	0xE8,
	0xE3,	0xD5,	0xDF,	0xE2,	0xCC,	0xE0,	0xDC,	0xBF,
	0xE4,	0xC9,	0x98,	0xE5,	0xB8,	0x60,	0xE0,	0xB7,
	'O',	0xDE,	0xB7,	0x5E,	0xD6,	'K',	'C',	0xB1,
	0xCD,	0xCD,	0xE0,	0xDA,	0xC9,	0xDC,	0xC9,	0x97,
	0xD3,	'R',	'I',	'v',	'S',	0x3F,	'V',	'a',
	'I',	'j',	0x7D,	'V',	0x7C,	'y',	'K',	'p',
	'h',	0x35,	'd',	'n',	0x38,	'Z',	0xB9,	'n',
	0x98,	0x9E,	0x3D,	'i',	0x99,	0x39,	't',	'V',
	0x23,	'C',	'W',	0x23,	0x34,	'o',	0x2C,	0x5C,
	0x8F,	0x2D,	'd',	'h',	0x26,	0x3C,	'e',	0x26,
	0x3D,	'e',	0x27,	'O',	'z',	0x2C,	0x5B,	0x84,
	0x2E,	'n',	0x99,	0x30,	'g',	0xC8,	'Q',	0x91,
	0xBB,	'F',	0x90,	'W',	0x1D,	0x32,	0x17,	0x4,
	0x0,	0x18,	0x4,	0x0,	0x18,	0x4,	0x0,	0x1A,
	0x6,	0x2,	0x1A,	0x6,	0x2,	0x1A,	0x6,	0x2,
	0x1E,	0x8,	0x7,	0x20,	0xA,	0x7,	0x23,	0xB,
	0xC,	0x23,	0xC,	0xC,	0x24,	0xD,	0xC,	0x24,
	0xC,	0xD,	0x1F,	0xA,	0x7,	0x1F,	0xA,	0x7,
	0x1F,	0x8,	0x6,	0x1F,	0x8,	0x5,	0x36,	0x18,
	0x18,	0x3D,	0x1F,	0x22,	0x37,	0x1B,	0x17,	0x3F,
	0x23,	0x1E,	'D',	0x29,	0x1B,	'n',	'J',	0x3D,
	0xAD,	'z',	0x5C,	0xC6,	0xB8,	0x7F,	0xCC,	0xAC,
	0x88,	0xC7,	0x97,	0x8C,	0xD1,	0xA1,	0xB2,	0xE3,
	0xC2,	0xDB,	0xD2,	0xBA,	0xDC,	0x93,	'a',	0xCE,
	0x81,	'p',	0xE1,	0xB1,	0x5E,	0xE3,	0xD7,	0x5D,
	0xE3,	0xAF,	'b',	0xDF,	0xC7,	'E',	0x8F,	0xE5,
	'e',	0x2E,	0xDD,	'o',	0x37,	0xC5,	'c',	'C',
	0xC1,	'U',	'O',	0xD6,	'y',	'O',	0xDE,	0x93,
	0x5F,	0xD4,	0x8E,	'W',	0xCB,	0x8C,	'T',	0xCD,
	0x9E,	'i',	0xC0,	0x9A,	0x85,	0xB0,	0x81,	0x96,
	0xD5,	0xBF,	0x99,	0xC3,	0x93,	'X',	0xB6,	'y',
	0x3C,	0x8E,	0x5B,	0x28,	'Y',	0x38,	0xC,	'P',
	0x31,	0x5,	'f',	0x40,	0xB,	0x88,	'N',	0xC,
	0xE9,	0xC4,	0x2F,	0xF9,	0xDB,	0x3A,	0xFF,	0xD9,
	0x21,	0xFF,	0xF3,	0x5F,	0xFF,	0xF5,	0xAA,	0xFF,
	0xF6,	0x9D,	0xFA,	0xF3,	0xC7,	0xC9,	0xC1,	0x7C,
	'l',	'N',	0x35,	'S',	0x35,	0x22,	'R',	0x36,
	0x2B,	'I',	0x30,	0x27,	'G',	0x2C,	0x1F,	'H',
	0x2F,	0x23,	'F',	0x31,	0x29,	0x3E,	0x29,	0x21,
	'g',	'M',	0x35,	0xEA,	0xE7,	0xCE,	0xE7,	0xE3,
	0xCA,	0xFB,	0xF1,	0xD2,	0xFF,	0xF5,	0xD3,	0xFF,
	0xF1,	0xBF,	0xFF,	0xED,	0x97,	0xFF,	0xEF,	0xA7,
	0xFF,	0xE9,	'v',	0xF2,	0x8A,	0xF,	0xE7,	0x5D,
	0x9,	0x9F,	0x33,	0x3,	0x1A,	0x1E,	0x1,	0x28,
	0x28,	0x1,	0xD9,	0xB3,	'P',	0xF7,	0xDD,	0xCF,
	0xF5,	0xDD,	0xDD,	0xF1,	0xD1,	0xD7,	0xE8,	0xD7,
	0xDB,	0xE2,	0xD9,	0xE3,	0xF0,	0xE1,	0xE8,	0xF2,
	0xE6,	0xF1,	0xEF,	0xE4,	0xEB,	0xEE,	0xE3,	0xE9,
	0xE9,	0xDF,	0xE5,	0xE3,	0xD3,	0xE0,	0xE3,	0xD6,
	0xE3,	0xE1,	0xC1,	0xE5,	0xDC,	0x8C,	0xE3,	0xC7,
	0x5D,	0xDF,	0xBF,	0x5B,	0xDB,	'V',	'E',	0xB6,
	0x27,	0x15,	0x91,	0xD3,	0xCB,	0xDB,	0xD0,	0xA4,
	0xD5,	0x83,	'v',	0x9A,	'c',	'X',	0x83,	0x5C,
	'Q',	'x',	'f',	'J',	't',	'g',	0x36,	'R',
	'c',	0x33,	'T',	0x86,	'D',	0x80,	0xAB,	'R',
	0x8D,	'g',	0x2D,	'I',	0x5F,	0x27,	'K',	'f',
	0x28,	'D',	'd',	0x25,	'A',	'g',	0x27,	'E',
	0x8A,	0x32,	0x5C,	0xA2,	0x3A,	'm',	0x8D,	0x33,
	0x5E,	0x80,	0x31,	'j',	'm',	0x29,	'S',	'q',
	0x26,	0x5B,	0x83,	0x2E,	'h',	0xAB,	0x38,	'p',
	0xB7,	'C',	0x8A,	'v',	0x28,	'D',	0x17,	0x4,
	0x0,	0x18,	0x4,	0x0,	0x18,	0x4,	0x0,	0x1A,
	0x6,	0x2,	0x1A,	0x6,	0x2,	0x1A,	0x6,	0x2,
	0x21,	0xA,	0xA,	0x20,	0x9,	0x9,	0x23,	0xC,
	0xC,	0x22,	0xB,	0x9,	0x24,	0xC,	0xE,	0x24,
	0xD,	0xE,	0x23,	0xA,	0xB,	0x1F,	0xA,	0x7,
	0x1F,	0x8,	0x6,	0x1F,	0x8,	0x5,	0x26,	0xF,
	0x7,	0x3A,	0x1D,	0x1D,	0x3A,	0x1D,	0x1A,	0x37,
	0x1E,	0x16,	'I',	0x2C,	0x21,	'c',	'A',	0x30,
	0xA6,	'n',	0x5E,	0xB4,	0x8B,	'U',	0xB4,	0x7F,
	'S',	0x9F,	0x5F,	0x40,	0x8D,	'C',	0x3A,	'e',
	0x39,	'Y',	'T',	0x3A,	0x86,	'Y',	'L',	0xC7,
	0xAC,	'R',	0xE1,	0x9D,	'A',	0xD8,	'G',	0x37,
	0xBC,	'u',	0x3E,	0xB5,	0xC9,	0x36,	0x7B,	0xDF,
	'J',	'F',	0xDE,	'f',	'C',	0xD3,	'm',	0x40,
	0xDD,	0x7C,	0x60,	0xD5,	'o',	'l',	0xBB,	0x5C,
	'l',	0xD7,	0x8F,	'g',	0xD4,	0x83,	'Z',	0xBF,
	'w',	'o',	0xB3,	'z',	0x97,	0xBF,	0x85,	'o',
	0xDB,	0xBB,	'q',	0xCF,	0x9F,	'Z',	0xAF,	'q',
	0x36,	'a',	0x3E,	0xD,	'Q',	0x32,	0x6,	'n',
	'E',	0xE,	0xB2,	'g',	0x12,	0xEB,	0xA9,	0x1B,
	0xFA,	0xE9,	'R',	0xFC,	0xF1,	'f',	0xF9,	0xCF,
	0x25,	0xFD,	0xE9,	0x3E,	0xFF,	0xF1,	'y',	0xFF,
	0xFA,	0x8F,	0xFA,	0xF1,	0xA6,	0xD7,	0xCD,	0x7B,
	'i',	'S',	0x3F,	'G',	0x2B,	0x18,	'L',	0x33,
	0x24,	'E',	0x2E,	0x1D,	'C',	0x29,	0xD,	'H',
	0x31,	0x1E,	'F',	0x31,	0x28,	'D',	0x2E,	0x1F,
	'L',	0x34,	0x1B,	'Y',	'B',	0x2B,	0x40,	0x25,
	0x8,	0xB3,	0x86,	'U',	0xF9,	0xEE,	0xC9,	0xFF,
	0xF1,	0xC5,	0xFF,	0xF4,	0xCB,	0xFF,	0xF6,	0xD1,
	0xFF,	0xEB,	0x82,	0xF6,	0xD9,	0x1C,	0xFC,	0xE1,
	0x2A,	0xF4,	0x8D,	0xF,	0xB9,	0x20,	0x2,	0x1B,
	0x21,	0x2,	0x17,	0x4,	0x0,	0xD1,	0x81,	'F',
	0xF7,	0xDF,	0xD9,	0xF2,	0xD7,	0xDA,	0xEB,	0xD9,
	0xDB,	0xEB,	0xDB,	0xDF,	0xF1,	0xE5,	0xED,	0xF3,
	0xE8,	0xF0,	0xF1,	0xE3,	0xE4,	0xEE,	0xE1,	0xE1,
	0xEE,	0xE2,	0xE3,	0xEA,	0xE1,	0xE4,	0xE8,	0xE0,
	0xE5,	0xE6,	0xD7,	0xDF,	0xE1,	0xC4,	0xDE,	0xDD,
	0xB3,	0xE1,	0xB4,	'b',	0xDD,	'i',	'R',	0xC2,
	0x26,	0x1B,	0x90,	0xCB,	0xC5,	0xDA,	0xCE,	0xBD,
	0xD3,	0x7D,	'y',	0x9B,	'y',	0x7D,	0x90,	'i',
	'g',	0x86,	'B',	0x30,	'D',	0x35,	0x1C,	0x19,
	'V',	0x2E,	'j',	0x87,	'J',	0x80,	'y',	'B',
	0x84,	0x5D,	0x29,	'J',	'f',	0x29,	'P',	0x96,
	0x38,	0x7D,	'l',	0x28,	'L',	'x',	0x2F,	'j',
	0x7C,	0x2F,	0x60,	0xB2,	0x3C,	0x82,	0x9F,	0x33,
	'm',	0xC5,	'K',	0x92,	'x',	0x2A,	'U',	'o',
	0x26,	'P',	0xA4,	0x3C,	0x86,	0x93,	0x31,	0x5E,
	0xD5,	'X',	0xA9,	0xAD,	0x38,	'o',	0x17,	0x4,
	0x0,	0x18,	0x4,	0x0,	0x1A,	0x6,	0x2,	0x18,
	0x4,	0x0,	0x1A,	0x6,	0x2,	0x1A,	0x6,	0x2,
	0x1C,	0x7,	0x5,	0x1F,	0x8,	0x7,	0x21,	0xC,
	0xA,	0x24,	0xC,	0xE,	0x24,	0xC,	0xE,	0x24,
	0xD,	0xE,	0x23,	0xA,	0xB,	0x1F,	0xA,	0x7,
	0x1E,	0x8,	0x5,	0x21,	0xC,	0x7,	0x1F,	0xA,
	0x4,	0x24,	0xE,	0x6,	0x38,	0x1C,	0x19,	0x39,
	0x1E,	0x14,	0x33,	0x1C,	0xC,	'Q',	0x32,	0x29,
	0x85,	'W',	'X',	0x90,	'k',	0x3A,	'w',	'W',
	0x17,	0x88,	'M',	0x1D,	0x5E,	0x25,	0x1F,	'M',
	0x27,	0x5B,	'C',	0x2E,	0x92,	0x3B,	0x2D,	0xA3,
	'P',	0x2D,	0x9E,	0x2F,	0x25,	0x98,	'G',	0x2B,
	0x9E,	0x7B,	0x36,	0xB7,	0xC3,	'B',	0xB6,	0xDF,
	'L',	'w',	0xDC,	0x5F,	'H',	0xCC,	'Y',	'M',
	0xCE,	'i',	0x5D,	0xE1,	0x8C,	'n',	0xE3,	0xA1,
	'o',	0xE7,	0xA3,	0x5F,	0xDB,	0x83,	'f',	0xDF,
	0xB8,	0x85,	0xDE,	0xBD,	0x87,	0xDB,	0x9D,	'i',
	0xDD,	0xA4,	'l',	0xD3,	0xB7,	'l',	'p',	'N',
	0x13,	'P',	0x32,	0x5,	0x7D,	'K',	0xD,	0xC9,
	0x80,	0x17,	0xED,	0xB5,	0x1B,	0xF6,	0xC4,	0x1C,
	0xFB,	0xE0,	0x36,	0xFB,	0xEF,	0x5B,	0xF4,	0xD9,
	0x3C,	0xF6,	0xCF,	0x28,	0xFF,	0xF1,	'U',	0xFF,
	0xF4,	0x8A,	0xF6,	0xE7,	0x9E,	0xD9,	0xCC,	0x60,
	0x5C,	'L',	0x3B,	'C',	0x2F,	0x20,	'I',	0x33,
	0x24,	'H',	0x31,	0x1D,	'D',	0x2E,	0x6,	'G',
	0x32,	0x1F,	'E',	0x32,	0x2A,	'D',	0x2E,	0x17,
	'L',	0x33,	0x18,	0x8A,	'm',	'A',	'f',	'O',
	0x40,	'K',	0x2D,	0x16,	0xEE,	0xE8,	0xC7,	0xFF,
	0xFA,	0xBD,	0xFF,	0xFB,	0xCD,	0xFF,	0xF9,	0xCD,
	0xFF,	0xF5,	0x89,	0xFD,	0xF1,	0x98,	0xFF,	0xED,
	'O',	0xFF,	0xD1,	0x19,	0xE9,	0x3B,	0x5,	0xC9,
	0x2C,	0x3,	0x19,	0x13,	0x0,	0x17,	0x4,	0x0,
	0xD9,	0x8E,	'f',	0xF5,	0xE0,	0xDB,	0xF3,	0xE2,
	0xE3,	0xF1,	0xE2,	0xE4,	0xF1,	0xE3,	0xE5,	0xF2,
	0xE5,	0xE3,	0xF5,	0xE6,	0xE2,	0xF3,	0xE7,	0xE3,
	0xF1,	0xE4,	0xE4,	0xEF,	0xE5,	0xE9,	0xEF,	0xE9,
	0xED,	0xEC,	0xDE,	0xDF,	0xE5,	0xCC,	0xDC,	0xE3,
	0xC7,	0xE1,	0xBA,	'x',	0xDB,	0x5D,	'R',	0xB0,
	0x2C,	0x1D,	0x91,	0xD1,	0xCC,	0xDE,	0xAB,	0x83,
	0xB5,	'l',	0x7F,	0x97,	'p',	0x7D,	0x93,	'e',
	0x5C,	0x81,	0x3D,	0x28,	'U',	0x2E,	0x19,	0x16,
	0x3B,	0x1F,	0x32,	'f',	0x38,	'q',	'n',	0x3B,
	0x7E,	'l',	0x33,	'P',	'o',	0x30,	'V',	'k',
	0x2D,	'b',	0x82,	0x32,	'j',	'u',	0x2C,	'P',
	0x9B,	0x33,	'm',	0xA1,	0x39,	0x85,	0xAE,	0x36,
	0x87,	'n',	0x28,	'E',	0x9D,	0x34,	'w',	0x8A,
	0x2D,	'a',	0x95,	0x33,	0x60,	0x95,	0x35,	'j',
	0xC0,	'H',	0x9A,	0xC3,	'H',	0xA5,	0x17,	0x4,
	0x0,	0x17,	0x4,	0x0,	0x18,	0x4,	0x0,	0x1A,
	0x6,	0x2,	0x1A,	0x6,	0x2,	0x1A,	0x6,	0x2,
	0x1A,	0x6,	0x2,	0x1F,	0x9,	0x7,	0x24,	0xC,
	0xE,	0x24,	0xC,	0xE,	0x24,	0xC,	0xD,	0x23,
	0xD,	0xD,	0x24,	0xC,	0xE,	0x1F,	0xA,	0x7,
	0x20,	0xA,	0xA,	0x1F,	0xA,	0x7,	0x21,	0xB,
	0x7,	0x1F,	0xA,	0x1,	0x27,	0xF,	0x6,	'C',
	0x23,	0x23,	0x32,	0x19,	0xC,	'I',	0x29,	0x23,
	'u',	'J',	'N',	0x8A,	'd',	0x34,	0x8C,	0x5C,
	0x1F,	0x7B,	0x35,	0x13,	0x5E,	0x21,	0x36,	0x3A,
	0x20,	'b',	0x24,	0x13,	'o',	0x25,	0x14,	'p',
	0x22,	0x17,	'z',	0x33,	0x1C,	0x92,	'K',	0x27,
	0xA6,	0x86,	0x3E,	0xBE,	0xC9,	'Q',	0xCA,	0xDD,
	0x5E,	0x9E,	0xE1,	'p',	0x5B,	0xD8,	'l',	0x5B,
	0xD9,	0x7D,	0x5B,	0xEA,	0xA9,	'k',	0xEB,	0xD0,
	0x9C,	0xEB,	0xC9,	0x83,	0xE8,	0xB2,	'd',	0xE7,
	0xD3,	0x94,	0xE5,	0xD0,	0x96,	0xE1,	0xC3,	'u',
	0xD4,	0x88,	'J',	0x80,	'E',	0x13,	0x3B,	0x28,
	0x2,	'g',	0x3F,	0x8,	0xC1,	'h',	0xF,	0xF4,
	0xAD,	0x15,	0xFE,	0xD0,	0x1D,	0xF8,	0xCD,	0x1B,
	0xF5,	0xC2,	0x19,	0xF5,	0xD7,	0x37,	0xF9,	0xEB,
	'X',	0xF5,	0xE3,	'B',	0xFB,	0xF0,	'W',	0xF7,
	0xE9,	'h',	0xEC,	0xD9,	'X',	0xC8,	0xBF,	'I',
	0x5E,	'R',	0x38,	'C',	0x32,	0x1F,	'F',	0x32,
	0x22,	'I',	0x35,	0x1F,	'G',	0x34,	0x5,	'I',
	0x35,	0x15,	'G',	0x33,	0x1F,	'D',	0x32,	0x10,
	'r',	0x5C,	0x2A,	0xD7,	0xDF,	0x92,	0xB9,	0x9D,
	0x2F,	'c',	'C',	0x1A,	0xE1,	0xE3,	0xA7,	0xFF,
	0xFF,	0xC9,	0xFF,	0xFF,	0xD2,	0xFF,	0xFB,	0xB3,
	0xFF,	0xF8,	0x84,	0xFF,	0xF5,	0xB1,	0xFF,	0xE7,
	0x24,	0xFF,	0xD5,	0x1B,	0xF7,	'o',	0xB,	0xDF,
	0x35,	0x5,	'x',	0x22,	0x2,	0x19,	0xE,	0x0,
	0x18,	0xD,	0x0,	0xE0,	0xD5,	0xC9,	0xF5,	0xE7,
	0xE7,	0xF4,	0xE5,	0xE2,	0xF4,	0xE6,	0xE1,	0xF6,
	0xE9,	0xE9,	0xF7,	0xED,	0xED,	0xF7,	0xEF,	0xF0,
	0xF5,	0xEA,	0xEB,	0xF4,	0xED,	0xF1,	0xF3,	0xEB,
	0xF2,	0xED,	0xDF,	0xE1,	0xE9,	0xD1,	0xD9,	0xDD,
	0x83,	0xD9,	0xBB,	0x8C,	0xD7,	0x5B,	'W',	0xB4,
	0x37,	0x24,	0x94,	0xB2,	0xAA,	0xD7,	0xA1,	0x83,
	0xAE,	'j',	'q',	0x94,	0x5E,	'f',	0x89,	'f',
	'f',	0x81,	0x5E,	'I',	'p',	0x3D,	0x23,	0x32,
	'S',	0x32,	'c',	0x81,	'G',	't',	'm',	0x37,
	0x7C,	0x7F,	0x34,	0x7F,	'b',	0x28,	'N',	0x5D,
	0x25,	'C',	'v',	0x2C,	'Y',	0x9D,	0x37,	'q',
	0x92,	0x31,	'f',	0x88,	0x32,	0x81,	'q',	0x2A,
	0x60,	0xAA,	0x37,	'v',	0x89,	0x2E,	0x5C,	0x98,
	0x2F,	0x5E,	0xB9,	0x3C,	'u',	0xCC,	'U',	0xA5,
	0xD5,	0x5F,	0xAF,	0xC4,	'E',	0xA0,	0x17,	0x4,
	0x0,	0x17,	0x4,	0x0,	0x18,	0x4,	0x0,	0x1C,
	0x7,	0x5,	0x1C,	0x7,	0x5,	0x1A,	0x6,	0x2,
	0x1A,	0x6,	0x2,	0x1D,	0x7,	0x5,	0x22,	0xB,
	0xA,	0x23,	0xC,	0xE,	0x29,	0xF,	0x13,	0x27,
	0xE,	0xE,	0x27,	0xE,	0xF,	0x24,	0xD,	0xD,
	0x23,	0xB,	0xA,	0x1D,	0x9,	0x4,	0x23,	0xC,
	0x7,	0x24,	0xD,	0x4,	0x20,	0xA,	0x0,	0x29,
	0x12,	0x7,	0x3A,	0x1D,	0x14,	'O',	0x2F,	0x27,
	0x84,	'R',	'K',	0x91,	'c',	0x31,	0x91,	'V',
	0x1D,	's',	0x26,	0x20,	'O',	0x1C,	'J',	0x2F,
	0x15,	'a',	0x2F,	0x17,	'p',	0x24,	0x12,	'p',
	0x2D,	0x1A,	0x99,	'J',	0x24,	0xA4,	'P',	0x27,
	0xA0,	0xBB,	'C',	0xC1,	0xD7,	'e',	'x',	0xE6,
	0x82,	0x7C,	0xEB,	0xAD,	'o',	0xEB,	0xBB,	0x97,
	0xED,	0xBC,	0x7E,	0xED,	0xBD,	0x82,	0xEF,	0xC6,
	0x8A,	0xEF,	0xCB,	0x84,	0xED,	0xC3,	'r',	0xEB,
	0xC1,	'g',	0xE4,	0xC9,	'e',	0xDF,	0xC0,	'd',
	0x96,	'X',	0x23,	0x26,	0x1D,	0x1,	'A',	0x2A,
	0x4,	0x94,	'M',	0x8,	0xCA,	0x5B,	0x8,	0xE7,
	'p',	0xB,	0xED,	0x8F,	0xF,	0xE7,	0x80,	0xD,
	0xED,	0x9A,	0x11,	0xEC,	0xA7,	0x1A,	0xF5,	0xE4,
	0x3D,	0xF4,	0xE6,	'T',	0xF1,	0xE4,	'R',	0xF1,
	0xE8,	'g',	0xE9,	0xE0,	'W',	0xCF,	0xD7,	'X',
	't',	'y',	'F',	0x40,	0x2E,	0x18,	'G',	0x32,
	0x18,	'J',	0x36,	0x16,	'B',	0x2D,	0x4,	'G',
	0x36,	0xD,	'D',	0x34,	0xD,	'M',	0x3C,	0xD,
	0xB3,	0xAE,	0x3A,	0xEE,	0xF6,	0xC7,	0xE2,	0xE1,
	0x92,	'k',	'S',	0x21,	0xAD,	0x8B,	0x22,	0xF8,
	0xF9,	0xC6,	0xFF,	0xFF,	0xC7,	0xFF,	0xF8,	0x5B,
	0xFF,	0xFA,	0x94,	0xFF,	0xED,	'C',	0xFF,	0xE1,
	0x1F,	0xFF,	0xDD,	0x1E,	0xF7,	0xC6,	0x16,	0xE7,
	'X',	0x9,	0xE1,	0x3A,	0x5,	'o',	0x1D,	0x1,
	0x18,	0x6,	0x0,	'O',	'K',	0x5,	0xE3,	0xD9,
	0xCD,	0xF7,	0xED,	0xED,	0xF7,	0xF1,	0xF5,	0xF8,
	0xF0,	0xF3,	0xF8,	0xF1,	0xF6,	0xF7,	0xF1,	0xF4,
	0xF8,	0xF2,	0xF8,	0xF7,	0xF5,	0xF7,	0xF5,	0xEF,
	0xF6,	0xF1,	0xE1,	0xDD,	0xE5,	0xC7,	0xCF,	0xD0,
	'x',	0xDB,	0xBB,	0xA2,	0xDD,	'o',	'l',	0xD1,
	0x34,	0x27,	0x98,	0xA7,	0x9C,	0xCA,	0xBB,	0xC1,
	0xC4,	'B',	'V',	0x83,	0x3B,	0x38,	'r',	'T',
	'R',	'u',	'T',	'F',	'l',	'R',	0x35,	'i',
	0x7D,	'J',	'l',	'p',	0x3C,	'm',	'p',	0x3C,
	0x7E,	'e',	0x2D,	'V',	'V',	0x25,	0x38,	0x7B,
	0x36,	0x80,	0x8C,	0x36,	0x7C,	0xC3,	'M',	0x8E,
	0xA6,	0x36,	0x86,	's',	0x2C,	0x5D,	'z',	0x31,
	'n',	0x93,	0x32,	0x80,	0x98,	0x37,	'v',	0x8B,
	0x2E,	0x5C,	0xD9,	'd',	0xBF,	0xDD,	'v',	0xCC,
	0xC7,	'L',	0x9E,	0x9D,	0x35,	'i',	0x17,	0x4,
	0x0,	0x17,	0x4,	0x0,	0x17,	0x4,	0x0,	0x1A,
	0x6,	0x2,	0x1D,	0x7,	0x5,	0x1F,	0x9,	0x7,
	0x1D,	0x7,	0x5,	0x1D,	0x7,	0x5,	0x24,	0xC,
	0xD,	0x24,	0xD,	0xC,	0x2A,	0xF,	0x11,	0x29,
	0xF,	0x11,	0x27,	0xE,	0xE,	0x24,	0xC,	0xC,
	0x23,	0xC,	0xB,	0x1F,	0xA,	0x7,	0x23,	0xC,
	0x7,	0x24,	0xD,	0x7,	0x22,	0xA,	0x1,	0x27,
	0x10,	0x3,	0x34,	0x1C,	0x10,	'D',	0x26,	0x16,
	0x85,	'Q',	'L',	0x8D,	0x5C,	0x30,	0x87,	0x3D,
	0x1E,	0x5D,	0x1D,	0x34,	0x39,	0x1B,	'K',	0x35,
	0x1A,	'd',	0x2F,	0x16,	'r',	0x21,	0x12,	0x83,
	'C',	0x21,	0xA1,	'C',	0x22,	0xA7,	0x8E,	0x2B,
	0xBC,	0xD5,	'H',	0x92,	0xEA,	0x86,	'a',	0xEE,
	0xA4,	'Y',	0xF2,	0xCF,	0x9E,	0xF2,	0xDB,	0xC8,
	0xF1,	0xD1,	0xC0,	0xF1,	0xC7,	0xB8,	0xEF,	0xC4,
	0x9F,	0xED,	0xC9,	0x95,	0xEF,	0xC9,	'z',	0xED,
	0xBD,	0x60,	0xE8,	0xC3,	'n',	0xD3,	0x8C,	'I',
	0x35,	0x22,	0x4,	0x2F,	0x1E,	0x2,	'N',	0x31,
	0x5,	0x8F,	'E',	0x5,	0xC2,	'V',	0x7,	0xCD,
	0x5F,	0x8,	0xDB,	'p',	0xB,	0xC7,	0x60,	0x8,
	0xD5,	'o',	0xA,	0xEC,	0xAD,	0x15,	0xEF,	0xC9,
	0x20,	0xEB,	0xBC,	0x27,	0xEB,	0xE2,	'E',	0xEC,
	0xEE,	0x93,	0xEA,	0xEB,	0xA1,	0xC5,	0xDA,	'U',
	'U',	'S',	0x1C,	0x3B,	0x2F,	0xB,	0x3F,	0x31,
	0x9,	0x3E,	0x2F,	0x8,	0x39,	0x24,	0x3,	'C',
	0x37,	0xA,	0x40,	0x35,	0x7,	'M',	0x3D,	0xD,
	0xA8,	0xB8,	0x22,	0xEF,	0xF5,	0xCA,	0xF7,	0xF9,
	0xDC,	0xA8,	0xAB,	0x5F,	0x3C,	0x2E,	0xD,	0xE0,
	0xE7,	0xA1,	0xFF,	0xFF,	0x81,	0xFF,	0xFF,	'g',
	0xFF,	0xFA,	0x85,	0xF9,	0xDD,	0x1D,	0xFC,	0xD7,
	0x1B,	0xF9,	0xCD,	0x18,	0xF0,	0x80,	0xD,	0xF1,
	0xB8,	0x13,	0xED,	0x89,	0xE,	0xD3,	0x2E,	0x4,
	0x1A,	0x17,	0x0,	0x17,	0x4,	0x0,	0xC7,	0xC7,
	0xC1,	0xF9,	0xF6,	0xF7,	0xFD,	0xFD,	0xFF,	0xFA,
	0xF7,	0xFA,	0xF9,	0xF8,	0xFB,	0xF9,	0xF8,	0xF9,
	0xF7,	0xEF,	0xF3,	0xEF,	0xE3,	0xEE,	0xF6,	0xEF,
	0xF5,	0xF2,	0xE2,	0xDE,	0xE7,	0xCB,	0xD9,	0xBA,
	'm',	0xE1,	0xC5,	0xAF,	0xE1,	'y',	'x',	0xDD,
	0x35,	0x2F,	0x97,	'f',	0x5F,	0xA6,	'z',	0xB1,
	0xA5,	0x3E,	'L',	0x7B,	0x3D,	0x2D,	'B',	'H',
	0x34,	'F',	'b',	'J',	'n',	'S',	0x37,	'f',
	0x94,	0x60,	'n',	0x90,	0x5F,	't',	'n',	0x3F,
	0x7D,	'a',	0x2E,	'L',	'X',	0x27,	0x3C,	0x89,
	0x3C,	0x7F,	0x9F,	0x35,	'i',	0xA9,	0x36,	'w',
	0x89,	0x33,	'd',	'x',	0x30,	'c',	0xA2,	0x36,
	0x83,	'h',	0x25,	'F',	0x96,	0x38,	'q',	0xBC,
	'J',	0x9D,	0xE2,	0x87,	0xD5,	0xE4,	0x84,	0xD7,
	0xD3,	'U',	0xAD,	0xB2,	0x3C,	0x86,	0x17,	0x4,
	0x0,	0x17,	0x4,	0x0,	0x17,	0x4,	0x0,	0x17,
	0x4,	0x0,	0x1D,	0x7,	0x5,	0x1F,	0x9,	0x9,
	0x1D,	0x7,	0x5,	0x1D,	0x7,	0x5,	0x23,	0xC,
	0xD,	0x27,	0xE,	0xF,	0x2A,	0x10,	0x13,	0x2F,
	0x15,	0x19,	0x36,	0x18,	0x1F,	0x2F,	0x13,	0x1A,
	0x26,	0xE,	0xE,	0x23,	0xB,	0x9,	0x22,	0xB,
	0x7,	0x27,	0xF,	0xA,	0x24,	0xC,	0x4,	0x25,
	0xD,	0x1,	0x34,	0x18,	0x10,	0x34,	0x19,	0xB,
	'k',	0x40,	0x3A,	0x86,	'S',	0x2E,	'w',	0x2E,
	0x38,	'J',	0x21,	'E',	'E',	0x1E,	'U',	0x37,
	0x19,	0x60,	0x26,	0x11,	'g',	0x38,	0x1D,	0x88,
	'D',	0x20,	0x99,	0x22,	0x12,	0x9C,	'I',	0x1C,
	0xA8,	0x8E,	0x33,	0xCD,	0xC7,	0x5C,	0x9F,	0xE8,
	0x8A,	0x8E,	0xE5,	0xBC,	0xD5,	0xEF,	0xD9,	0xD7,
	0xED,	0xCE,	0xD7,	0xEE,	0xCA,	0xD8,	0xEB,	0xC3,
	0xCF,	0xE9,	0xBF,	0xC6,	0xF0,	0xCC,	0x92,	0xEA,
	0xC1,	'g',	0xE7,	0xAA,	'Z',	0x81,	'C',	0x1B,
	0x18,	0xD,	0x0,	0x33,	0x1F,	0x2,	'O',	0x2C,
	0x3,	'q',	0x3A,	0x3,	0x8A,	0x3B,	0x4,	0x9B,
	'C',	0x4,	0xC0,	'U',	0x7,	0xE7,	0x90,	0xF,
	0xE7,	0xB0,	0x16,	0xEC,	0xBB,	0x17,	0xD9,	0x93,
	0x17,	0xD6,	0xA4,	0x25,	0xE4,	0xD1,	0x2F,	0xE1,
	0xEC,	'i',	0xD5,	0xEC,	0x9A,	0xA1,	0xD8,	'H',
	0x3E,	0x3D,	0xF,	0x3A,	0x2C,	0x5,	0x38,	0x2B,
	0x4,	0x34,	0x2B,	0x4,	0x2D,	0x23,	0x3,	0x35,
	0x2D,	0x4,	0x34,	0x28,	0x2,	'U',	'C',	0x9,
	0x96,	0xC7,	0x24,	0xDA,	0xED,	0x32,	0xE3,	0xEE,
	0x5C,	0x5B,	'O',	0x19,	0x39,	0x31,	0x12,	0xBB,
	0xCC,	0x26,	0xFF,	0xFB,	'I',	0xFF,	0xF7,	'T',
	0xF9,	0xE3,	0x27,	0xF1,	0x90,	0xF,	0xF7,	0xCE,
	0x18,	0xF1,	0x82,	0xD,	0xEE,	0x97,	0x16,	0xF7,
	0xD5,	0x2F,	0xF1,	0xCF,	0x20,	0xDC,	'k',	0xA,
	0x5E,	0x28,	0x2,	0x18,	0x6,	0x0,	0x3A,	0x1A,
	0x1,	0xEE,	0xED,	0xEA,	0xFD,	0xFE,	0xFF,	0xFA,
	0xFB,	0xFB,	0xFA,	0xFA,	0xFB,	0xF9,	0xF3,	0xF7,
	0xF3,	0xE8,	0xF1,	0xF1,	0xE7,	0xF2,	0xF5,	0xEC,
	0xEF,	0xF2,	0xE1,	0xE1,	0xE7,	0xD1,	0xE1,	0x97,
	'n',	0xDF,	0x97,	'v',	0xE1,	'b',	'U',	0xC9,
	'P',	'S',	0xA0,	'V',	'b',	0xA6,	'D',	'T',
	0x84,	0x3D,	0x38,	'n',	'B',	0x32,	'J',	'I',
	0x2E,	'D',	'G',	0x2E,	0x3E,	0x5F,	0x3D,	'd',
	'y',	'D',	'o',	0x8E,	0x5D,	'o',	0x85,	'Q',
	'z',	'Y',	0x2D,	'K',	0x5E,	0x2B,	'S',	0xA5,
	0x3F,	0x86,	0xA7,	0x3A,	'x',	0x7E,	0x30,	0x80,
	'u',	0x2E,	'm',	0x99,	0x3B,	0x87,	0xB1,	0x38,
	0x86,	'p',	0x27,	'F',	0x98,	0x37,	'z',	0xDD,
	0xB7,	0xD2,	0xE2,	0x84,	0xD5,	0xDB,	'h',	0xC7,
	0xE6,	0x8A,	0xD8,	0xBF,	'J',	0xA2,	0x17,	0x4,
	0x0,	0x17,	0x4,	0x0,	0x17,	0x4,	0x0,	0x17,
	0x4,	0x0,	0x17,	0x4,	0x0,	0x1D,	0x7,	0x5,
	0x1D,	0x7,	0x5,	0x1C,	0x7,	0x5,	0x1F,	0x9,
	0x7,	0x23,	0xC,	0xC,	0x2B,	0x10,	0x13,	0x2F,
	0x14,	0x1A,	0x33,	0x16,	0x1E,	0x36,	0x18,	0x22,
	0x2C,	0x11,	0x13,	0x27,	0xE,	0xE,	0x25,	0xD,
	0xA,	0x26,	0xF,	0xA,	0x26,	0xE,	0x7,	0x27,
	0xF,	0x5,	0x2D,	0x13,	0xB,	0x2F,	0x15,	0x6,
	'G',	0x26,	0x16,	'x',	0x3F,	0x37,	'c',	0x37,
	'G',	'T',	0x25,	'L',	'H',	0x1D,	'X',	0x33,
	0x14,	'W',	0x20,	0x15,	0x5C,	0x83,	0x25,	0x84,
	0x98,	0x24,	0xA0,	0xB1,	0x36,	0x9E,	0xAF,	'C',
	0xC5,	0xB3,	'E',	0xE1,	0xCB,	'u',	0xDD,	0xE1,
	0xAA,	0xDC,	0xE8,	0xBF,	0xDF,	0xE5,	0xC3,	0xDE,
	0xE9,	0xCA,	0xE2,	0xED,	0xCA,	0xE0,	0xEB,	0xBF,
	0xDA,	0xEB,	0xBD,	0xD6,	0xEF,	0xCB,	0xB4,	0xED,
	0xC8,	0x7D,	0xCF,	0x7B,	0x3F,	0x1A,	0x11,	0x0,
	0x28,	0x15,	0x1,	0x30,	0x18,	0x1,	'O',	0x28,
	0x2,	'p',	0x39,	0x3,	0x93,	0x3F,	0x4,	0xA4,
	'G',	0x5,	0xB8,	'M',	0x6,	0xD9,	'q',	0xB,
	0xE5,	0xBE,	0x18,	0xEE,	0xDD,	0x25,	0xC1,	0x7C,
	0x16,	0xD9,	0xD2,	0x39,	0xBD,	0xB5,	0x33,	0xB5,
	0xCD,	0x32,	0xA3,	0xDE,	'D',	'V',	0x99,	0x24,
	0x26,	0x25,	0x4,	0x2C,	0x24,	0x2,	0x29,	0x24,
	0x2,	0x28,	0x25,	0x2,	0x28,	0x27,	0x1,	0x24,
	0x21,	0x1,	0x21,	0x1A,	0x1,	0x39,	0x34,	0x4,
	'n',	0x92,	0xE,	0xBF,	0xEB,	0x26,	0xB6,	0xDC,
	0x1B,	'N',	'G',	0x20,	0x3D,	0x3B,	0x17,	0x80,
	'Q',	0x5,	0xF1,	0xEB,	'E',	0xFC,	0xF3,	'F',
	0xEF,	0xB5,	0x13,	0xF5,	0xD5,	0x1A,	0xF5,	0xD5,
	0x1A,	0xF2,	0xD1,	0x2B,	0xF2,	0xD1,	0x3D,	0xF1,
	0xCF,	0x27,	0xE9,	0xC2,	0x14,	0xDF,	's',	0xB,
	0xA8,	0x3F,	0x5,	0x1B,	0x15,	0x0,	0x17,	0x4,
	0x0,	0xBB,	0xBF,	0xCC,	0xFB,	0xFB,	0xFB,	0xFC,
	0xFD,	0xFC,	0xFB,	0xFB,	0xFB,	0xF7,	0xEF,	0xF7,
	0xF3,	0xE7,	0xF3,	0xF6,	0xED,	0xF5,	0xF3,	0xE7,
	0xF0,	0xEF,	0xDE,	0xE3,	0xE5,	0xCD,	0xE4,	0xA0,
	'm',	0xE2,	0x8B,	'p',	0xE2,	'T',	'K',	0xC6,
	0x35,	0x25,	0x9A,	'B',	'U',	0x99,	'F',	0x60,
	0x83,	'N',	'G',	't',	'H',	0x32,	'L',	'X',
	0x36,	'T',	'H',	0x2A,	0x39,	'K',	0x29,	0x37,
	'e',	0x35,	0x5D,	'u',	0x39,	'm',	0x7E,	'B',
	'q',	'l',	0x37,	'n',	'c',	0x2D,	'T',	'o',
	0x32,	0x7F,	'w',	0x31,	'l',	0x89,	0x35,	0x80,
	'u',	0x2D,	'p',	0x92,	0x39,	0x87,	0xA8,	0x39,
	0x7B,	0xB9,	0x3F,	0x8F,	0xCF,	'X',	0xB5,	0xDA,
	'd',	0xC4,	0xE0,	'q',	0xD4,	0xDF,	'v',	0xD2,
	0xE6,	0xA7,	0xD8,	0xDF,	0x90,	0xD3,	0x17,	0x4,
	0x0,	0x17,	0x4,	0x0,	0x17,	0x4,	0x0,	0x17,
	0x4,	0x0,	0x17,	0x4,	0x0,	0x18,	0x4,	0x0,
	0x1F,	0x9,	0x9,	0x1C,	0x7,	0x5,	0x1C,	0x7,
	0x4,	0x21,	0xB,	0xA,	0x27,	0xE,	0x11,	0x2A,
	0xF,	0x13,	0x34,	0x16,	0x1E,	0x34,	0x17,	0x20,
	0x2B,	0x12,	0x14,	0x29,	0xF,	0xF,	0x28,	0xF,
	0xC,	0x26,	0xF,	0xA,	0x24,	0xE,	0x7,	0x27,
	0xF,	0x6,	0x2D,	0x14,	0xB,	0x2C,	0x13,	0x4,
	0x36,	0x1B,	0x9,	0x81,	'A',	'H',	'c',	0x3B,
	'H',	'I',	0x23,	'C',	'W',	0x1D,	'W',	0x2E,
	0x13,	'P',	0x21,	0x15,	'T',	0x8A,	0x1D,	0x60,
	0xD4,	0x3B,	'e',	0xED,	0x9F,	0xCD,	0xF1,	0xB2,
	0xD9,	0xF3,	0xB4,	0xC9,	0xF3,	0xCB,	0xCC,	0xF1,
	0xCC,	0xD9,	0xF4,	0xD9,	0xE3,	0xF3,	0xE0,	0xE2,
	0xE7,	0xCA,	0xE7,	0xEA,	0xCB,	0xE5,	0xEF,	0xCF,
	0xDF,	0xED,	0xC9,	0xD1,	0xEE,	0xC5,	0x9A,	0xEC,
	0xC2,	'q',	0x89,	'I',	0x1C,	0x18,	0xA,	0x0,
	0x2D,	0x16,	0x0,	0x35,	0x1A,	0x1,	'R',	0x2A,
	0x3,	'y',	'D',	0x9,	0x80,	'H',	0xB,	0x84,
	'D',	0x5,	0xB3,	'V',	0x6,	0xDD,	0x7B,	0xC,
	0xE1,	0xAC,	0x17,	0xE3,	0xCA,	0x21,	0x7D,	'M',
	0x11,	0xC7,	0xCB,	0x3C,	0xB8,	0xD5,	0x3C,	'z',
	0x8C,	0x1F,	0x5C,	'w',	0x14,	0x39,	0x5C,	0xD,
	0x24,	0x24,	0x1,	0x22,	0x20,	0x1,	0x22,	0x1F,
	0x1,	0x1D,	0x15,	0x0,	0x1F,	0x1E,	0x1,	0x1D,
	0x18,	0x0,	0x1A,	0x10,	0x0,	0x24,	0x24,	0x1,
	0x30,	'C',	0x3,	0x3E,	'e',	0x6,	'M',	'U',
	0x5,	0x39,	0x31,	0xA,	0x2D,	0x1D,	0x4,	0x97,
	0x7E,	0x11,	0xED,	0xF4,	'V',	0xF1,	0xE6,	0x28,
	0xF9,	0xE5,	0x20,	0xF5,	0xDC,	0x1D,	0xF1,	0xD5,
	0x2E,	0xF1,	0xCF,	0x28,	0xEB,	0xC5,	0x14,	0xE2,
	0x8C,	0xE,	0xDD,	'j',	0xA,	0xD9,	0xAA,	0x11,
	0xD7,	'U',	0x8,	'a',	0x26,	0x2,	0x1A,	0x7,
	0x0,	'M',	0x2A,	0x2,	0xEF,	0xEF,	0xED,	0xFD,
	0xFD,	0xFD,	0xF9,	0xF8,	0xFA,	0xF9,	0xF4,	0xFA,
	0xF8,	0xEF,	0xF8,	0xF5,	0xEB,	0xF3,	0xF3,	0xE3,
	0xEA,	0xEF,	0xDD,	0xE5,	0xE5,	0xD3,	0xE8,	0x9F,
	'k',	0xE3,	0x83,	'l',	0xE4,	'K',	'C',	0xBE,
	0x31,	0x26,	0x9B,	'F',	'b',	0x9F,	0x3C,	'N',
	0x81,	0x3A,	0x2D,	'E',	0x3E,	0x27,	0x34,	'N',
	0x2F,	'F',	'V',	0x33,	'G',	'X',	0x2F,	0x40,
	'Y',	0x32,	'M',	'o',	0x3F,	'm',	'p',	0x3D,
	'r',	'c',	0x35,	'b',	0x5F,	0x2E,	'F',	0x80,
	0x3C,	0x8A,	0x83,	0x34,	0x82,	't',	0x32,	0x7E,
	0x84,	0x37,	0x82,	0x8B,	0x37,	0x83,	0xB0,	0x3F,
	0x8E,	0xCF,	'Z',	0xAA,	0xDC,	'n',	0xCF,	0xDF,
	0x88,	0xD5,	0xE0,	0x7B,	0xD4,	0xE7,	0x97,	0xD9,
	0xE1,	0x8B,	0xD3,	0xD3,	0x5D,	0xA4,	0x17,	0x4,
	0x0,	0x17,	0x4,	0x0,	0x17,	0x4,	0x0,	0x17,
	0x4,	0x0,	0x17,	0x4,	0x0,	0x17,	0x4,	0x0,
	0x1A,	0x6,	0x2,	0x1C,	0x7,	0x5,	0x1C,	0x7,
	0x5,	0x1F,	0x9,	0x7,	0x24,	0xD,	0xD,	0x28,
	0xE,	0x10,	0x34,	0x17,	0x20,	0x34,	0x17,	0x1F,
	0x2D,	0x14,	0x16,	0x29,	0xF,	0xF,	0x28,	0xF,
	0xD,	0x2A,	0x10,	0xF,	0x24,	0xE,	0x7,	0x22,
	0xC,	0x3,	0x24,	0xE,	0x4,	0x28,	0xF,	0x1,
	0x31,	0x16,	0xD,	0x60,	0x38,	'L',	'b',	0x3C,
	'K',	'V',	0x1F,	0x3E,	'd',	0x27,	'V',	0x2C,
	0x15,	0x3B,	0x29,	0x15,	'J',	0x95,	0x16,	0x35,
	0xE5,	'l',	'y',	0xF2,	0xC8,	0xD7,	0xF4,	0xCF,
	0xDF,	0xF5,	0xDF,	0xDC,	0xF6,	0xDF,	0xDD,	0xF5,
	0xE2,	0xE2,	0xF6,	0xE5,	0xE9,	0xF6,	0xE6,	0xEB,
	0xF5,	0xE3,	0xEB,	0xF1,	0xDD,	0xE9,	0xF3,	0xE5,
	0xE5,	0xED,	0xD6,	0xD3,	0xEB,	0xC7,	0x95,	0xDA,
	0x97,	'Q',	0x2B,	0x1A,	0x1,	0x28,	0x15,	0x1,
	0x2A,	0x14,	0x0,	0x30,	0x19,	0x3,	'I',	0x2E,
	0xD,	'y',	'V',	0x18,	0x7F,	'X',	0x15,	'h',
	'B',	0xD,	'w',	'K',	0xF,	't',	'J',	0x18,
	0xA0,	'm',	0x23,	0xC6,	0xC5,	0x39,	0x83,	'h',
	0x22,	'Q',	'V',	0x19,	'j',	0x84,	0x20,	'Q',
	'g',	0x11,	'L',	'k',	0xF,	0x35,	'G',	0x4,
	0x20,	0x1D,	0x1,	0x20,	0x1C,	0x1,	0x1B,	0xD,
	0x0,	0x18,	0x4,	0x0,	0x18,	0x4,	0x0,	0x18,
	0x4,	0x0,	0x18,	0x5,	0x0,	0x18,	0x4,	0x1,
	0x1B,	0xB,	0x1,	0x1D,	0x15,	0x0,	0x28,	0x2F,
	0x2,	0x2C,	0x24,	0x1,	0x2D,	0x21,	0x1,	0xBA,
	0xE2,	0x29,	0xE7,	0xEF,	0x3E,	0xED,	0xDB,	0x1C,
	0xE9,	0xD5,	0x19,	0xEC,	0xD4,	0x2B,	0xEE,	0xCB,
	0x22,	0xE4,	0x95,	0xF,	0xDB,	0xAA,	0x11,	0xD2,
	0x82,	0xC,	0xD2,	'j',	0xA,	0xDD,	0x80,	0xD,
	0xE1,	'c',	0xA,	0xD1,	0x3A,	0x5,	'B',	0x1B,
	0x1,	0x1C,	0x4,	0x0,	0xD0,	0xDB,	0xD5,	0xFC,
	0xFC,	0xFD,	0xF9,	0xF7,	0xFA,	0xF7,	0xEF,	0xF6,
	0xF6,	0xEC,	0xF1,	0xF1,	0xE1,	0xE9,	0xEE,	0xDD,
	0xE9,	0xED,	0xDB,	0xE8,	0xE4,	0xD2,	0xE9,	0x87,
	'k',	0xE4,	'i',	0x5C,	0xE5,	'I',	0x3B,	0xB4,
	0x33,	0x2B,	0x9E,	'H',	'P',	0x9A,	0x2B,	0x2A,
	'E',	0x34,	0x26,	0x2E,	'F',	0x34,	'M',	'I',
	0x2C,	0x3A,	'L',	0x2B,	0x37,	0x5B,	0x33,	'G',
	'S',	0x2D,	0x3E,	's',	'A',	'n',	'm',	0x3B,
	'm',	0x82,	'C',	0x7C,	0x92,	'F',	0x89,	's',
	0x31,	'v',	'u',	0x35,	0x81,	0x82,	0x35,	0x7E,
	0xAB,	'B',	0x8E,	0xD4,	'd',	0xB7,	0xD1,	0xBD,
	0xC9,	0xD2,	'y',	0xBE,	0xDC,	'p',	0xCE,	0xDC,
	'z',	0xD1,	0xDD,	0x86,	0xD2,	0xE8,	0x8B,	0xD9,
	0xE1,	0x92,	0xD3,	0xCF,	0x5F,	0xA7,	0x17,	0x4,
	0x0,	0x17,	0x4,	0x0,	0x17,	0x4,	0x0,	0x17,
	0x4,	0x0,	0x17,	0x4,	0x0,	0x17,	0x4,	0x0,
	0x18,	0x4,	0x0,	0x1D,	0x7,	0x6,	0x1C,	0x7,
	0x5,	0x1C,	0x7,	0x4,	0x22,	0xB,	0xA,	0x2B,
	0x10,	0x13,	0x2A,	0x10,	0x15,	0x38,	0x19,	0x23,
	0x2F,	0x13,	0x16,	0x22,	0xA,	0x8,	0x21,	0xA,
	0x7,	0x29,	0x10,	0x10,	0x25,	0xF,	0xC,	0x26,
	0xD,	0x6,	0x24,	0xD,	0x4,	0x27,	0xE,	0x5,
	0x2F,	0x11,	0x13,	0x38,	0x1C,	0x24,	'O',	0x2E,
	0x39,	'T',	0x1C,	0x23,	0x3F,	0x19,	0x34,	0x3C,
	0x18,	'B',	0x28,	0x14,	'Q',	0x87,	0x1B,	0x3F,
	0xDD,	0x3F,	'n',	0xED,	0xAA,	0xD7,	0xF2,	0xCC,
	0xD8,	0xF2,	0xDA,	0xDB,	0xF5,	0xE0,	0xE3,	0xF7,
	0xE5,	0xEB,	0xF7,	0xE6,	0xED,	0xF6,	0xE7,	0xED,
	0xF5,	0xE5,	0xE9,	0xF8,	0xEC,	0xED,	0xF6,	0xEB,
	0xEE,	0xED,	0xE7,	0xED,	0xDE,	0xD9,	0xDD,	0xB3,
	'o',	0x32,	0x18,	0x8,	0x0,	0x2E,	0x18,	0x2,
	0x27,	0x12,	0x1,	0x2D,	0x1C,	0xC,	0x3C,	0x32,
	0x20,	'w',	0x5C,	0x25,	0x90,	'k',	0x2F,	0x88,
	'e',	0x30,	0x8F,	'v',	'Y',	0x88,	0x8F,	0x87,
	'e',	0x82,	'q',	'u',	0x93,	0x5C,	'i',	0x7D,
	0x3E,	'C',	'Z',	0x28,	0x38,	'S',	0x1B,	0x3E,
	0x60,	0x15,	0x35,	'R',	0x8,	0x28,	0x2D,	0xC,
	0x1B,	0xB,	0x1,	0x18,	0x4,	0x0,	0x17,	0x4,
	0x0,	0x18,	0x5,	0x0,	0x18,	0x5,	0x0,	0x18,
	0x5,	0x0,	0x18,	0x6,	0x1,	0x18,	0x7,	0x2,
	0x19,	0x5,	0x2,	0x19,	0x4,	0x2,	0x1D,	0x11,
	0x1,	0x24,	0x28,	0x1,	'h',	0xA7,	0xE,	0xDA,
	0xEC,	0x22,	0xF1,	0xEA,	0x21,	0xEA,	0xD7,	0x1A,
	0xED,	0xD3,	0x19,	0xF2,	0xD7,	0x1B,	0xEA,	0xCB,
	0x16,	0xE4,	0xC3,	0x14,	0xD5,	0xB7,	0x12,	0xD5,
	'w',	0xB,	0xDD,	0xA1,	0x10,	0xE7,	0xAE,	0x15,
	0xE5,	0x7F,	0xF,	0xE3,	0x5D,	0x8,	'j',	0x25,
	0x2,	0x3A,	0x16,	0x1,	0x8F,	'p',	'H',	0xF6,
	0xF2,	0xF6,	0xF9,	0xED,	0xF9,	0xF5,	0xE7,	0xEF,
	0xF5,	0xE5,	0xE8,	0xF0,	0xDF,	0xE9,	0xEB,	0xDA,
	0xE9,	0xEA,	0xD8,	0xE7,	0xE1,	0xD1,	0xE9,	0x92,
	0x7D,	0xE7,	'c',	0x5C,	0xE6,	0x38,	0x2C,	0xA4,
	0x32,	0x24,	0x9B,	0x34,	0x34,	'c',	0x2B,	0x25,
	0x34,	0x36,	0x26,	0x2E,	0x39,	0x25,	0x29,	0x39,
	0x21,	0x25,	'E',	0x27,	0x3A,	'x',	0x3C,	0x5C,
	'Z',	0x2D,	'D',	0x5D,	0x32,	'V',	'a',	0x33,
	'T',	'h',	0x39,	'v',	0x83,	'B',	0x86,	0x8F,
	0x38,	0x7F,	'o',	0x31,	'd',	0x8A,	0x37,	0x84,
	0xC7,	'X',	0xA1,	0xD7,	'k',	0xC8,	0xD1,	'c',
	0xAF,	0xCF,	'b',	0xAD,	0xD4,	0x5F,	0xB8,	0xDD,
	'x',	0xD3,	0xDD,	0xAA,	0xD3,	0xE8,	0xA2,	0xD9,
	0xEC,	0xA8,	0xDB,	0xDF,	0x8F,	0xD1,	0x17,	0x4,
	0x0,	0x17,	0x4,	0x0,	0x17,	0x4,	0x0,	0x17,
	0x4,	0x0,	0x17,	0x4,	0x0,	0x17,	0x4,	0x0,
	0x17,	0x4,	0x0,	0x1A,	0x7,	0x3,	0x1D,	0x7,
	0x5,	0x1C,	0x7,	0x5,	0x1F,	0x9,	0x7,	0x24,
	0xC,	0xD,	0x25,	0xC,	0xE,	0x35,	0x18,	0x21,
	0x36,	0x17,	0x20,	0x20,	0x8,	0x6,	0x1D,	0x8,
	0x4,	0x22,	0xB,	0x7,	0x1F,	0x9,	0x5,	0x21,
	0xA,	0x4,	0x24,	0xB,	0x4,	0x26,	0xC,	0x7,
	0x28,	0xB,	0xC,	0x29,	0xE,	0x12,	'A',	0x1F,
	0x28,	0x3D,	0x22,	0x22,	0x32,	0x18,	0x29,	0x39,
	0x17,	0x37,	0x33,	0x18,	0x38,	0x85,	0x1B,	0x3B,
	0xBD,	0x35,	0x85,	0xEA,	0x7E,	0xD0,	0xF0,	0xCB,
	0xCF,	0xF5,	0xDD,	0xDB,	0xF7,	0xE2,	0xE6,	0xF6,
	0xE5,	0xEF,	0xF4,	0xE6,	0xF1,	0xF3,	0xE4,	0xED,
	0xF6,	0xE7,	0xED,	0xF9,	0xF1,	0xF5,	0xF6,	0xEF,
	0xF5,	0xEE,	0xEC,	0xF5,	0xD7,	0xE3,	0xE3,	0x3A,
	0x31,	0x2,	0x40,	0x26,	0x1,	0x2A,	0x14,	0x1,
	0x24,	0x12,	0x4,	0x30,	0x2C,	0x23,	'H',	'G',
	0x33,	'e',	'f',	'M',	0x7F,	'x',	'c',	0x88,
	0x8E,	0x81,	0x8F,	0x9E,	0xCC,	0x7C,	0xB0,	0xD8,
	'n',	0xB7,	0xD4,	'I',	0xAC,	0xD1,	0x3F,	0xB8,
	0xD0,	0x3D,	0xA2,	0xCF,	0x31,	0x7F,	0x8E,	0x2B,
	'a',	'W',	0x20,	0x3A,	0x2A,	0x28,	0x21,	0x28,
	0x34,	0x29,	0x38,	0x18,	0x5,	0x2,	0x18,	0x5,
	0x0,	0x18,	0x5,	0x0,	0x18,	0x5,	0x0,	0x18,
	0x5,	0x1,	0x18,	0x7,	0x2,	0x18,	0x7,	0x3,
	0x1A,	0x7,	0x3,	0x1A,	0x7,	0x3,	0x18,	0x5,
	0x5,	0x1F,	0x15,	0x2,	0x5C,	0xB1,	0xE,	0x9F,
	0xE8,	0x1C,	0xD3,	0xEB,	0x23,	0xEF,	0xE9,	0x21,
	0xF8,	0xEA,	0x22,	0xF0,	0xD8,	0x1B,	0xE0,	0xC6,
	0x14,	0xE3,	0xCA,	0x15,	0xE0,	0xC9,	0x15,	0xEC,
	0xD3,	0x22,	0xEB,	0xD1,	0x1B,	0xE3,	0x9C,	0x13,
	0xD1,	'c',	0x9,	0xC1,	0x5C,	0x7,	0x84,	0x3D,
	0x3,	'S',	0x27,	0x2,	0xBF,	0x5B,	0x7,	0xEC,
	0xE2,	0xE5,	0xF7,	0xE9,	0xF3,	0xEE,	0xDF,	0xED,
	0xF3,	0xE2,	0xEB,	0xF3,	0xE2,	0xEB,	0xEF,	0xDE,
	0xEB,	0xED,	0xDC,	0xEA,	0xE2,	0xD3,	0xEB,	0x8C,
	0x7C,	0xE9,	0x5F,	'L',	0xE3,	0x33,	0x2A,	0xA1,
	'P',	'B',	0xB4,	0x32,	0x31,	'R',	0x28,	0x25,
	0x30,	0x31,	0x23,	0x25,	0x3A,	0x27,	0x2C,	0x35,
	0x1E,	0x25,	0x39,	0x1E,	0x2A,	'P',	0x29,	0x37,
	'J',	0x27,	0x35,	'Z',	0x2E,	'L',	'l',	0x3B,
	'n',	0x83,	'D',	'y',	0xBD,	0x95,	0xA2,	0x7E,
	0x36,	'u',	'k',	0x2D,	'a',	'i',	0x2C,	0x5F,
	0xBB,	'U',	0xA8,	0xC7,	'c',	0xC1,	0xAF,	'F',
	0x8F,	0x8A,	0x33,	'Y',	0xBD,	'W',	0xA7,	0xE1,
	'z',	0xD5,	0xE3,	0x8D,	0xD5,	0xE3,	0xB0,	0xD5,
	0xE6,	0x97,	0xD7,	0xF2,	0xC1,	0xDF,	0x17,	0x4,
	0x0,	0x17,	0x4,	0x0,	0x17,	0x4,	0x0,	0x17,
	0x4,	0x0,	0x17,	0x4,	0x0,	0x17,	0x4,	0x0,
	0x17,	0x4,	0x0,	0x18,	0x4,	0x0,	0x20,	0xA,
	0x9,	0x1D,	0x7,	0x5,	0x1C,	0x7,	0x5,	0x23,
	0xC,	0xC,	0x29,	0x10,	0x14,	0x2F,	0x13,	0x1A,
	0x36,	0x19,	0x23,	0x1F,	0xA,	0x7,	0x1D,	0x8,
	0x5,	0x20,	0x8,	0x5,	0x1F,	0x9,	0x5,	0x20,
	0xA,	0x4,	0x21,	0xA,	0x4,	0x22,	0xB,	0x7,
	0x26,	0xE,	0xE,	0x26,	0xC,	0xE,	0x2B,	0x11,
	0x13,	0x2D,	0x17,	0x16,	0x2F,	0x15,	0x1D,	0x35,
	0x18,	0x25,	0x3A,	0x16,	0x27,	0xA4,	0x2A,	0x29,
	0xD0,	'M',	'u',	0xED,	0xAC,	0x94,	0xF5,	0xD5,
	0xD5,	0xF7,	0xE1,	0xE0,	0xF5,	0xE1,	0xE9,	0xF5,
	0xE5,	0xF0,	0xF5,	0xE8,	0xF3,	0xF6,	0xE9,	0xF1,
	0xFB,	0xF7,	0xFA,	0xFC,	0xF7,	0xFD,	0xF8,	0xF6,
	0xFC,	0xF5,	0xF5,	0xFB,	0xD1,	0xCB,	0xC9,	0x18,
	0xA,	0x0,	'K',	0x36,	0x8,	0x25,	0x13,	0x1,
	0x24,	0x1E,	0x16,	0x3D,	'B',	0x3C,	'b',	'r',
	'c',	'w',	0x96,	0x94,	'X',	0x87,	0xBB,	'U',
	0x8B,	0xDB,	'G',	0x83,	0xE4,	0x33,	0x84,	0xEF,
	0x36,	0xB1,	0xF7,	'A',	0xD9,	0xFD,	'A',	0xDD,
	0xF2,	0x3C,	0xCF,	0xEA,	0x37,	0xBF,	0xE3,	0x32,
	0x9A,	0xDB,	0x28,	'Q',	0x9C,	0x1E,	0x1D,	0x3A,
	'N',	'Z',	0x82,	0x23,	0x14,	0x1A,	0x17,	0x4,
	0x0,	0x18,	0x5,	0x0,	0x1A,	0x6,	0x0,	0x1A,
	0x7,	0x3,	0x1A,	0x7,	0x3,	0x1A,	0x7,	0x3,
	0x1A,	0x7,	0x4,	0x1A,	0x7,	0x4,	0x1D,	0x8,
	0x3,	0x1B,	0x5,	0xB,	0x2A,	0x32,	0x9,	'Q',
	0xDD,	0x15,	0xD6,	0xFA,	0x26,	0xFB,	0xFF,	0x33,
	0xFF,	0xFF,	0x2E,	0xEE,	0xD9,	0x1B,	0xDF,	0xC9,
	0x15,	0xDD,	0xC0,	0x14,	0xD8,	'b',	0x9,	0xDE,
	0x93,	0x14,	0xE7,	0xB2,	0x16,	0xDB,	'k',	0xA,
	0xD1,	'Y',	0x7,	0xD3,	'f',	0x9,	0xE2,	0x90,
	0xF,	0xD1,	'N',	0x7,	0xE1,	0x96,	0xE,	0xE0,
	0xD6,	0xD3,	0xF9,	0xE9,	0xF0,	0xEF,	0xE0,	0xEF,
	0xE2,	0xD7,	0xE9,	0xED,	0xDD,	0xEB,	0xED,	0xDD,
	0xEB,	0xEB,	0xDB,	0xEB,	0xDC,	0xD1,	0xEA,	'y',
	'g',	0xE5,	'W',	'D',	0xC8,	0x35,	0x36,	0xA2,
	'k',	0x5B,	0xC8,	0x3A,	0x35,	'Z',	0x2E,	0x25,
	0x30,	0x31,	0x27,	0x2C,	0x31,	0x1F,	0x22,	0x31,
	0x1A,	0x1E,	0x2E,	0x14,	0x16,	0x34,	0x1A,	0x1F,
	'G',	0x24,	0x2F,	'K',	0x29,	'B',	0x84,	'Q',
	'v',	0xC1,	0x90,	0x8F,	0xBE,	0xB4,	0xAD,	0xAD,
	'S',	0x8F,	'h',	0x2E,	'S',	'h',	0x2D,	'a',
	0xE3,	0xA9,	0xD9,	0xD9,	'u',	0xD1,	0xB5,	'N',
	0x8C,	0xB9,	'R',	0x9C,	0xB9,	'X',	0xA4,	0xDC,
	'x',	0xD5,	0xE3,	0x89,	0xD5,	0xE8,	0xA8,	0xDA,
	0xE5,	0x8C,	0xD7,	0xE5,	0xB3,	0xD8,	0x17,	0x4,
	0x0,	0x17,	0x4,	0x0,	0x17,	0x4,	0x0,	0x17,
	0x4,	0x0,	0x17,	0x4,	0x0,	0x17,	0x4,	0x0,
	0x17,	0x4,	0x0,	0x17,	0x4,	0x0,	0x1A,	0x7,
	0x3,	0x1D,	0x7,	0x5,	0x20,	0xA,	0x9,	0x20,
	0xA,	0x9,	0x2C,	0x11,	0x17,	0x2B,	0x11,	0x15,
	0x3D,	0x1C,	0x2E,	0x2D,	0x11,	0x18,	0x1D,	0x7,
	0x5,	0x22,	0x8,	0x7,	0x1E,	0x8,	0x4,	0x1F,
	0xA,	0x4,	0x1F,	0xA,	0x4,	0x20,	0x9,	0x6,
	0x23,	0xB,	0xA,	0x23,	0xB,	0x9,	0x23,	0xB,
	0x9,	0x2A,	0x10,	0x19,	0x2B,	0x11,	0x13,	0x29,
	0x14,	0x17,	0x37,	0x15,	0x1A,	0xAE,	0x3B,	0x1A,
	0xD6,	'd',	'T',	0xE9,	0xAE,	0xB4,	0xF4,	0xC9,
	0xD9,	0xF8,	0xE7,	0xED,	0xF9,	0xEE,	0xF7,	0xFA,
	0xF0,	0xF7,	0xFA,	0xED,	0xF3,	0xFB,	0xF3,	0xFA,
	0xFE,	0xFC,	0xFF,	0xFD,	0xFA,	0xFE,	0xFB,	0xFA,
	0xFF,	0xF9,	0xF5,	0xFA,	0xC2,	0xBA,	0xCA,	0x38,
	0x25,	0x1,	'I',	0x3A,	0x9,	0x29,	0x1C,	0x7,
	0x37,	0x3F,	0x31,	'L',	'W',	'M',	0x5F,	'q',
	'y',	'Q',	'v',	0xB3,	'B',	0x8C,	0xE9,	0x38,
	0x90,	0xED,	0x33,	0x8D,	0xF7,	0x39,	0xBA,	0xFF,
	0x3D,	0xC9,	0xFF,	0x3F,	0xCF,	0xFF,	'D',	0xE4,
	0xFF,	'F',	0xEA,	0xFD,	'A',	0xDA,	0xF4,	0x35,
	0xB5,	0xE9,	0x2E,	's',	0xDB,	0x27,	'E',	0x93,
	0x1C,	0x17,	0x2F,	0x19,	0xC,	0xE,	0x18,	0x7,
	0x3,	0x19,	0x6,	0x2,	0x1B,	0x6,	0x0,	0x1B,
	0x8,	0x4,	0x1D,	0xB,	0x7,	0x1A,	0x7,	0x3,
	0x1A,	0x7,	0x4,	0x1D,	0x9,	0x3,	0x1D,	0x9,
	0x4,	0x20,	0x10,	0x13,	0x28,	0x16,	0x25,	'A',
	0x9A,	0xC,	0xE6,	0xFF,	0x29,	0xFB,	0xFF,	0x32,
	0xF7,	0xF6,	0x27,	0xDB,	0xCA,	0x15,	0xDB,	0x97,
	0xF,	0xDD,	0x84,	0xD,	0xDD,	'r',	0xA,	0xC5,
	'w',	'D',	0xC1,	0xE8,	0xE7,	0xD7,	0x95,	'R',
	0xE1,	0x5E,	0x9,	0xE5,	0x92,	0x1B,	0xED,	0xCF,
	'e',	0xDF,	0xC4,	0x24,	0xDF,	0xCC,	0x15,	0xD7,
	0xBD,	0xC1,	0xF8,	0xE9,	0xED,	0xF0,	0xE2,	0xEE,
	0xDF,	0xD4,	0xE8,	0xED,	0xDD,	0xE9,	0xF0,	0xDF,
	0xEA,	0xE4,	0xD6,	0xE9,	0xC5,	0xB6,	0xE4,	's',
	'a',	0xE3,	'W',	'X',	0xC8,	0x40,	0x33,	0xA3,
	'v',	't',	0xC8,	0x3D,	'F',	'y',	0x34,	0x2A,
	0x34,	0x35,	0x24,	0x29,	0x2D,	0x1B,	0x1B,	0x35,
	0x1B,	0x1E,	0x2D,	0x14,	0x17,	0x31,	0x18,	0x1B,
	0x36,	0x1A,	0x20,	0x40,	0x23,	0x3A,	'a',	0x39,
	'p',	0xC0,	'r',	0x8C,	0xC5,	0xBB,	0xC3,	0xB1,
	'B',	0x86,	0xA7,	'A',	0x85,	'x',	0x37,	't',
	0xDD,	0xBD,	0xD4,	0xD2,	'v',	0xBA,	0xB6,	'P',
	0x8F,	0xD1,	'n',	0xB0,	0xD5,	0x7C,	0xBB,	0xD5,
	0x7B,	0xBD,	0xDF,	0x86,	0xD3,	0xEB,	0xB5,	0xDD,
	0xED,	0xB8,	0xDF,	0xE5,	0x91,	0xD8,	0x17,	0x4,
	0x0,	0x17,	0x4,	0x0,	0x17,	0x4,	0x0,	0x17,
	0x4,	0x0,	0x17,	0x4,	0x0,	0x17,	0x4,	0x0,
	0x17,	0x4,	0x0,	0x17,	0x4,	0x0,	0x18,	0x4,
	0x0,	0x20,	0xB,	0x9,	0x20,	0xB,	0x9,	0x20,
	0xB,	0xA,	0x24,	0xC,	0xF,	0x2C,	0x12,	0x16,
	0x35,	0x18,	0x27,	0x2A,	0x10,	0x13,	0x19,	0x4,
	0x1,	0x1C,	0x7,	0x5,	0x31,	0x15,	0x20,	0x23,
	0xD,	0xC,	0x1E,	0x8,	0x4,	0x1E,	0x8,	0x5,
	0x1F,	0x8,	0x7,	0x20,	0x9,	0xB,	0x20,	0x8,
	0x7,	0x23,	0xB,	0x7,	0x23,	0xD,	0x5,	0x27,
	0x11,	0xF,	'D',	0x1B,	0x9,	0x85,	0x3E,	0x14,
	0xD5,	'v',	0x32,	0xEB,	0xA9,	0xB7,	0xF6,	0xCD,
	0xDC,	0xF9,	0xE7,	0xE5,	0xFB,	0xEF,	0xF2,	0xFB,
	0xF1,	0xF5,	0xFB,	0xF0,	0xF3,	0xFB,	0xF7,	0xFC,
	0xFC,	0xF8,	0xFD,	0xFB,	0xFA,	0xFF,	0xFB,	0xFA,
	0xFF,	0xF7,	0xF3,	0xF7,	0xA7,	'y',	'y',	'Y',
	'F',	0x4,	'G',	0x38,	0x7,	0x35,	0x28,	0x10,
	'G',	'F',	0x33,	'W',	'a',	'X',	0x5E,	'u',
	0x86,	'B',	'q',	0xDC,	'A',	0x8D,	0xEE,	0x35,
	0x9E,	0xF5,	0x3A,	0xBF,	0xFF,	0x3E,	0xCC,	0xFF,
	0x81,	0xE5,	0xFF,	0x97,	0xED,	0xFF,	's',	0xE9,
	0xFF,	'F',	0xED,	0xFF,	'D',	0xE3,	0xFF,	0x3B,
	0xC5,	0xF5,	0x30,	0x81,	0xE2,	0x2B,	'a',	0xB6,
	0x23,	0x35,	'n',	0x1B,	0x12,	0x20,	0x18,	0x8,
	0x7,	0x18,	0x7,	0x3,	0x19,	0x6,	0x1,	0x1B,
	0x7,	0x1,	0x1B,	0x7,	0x3,	0x1A,	0x7,	0x4,
	0x1B,	0x8,	0x5,	0x1E,	0xB,	0x6,	0x20,	0xF,
	0xC,	0x25,	0x1B,	0x21,	0x2C,	0x22,	0x39,	0x30,
	'B',	0x20,	'u',	0xF5,	0x24,	0xD9,	0xF3,	0x23,
	0xD4,	0xD3,	0x18,	0xDA,	0xD0,	0x17,	0xE2,	0xCA,
	0x15,	0xE3,	0xC8,	0x15,	0xE3,	0x97,	0xF,	0xDD,
	'x',	0xC,	0xD0,	0xE5,	0xE5,	0xC3,	0xBC,	0xBD,
	0xD8,	'R',	0x7,	0xE1,	0x83,	0x1A,	0xE8,	0xCF,
	0x30,	0xC5,	'c',	0x14,	0xDC,	0xCB,	0x15,	0xCD,
	0x99,	'E',	0xF3,	0xE4,	0xE3,	0xF0,	0xDF,	0xE8,
	0xE9,	0xD9,	0xEA,	0xEB,	0xDB,	0xE4,	0xE8,	0xD9,
	0xE6,	0xD8,	0xCA,	0xE3,	0xB4,	0xB5,	0xDE,	'k',
	0x60,	0xDE,	0x3B,	0x2C,	0x9D,	0x36,	0x2B,	0xA1,
	0x39,	0x38,	0x8B,	0x3C,	'I',	'v',	0x36,	0x27,
	0x2D,	0x30,	0x1D,	0x1E,	0x2B,	0x17,	0x17,	0x31,
	0x17,	0x18,	0x35,	0x18,	0x1F,	0x2D,	0x14,	0x17,
	0x32,	0x1A,	0x1E,	'Y',	0x36,	'i',	'K',	0x2B,
	'e',	'r',	0x3E,	0x7D,	'p',	0x38,	'y',	'p',
	0x32,	0x5D,	0x9A,	0x3A,	0x7E,	0xB4,	'R',	0x8F,
	0xCF,	0xBE,	0xCA,	0xD8,	0x95,	0xD0,	0xDA,	0x83,
	0xD2,	0xD8,	0x81,	0xCE,	0xDE,	0x88,	0xD4,	0xE1,
	0x99,	0xD6,	0xDD,	0x84,	0xD3,	0xDC,	0xAB,	0xD1,
	0xE3,	0xC5,	0xD6,	0xE2,	0x8B,	0xD6,	0x18,	0x4,
	0x0,	0x17,	0x4,	0x0,	0x17,	0x4,	0x0,	0x17,
	0x4,	0x0,	0x17,	0x4,	0x0,	0x17,	0x4,	0x0,
	0x17,	0x4,	0x0,	0x17,	0x4,	0x0,	0x17,	0x4,
	0x0,	0x1A,	0x7,	0x2,	0x23,	0xD,	0xC,	0x20,
	0xB,	0xB,	0x25,	0xD,	0xF,	0x29,	0x10,	0x13,
	0x35,	0x18,	0x26,	0x3D,	0x1E,	0x31,	0x19,	0x5,
	0x1,	0x1E,	0x7,	0x5,	0x23,	0xC,	0xE,	0x24,
	0xC,	0xD,	0x1D,	0x9,	0x4,	0x1E,	0x8,	0x6,
	0x1E,	0x8,	0x8,	0x1E,	0x8,	0x9,	0x1B,	0x5,
	0x6,	0x1F,	0x9,	0x4,	0x23,	0xB,	0x1,	0x2E,
	0x18,	0x3,	0x3C,	0x22,	0x2,	'g',	0x3B,	0x12,
	0xD3,	0x86,	0x21,	0xF1,	0xC7,	's',	0xFB,	0xE5,
	0xDF,	0xFA,	0xE5,	0xE3,	0xFB,	0xEE,	0xF0,	0xFB,
	0xEB,	0xEC,	0xF9,	0xE9,	0xE9,	0xF9,	0xF0,	0xF5,
	0xFB,	0xF3,	0xF8,	0xFA,	0xF3,	0xF7,	0xFA,	0xF3,
	0xFA,	0xF4,	0xED,	0xF1,	0x8D,	'f',	'T',	'Q',
	'A',	0x3,	0x3D,	0x2B,	0x8,	0x38,	0x2B,	0x11,
	'H',	0x3D,	0x23,	'a',	'd',	'R',	'a',	'o',
	0x7B,	'E',	'x',	0xE3,	0x3A,	0x88,	0xEF,	0x38,
	0xB7,	0xFC,	0x3F,	0xD3,	0xFF,	0xAC,	0xEE,	0xFF,
	0xE1,	0xF8,	0xFF,	0xDF,	0xF9,	0xFF,	0xCE,	0xF7,
	0xFF,	0xA9,	0xF3,	0xFF,	'x',	0xED,	0xFF,	'C',
	0xDF,	0xFF,	0x35,	0xB2,	0xED,	0x2E,	'y',	0xDA,
	0x2A,	'b',	0xAF,	0x1C,	0x18,	0x2E,	0x19,	0xB,
	0xA,	0x1D,	0x14,	0x15,	0x18,	0x7,	0x1,	0x1A,
	0x7,	0x2,	0x1A,	0x7,	0x3,	0x1A,	0x7,	0x3,
	0x1B,	0xA,	0x6,	0x22,	0x14,	0x14,	0x2A,	0x20,
	0x2A,	0x2E,	0x29,	0x34,	0x3C,	0x35,	'F',	'E',
	0x28,	0x3A,	'Q',	0xED,	0xA5,	0x9D,	0xF5,	'Y',
	0xE0,	0xE8,	0x24,	0xE3,	0xDB,	0x1B,	0xDD,	0xBF,
	0x13,	0xCC,	0x97,	0xE,	0xBE,	'V',	0x7,	0xD5,
	0x7B,	0xB,	0xBA,	0xDE,	0xDF,	0xBB,	0xE0,	0xE1,
	0xDB,	0xDB,	0xD5,	0xE3,	0xBF,	0x13,	0xE6,	0xC2,
	0x13,	0xD7,	'B',	0x6,	0xE6,	0xD6,	0x19,	0xCF,
	0xA0,	0x12,	0xED,	0xDC,	0xDB,	0xF1,	0xDD,	0xE1,
	0xED,	0xDA,	0xE3,	0xE8,	0xD7,	0xE3,	0xD9,	0xBD,
	0xDF,	0xA5,	0x83,	0xD5,	'j',	'Q',	0xAC,	'D',
	0x31,	0x9C,	0x31,	0x1F,	0x8E,	0x37,	0x34,	0xA0,
	0x33,	0x35,	0x85,	0x2E,	0x28,	0x36,	0x31,	0x1F,
	0x24,	0x31,	0x1E,	0x1D,	0x2D,	0x16,	0x12,	0x2B,
	0x13,	0x13,	0x33,	0x16,	0x1D,	0x31,	0x16,	0x21,
	0x36,	0x1A,	'N',	0x3C,	0x22,	'L',	'L',	0x23,
	'A',	0x40,	0x1D,	0x34,	0x3E,	0x1C,	0x2D,	0x88,
	0x3D,	0x82,	0xB0,	'N',	0x9D,	0xD4,	'y',	0xD2,
	0xD9,	0x8F,	0xD7,	0xD3,	'd',	0xB3,	0xDD,	0x95,
	0xD5,	0xE8,	0xAF,	0xDF,	0xE7,	0x9E,	0xDE,	0xE5,
	0x9A,	0xD9,	0xE1,	0x8B,	0xD5,	0xE5,	0xAB,	0xD9,
	0xEB,	0xC1,	0xDE,	0xEC,	0xCC,	0xDD,	0x18,	0x4,
	0x0,	0x18,	0x4,	0x0,	0x17,	0x4,	0x0,	0x17,
	0x4,	0x0,	0x17,	0x4,	0x0,	0x17,	0x4,	0x0,
	0x17,	0x4,	0x0,	0x17,	0x4,	0x0,	0x17,	0x4,
	0x0,	0x1A,	0x7,	0x2,	0x1F,	0xA,	0x8,	0x1E,
	0x8,	0x7,	0x22,	0xB,	0xB,	0x2D,	0x12,	0x16,
	'J',	0x24,	0x3D,	'U',	0x2C,	'J',	0x31,	0x15,
	0x1E,	0x20,	0x8,	0x8,	0x1F,	0x8,	0x5,	0x24,
	0xB,	0xA,	0x22,	0xC,	0xB,	0x1F,	0x8,	0x6,
	0x1F,	0x8,	0x7,	0x1F,	0x8,	0x9,	0x1C,	0x5,
	0x3,	0x1E,	0x7,	0x2,	0x20,	0x8,	0x0,	0x26,
	0x12,	0x1,	0x31,	0x1A,	0x6,	'H',	0x2B,	0xE,
	0xBA,	'v',	0x20,	0xE8,	0xC1,	'G',	0xF7,	0xD6,
	0xD1,	0xF9,	0xE5,	0xE3,	0xFC,	0xF1,	0xF5,	0xFB,
	0xEA,	0xE9,	0xF9,	0xE5,	0xDE,	0xF6,	0xE5,	0xE4,
	0xF7,	0xEB,	0xF1,	0xF3,	0xE5,	0xE2,	0xEF,	0xE1,
	0xDE,	0xEB,	0xE3,	0xE3,	0x86,	'd',	'N',	'H',
	0x34,	0x2,	0x3A,	0x28,	0xA,	0x37,	0x24,	0xB,
	'I',	0x39,	0x1C,	'w',	0x60,	0x36,	'i',	0x5B,
	'S',	'I',	'p',	0xE1,	0x32,	0x80,	0xF2,	0x3C,
	0xC6,	0xFF,	'q',	0xE3,	0xFF,	0xD9,	0xF6,	0xFF,
	0xE9,	0xF9,	0xFF,	0xF8,	0xFD,	0xFF,	0xFB,	0xFD,
	0xFF,	0xF9,	0xFE,	0xFF,	0xE3,	0xF8,	0xFF,	0x7C,
	0xEB,	0xFF,	0x3E,	0xCD,	0xF9,	0x33,	0xA0,	0xE5,
	0x2E,	0x81,	0xD0,	0x1F,	0x21,	'A',	0x19,	0xD,
	0xE,	0x2A,	0x2A,	0x31,	0x1B,	0xA,	0x3,	0x18,
	0x6,	0x0,	0x1A,	0x7,	0x2,	0x1A,	0x7,	0x3,
	0x1E,	0xE,	0xA,	0x26,	0x1C,	0x1C,	0x2B,	0x28,
	0x38,	0x2F,	0x2B,	0x38,	'C',	0x3A,	'B',	'C',
	0x30,	'C',	'E',	0xD5,	0x3C,	'q',	0xE7,	0x5F,
	0xD3,	0xE7,	'K',	0xD3,	0xD1,	0x1B,	0xBB,	0x5D,
	0x7,	0xB0,	0xCF,	0xCD,	0xE1,	0xE3,	0xE0,	0xCD,
	0xB9,	0xC3,	0xD5,	0xEE,	0xF5,	0xE3,	0xF7,	0xFF,
	0xDD,	0xEB,	0xED,	0xDF,	'm',	0xA,	0xDB,	0xAD,
	0x10,	'x',	0x15,	0x1,	0xED,	0xD7,	0x19,	0xCD,
	0xA2,	0x10,	0xE8,	0xD9,	0xD7,	0xF0,	0xDC,	0xDC,
	0xED,	0xD9,	0xDB,	0xE7,	0xD1,	0xD8,	0xD3,	0xB7,
	0xD6,	0xA9,	0x80,	0xC4,	0x7E,	'Z',	0xAB,	0x3F,
	0x29,	0x8B,	0x2E,	0x1D,	0x8D,	0x38,	0x40,	0x9D,
	0x27,	0x24,	'a',	0x2D,	0x21,	0x1A,	0x33,	0x1D,
	0x1D,	0x38,	0x20,	0x2A,	0x31,	0x17,	0x15,	0x2A,
	0xF,	0xE,	0x2B,	0x10,	0x17,	0x2F,	0x13,	0x1F,
	0x2C,	0x12,	0x21,	0x2F,	0x14,	0x28,	0x37,	0x1C,
	'B',	'C',	0x1F,	0x37,	0x3A,	0x19,	0x29,	'L',
	0x22,	0x36,	0x93,	0x3F,	'w',	0xD3,	'y',	0xCB,
	0xD9,	0xB5,	0xD7,	0xD6,	'y',	0xCB,	0xE5,	0xBE,
	0xDD,	0xF2,	0xB8,	0xE7,	0xF1,	0xBD,	0xE6,	0xEC,
	0xAC,	0xE0,	0xEB,	0x9C,	0xDD,	0xFB,	0xC7,	0xEA,
	0xFB,	0xC6,	0xEA,	0xEE,	0xAF,	0xE1,	0x1A,	0x6,
	0x2,	0x1A,	0x6,	0x2,	0x18,	0x4,	0x0,	0x18,
	0x4,	0x0,	0x17,	0x4,	0x0,	0x17,	0x4,	0x0,
	0x17,	0x4,	0x0,	0x17,	0x4,	0x0,	0x17,	0x4,
	0x0,	0x17,	0x4,	0x0,	0x1F,	0x9,	0x8,	0x20,
	0xA,	0x9,	0x22,	0xB,	0xB,	0x26,	0xD,	0xF,
	0x3C,	0x1F,	0x2A,	'O',	0x2A,	'F',	'F',	0x21,
	0x3A,	0x19,	0x4,	0x2,	0x1B,	0x5,	0x2,	0x20,
	0x9,	0x6,	0x25,	0xD,	0x10,	0x20,	0xB,	0xA,
	0x1C,	0x8,	0x7,	0x1E,	0x8,	0x7,	0x1B,	0x7,
	0x1,	0x1C,	0x7,	0x1,	0x1E,	0x9,	0x1,	0x20,
	0xA,	0x0,	0x2B,	0x16,	0x3,	0x32,	0x20,	0x8,
	'r',	'N',	0xC,	0xCB,	0x8D,	0x2B,	0xEA,	0xC1,
	'W',	0xF7,	0xD7,	0xCF,	0xF9,	0xE3,	0xDB,	0xFA,
	0xE4,	0xD9,	0xF8,	0xE1,	0xD4,	0xF3,	0xDF,	0xCF,
	0xEF,	0xDD,	0xD3,	0xE9,	0xD7,	0xAA,	0xE4,	0xD6,
	0x8C,	0xE2,	0xD7,	0xD5,	'g',	'D',	0x2E,	0x36,
	0x23,	0x1,	0x2C,	0x1B,	0x7,	0x2B,	0x1A,	0x5,
	'M',	0x30,	0xE,	'm',	0x3C,	0xD,	'Q',	0x37,
	0x33,	'B',	'R',	0xD7,	0x34,	0x94,	0xF8,	0x3E,
	0xD0,	0xFF,	0x85,	0xE9,	0xFF,	0xAE,	0xF4,	0xFF,
	0xEE,	0xFA,	0xFF,	0xFF,	0xFF,	0xFF,	0xFF,	0xFF,
	0xFF,	0xFF,	0xFF,	0xFF,	0xF9,	0xFD,	0xFF,	0xB6,
	0xF4,	0xFF,	'G',	0xDF,	0xFF,	0x38,	0xBB,	0xEB,
	0x2E,	'w',	0xD8,	0x20,	0x24,	'K',	0x19,	0xC,
	0xC,	0x19,	0xB,	0x7,	0x26,	0x2F,	'p',	0x18,
	0x7,	0x6,	0x1A,	0x7,	0x2,	0x1A,	0x7,	0x4,
	0x24,	0x15,	0x12,	0x24,	0x1A,	0x1C,	0x28,	0x21,
	0x27,	0x2B,	0x27,	0x35,	0x35,	0x2C,	0x34,	'A',
	0x39,	'E',	0x38,	'o',	0x17,	0x5D,	0xD7,	0x37,
	0xC2,	0xE5,	0x80,	0xD3,	0xD3,	0x40,	0xBB,	0x98,
	0xE,	0x9B,	0x92,	0x99,	0xA9,	0xA3,	0xB7,	0xB1,
	'l',	0x30,	0xC1,	0xE8,	0xF1,	0xD3,	0xED,	0xF8,
	0xA1,	0xC4,	0xC8,	0xC8,	'L',	0x6,	0x8A,	0x33,
	0x3,	0x18,	0xB,	0x1,	0xDD,	'g',	0xA,	0xB7,
	'r',	0xA,	0xE6,	0xD7,	0xD3,	0xEF,	0xD9,	0xD7,
	0xE7,	0xD3,	0xD3,	0xDF,	0xC2,	0xD0,	0xB1,	0x84,
	0xC7,	0x87,	0x5F,	0xAA,	0x5E,	'C',	0x9B,	0x38,
	0x25,	0x88,	0x2B,	0x19,	0x8C,	0x2C,	0x24,	0x8A,
	0x2B,	0x25,	't',	0x35,	0x28,	0x13,	0x31,	0x1E,
	0x14,	0x32,	0x17,	0x13,	0x28,	0x11,	0xA,	0x24,
	0xC,	0x7,	0x23,	0xA,	0xB,	0x27,	0x10,	0x12,
	0x2A,	0x12,	0x1B,	0x2D,	0x12,	0x2D,	0x2E,	0x16,
	0x31,	'L',	0x27,	'J',	'A',	0x1C,	0x2E,	'V',
	0x26,	'H',	'f',	0x30,	0x5D,	0xB7,	0x5B,	0xAB,
	0xC9,	'r',	0xCF,	0xDE,	0x92,	0xD8,	0xE5,	0xCB,
	0xDF,	0xE7,	0xAB,	0xDE,	0xE7,	0xA8,	0xDE,	0xF7,
	0xC7,	0xE9,	0xFA,	0xC9,	0xEC,	0xFF,	0xCD,	0xEC,
	0xFE,	0xD5,	0xED,	0xFE,	0xD2,	0xF1,	0x1A,	0x6,
	0x2,	0x18,	0x4,	0x0,	0x1A,	0x6,	0x3,	0x1A,
	0x6,	0x2,	0x17,	0x4,	0x0,	0x17,	0x4,	0x0,
	0x17,	0x4,	0x0,	0x17,	0x4,	0x0,	0x17,	0x4,
	0x0,	0x17,	0x4,	0x0,	0x1D,	0x7,	0x6,	0x22,
	0xB,	0xC,	0x29,	0xF,	0x12,	0x2B,	0x10,	0x12,
	0x3E,	0x1F,	0x2B,	'W',	0x2F,	'L',	0x5C,	0x32,
	'X',	0x24,	0xC,	0xF,	0x1B,	0x5,	0x2,	0x1E,
	0xB,	0x5,	0x2B,	0x13,	0x16,	0x34,	0x18,	0x28,
	0x1E,	0xB,	0xA,	0x1C,	0x8,	0x6,	0x1B,	0x8,
	0x6,	0x1B,	0x6,	0x1,	0x20,	0xA,	0x3,	0x20,
	0xA,	0x0,	0x24,	0xE,	0x1,	0x2D,	0x1A,	0x3,
	0x3C,	0x2A,	0x6,	0x90,	'c',	0x1B,	0xD2,	0xA6,
	'I',	0xE8,	0xC9,	'q',	0xEF,	0xD4,	0xA1,	0xF0,
	0xDA,	0xB5,	0xF0,	0xDB,	0xC7,	0xF1,	0xDD,	0xC6,
	0xEB,	0xDB,	's',	0xE7,	0xCB,	'A',	0xE3,	0xC8,
	0x19,	0xC9,	0x9C,	'N',	'L',	0x31,	0x20,	0x27,
	0x16,	0x0,	0x26,	0x15,	0x4,	0x20,	0xF,	0x1,
	0x31,	0x1C,	0x4,	'D',	0x25,	0x8,	0x32,	0x24,
	0x2E,	0x2E,	0x3C,	0xC2,	0x35,	0xA8,	0xF8,	0x3F,
	0xD1,	0xFF,	0xA7,	0xEB,	0xFF,	0xAE,	0xF3,	0xFF,
	0xF5,	0xFC,	0xFF,	0xFF,	0xFF,	0xFF,	0xFF,	0xFF,
	0xFF,	0xFF,	0xFF,	0xFF,	0xFD,	0xFF,	0xFF,	0xDA,
	0xF6,	0xFF,	'Q',	0xE3,	0xFF,	0x3B,	0xCB,	0xED,
	0x2C,	'f',	0xC4,	0x1E,	0x1E,	0x34,	0x19,	0xB,
	0x12,	0x2A,	0x34,	0x7D,	0x39,	'V',	0x9E,	0x1A,
	0x9,	0xB,	0x1A,	0x5,	0x0,	0x1B,	0xA,	0x5,
	0x21,	0x14,	0x12,	0x23,	0x17,	0x17,	0x25,	0x1D,
	0x1D,	0x26,	0x1F,	0x2D,	0x2C,	0x25,	0x2E,	0x35,
	0x2A,	0x32,	0x2B,	'T',	0x11,	'M',	0x96,	0x17,
	0xAF,	0xCC,	0x21,	0xC8,	0xD0,	0x22,	0xC9,	0xA8,
	0x14,	0xB6,	's',	0xA,	0xB9,	'd',	0x8,	0xC3,
	'n',	0x9,	0xA5,	0xBE,	0xC2,	0xA3,	0xD4,	0xD9,
	0x92,	0x8B,	0xA1,	'j',	0x22,	0x2,	'W',	0x28,
	0x2,	0x1D,	0x10,	0x0,	0x8E,	'A',	0x5,	'q',
	'U',	0x6,	0xE2,	0xC1,	0xC6,	0xE9,	0xD3,	0xD0,
	0xDF,	0xB1,	0xCE,	0xC7,	0x96,	0xCE,	0x8C,	'l',
	0xAF,	'n',	'O',	0x9D,	'G',	0x31,	0x8F,	0x31,
	0x1D,	'j',	0x26,	0x15,	0x89,	0x21,	0x17,	0x7D,
	0x38,	0x31,	'p',	0x2F,	0x1C,	0x9,	0x2E,	0x18,
	0x8,	'w',	0x30,	0x16,	0x29,	0x11,	0x8,	0x24,
	0xC,	0x8,	0x20,	0xA,	0x7,	0x28,	0x11,	0x15,
	0x2C,	0x12,	0x23,	0x31,	0x14,	0x32,	0x37,	0x19,
	0x37,	0x3F,	0x1F,	0x36,	'Y',	0x2A,	'K',	0x9C,
	'A',	0x83,	0x9E,	'H',	0x85,	0xCB,	0x84,	0xBC,
	0xCC,	'q',	0xC1,	0xD9,	0x82,	0xD4,	0xE3,	0xC3,
	0xDD,	0xE0,	0xAF,	0xDB,	0xE0,	0x91,	0xD7,	0xF1,
	0xCC,	0xE4,	0xFA,	0xD5,	0xEC,	0xFF,	0xDA,	0xF7,
	0xFA,	0xCD,	0xED,	0xFD,	0xCA,	0xEF,	0x1A,	0x6,
	0x2,	0x1A,	0x6,	0x2,	0x18,	0x4,	0x0,	0x1A,
	0x6,	0x2,	0x18,	0x4,	0x1,	0x17,	0x4,	0x0,
	0x17,	0x4,	0x0,	0x17,	0x4,	0x0,	0x17,	0x4,
	0x0,	0x17,	0x4,	0x0,	0x1A,	0x7,	0x3,	0x26,
	0xD,	0xF,	0x2E,	0x14,	0x19,	0x32,	0x14,	0x1C,
	'W',	0x2E,	'J',	0x94,	0x5B,	0x84,	0xAA,	'r',
	0xC4,	's',	'C',	'm',	0x2B,	0x11,	0x15,	0x1C,
	0x7,	0x2,	0x1F,	0x9,	0x4,	0x34,	0x18,	0x23,
	0x23,	0xD,	0xE,	0x1A,	0x6,	0x3,	0x1B,	0x8,
	0x6,	0x1C,	0x8,	0x5,	0x22,	0xB,	0x5,	0x1D,
	0x8,	0x1,	0x22,	0xD,	0x0,	0x28,	0x11,	0x1,
	0x2B,	0x13,	0x1,	'N',	0x34,	0x9,	0xB2,	'p',
	0x20,	0xD9,	0xAD,	0x2C,	0xDF,	0xC2,	0x3D,	0xE1,
	0xC9,	'E',	0xE7,	0xD7,	'i',	0xE3,	0xD1,	0xA5,
	0xDB,	0xA2,	'A',	0xDB,	0xA9,	0x20,	0xCD,	0x86,
	0xF,	0x9E,	'T',	0x1A,	'A',	0x29,	0x19,	0x1E,
	0xF,	0x0,	0x23,	0x13,	0x3,	0x20,	0xF,	0x1,
	0x1E,	0xD,	0x1,	0x27,	0x13,	0x2,	0x2F,	0x20,
	0x23,	0x2E,	0x38,	0x97,	0x35,	0xB1,	0xF5,	'B',
	0xDF,	0xFF,	0x80,	0xE7,	0xFF,	0x95,	0xF1,	0xFF,
	0xEC,	0xFA,	0xFF,	0xFF,	0xFF,	0xFF,	0xFF,	0xFF,
	0xFF,	0xFF,	0xFF,	0xFF,	0xF7,	0xFD,	0xFF,	0xB8,
	0xF3,	0xFF,	0x5C,	0xE3,	0xFF,	0x3A,	0xC7,	0xE9,
	0x2B,	0x5B,	0xB4,	0x22,	0x2E,	'U',	0x2A,	0x2F,
	'd',	0x3F,	'h',	0xD2,	0x36,	'A',	0x93,	0x17,
	0x4,	0x0,	0x1A,	0x7,	0x1,	0x1E,	0xC,	0x7,
	0x22,	0x13,	0x11,	0x22,	0x16,	0x13,	0x22,	0x16,
	0x14,	0x22,	0x17,	0x1C,	0x27,	0x1F,	0x28,	0x28,
	0x1F,	0x20,	0x25,	0x3E,	0x9,	0x38,	'O',	0x8,
	0x89,	0xA8,	0xE,	0xAF,	0xAE,	0xF,	0xB3,	0x89,
	0xC,	0xC3,	0x85,	0xB,	0xCF,	0xA0,	0xF,	0xBB,
	0x5F,	0x7,	0x7D,	0x6,	0x0,	0xBD,	0xD8,	0xDD,
	0xB2,	0xD1,	0xD7,	0x29,	0x5,	0x0,	0x37,	0x1A,
	0x1,	0x20,	0xE,	0x0,	'X',	0x39,	0x3,	'K',
	0x3F,	0x3,	0xD7,	0xA8,	'U',	0xD8,	0x9E,	0xBB,
	0xC5,	'j',	0xB0,	0x84,	'h',	0xA8,	'a',	'K',
	0x98,	'J',	0x38,	0x90,	'B',	0x30,	0x86,	0x2B,
	0x17,	'j',	0x23,	0x14,	0x82,	0x23,	0x18,	'q',
	0x31,	0x1D,	0x12,	0x2B,	0x17,	0x4,	0x2A,	0x13,
	0x5,	0x24,	0xC,	0x5,	0x21,	0x9,	0x3,	0x21,
	0xB,	0xD,	0x22,	0xB,	0xD,	0x26,	0xF,	0x19,
	0x2F,	0x16,	'D',	0x32,	0x15,	0x36,	0x32,	0x17,
	0x2A,	'A',	0x20,	0x34,	0x85,	'A',	0x81,	'g',
	0x2E,	'V',	0xB3,	'U',	0x8B,	0xC1,	'k',	0x97,
	0xA2,	'K',	0x8F,	0xC4,	'k',	0xC3,	0xCB,	'r',
	0xC6,	0xD3,	0x83,	0xCF,	0xD5,	0x81,	0xD0,	0xDF,
	0x9C,	0xD6,	0xE5,	0xCB,	0xDC,	0xFF,	0xD9,	0xF2,
	0xFE,	0xDD,	0xF6,	0xFE,	0xDA,	0xF2,	0x1D,	0x7,
	0x7,	0x1B,	0x6,	0x2,	0x1B,	0x6,	0x2,	0x1B,
	0x7,	0x2,	0x1B,	0x7,	0x3,	0x18,	0x4,	0x0,
	0x17,	0x4,	0x0,	0x17,	0x4,	0x0,	0x17,	0x4,
	0x0,	0x17,	0x4,	0x0,	0x18,	0x4,	0x1,	0x32,
	0x15,	0x1D,	'D',	0x22,	0x34,	'P',	0x28,	'A',
	0x5C,	0x33,	'N',	0xAD,	't',	0xC4,	0xC9,	0xAF,
	0xF2,	0xC9,	0xB1,	0xF3,	0x2D,	0x13,	0x19,	0x1A,
	0x7,	0x0,	0x1E,	0x8,	0x2,	0x26,	0xD,	0x9,
	0x34,	0x17,	0x1A,	0x26,	0xD,	0x5,	0x22,	0xB,
	0x6,	0x1F,	0x9,	0x5,	0x21,	0xE,	0x9,	0x19,
	0x7,	0x1,	0x18,	0x5,	0x0,	0x1B,	0x7,	0x0,
	0x1F,	0x7,	0x0,	0x29,	0x12,	0x0,	'T',	0x38,
	0xE,	0x95,	0x5D,	0x1F,	0xBD,	't',	0x31,	0xBD,
	'u',	0x3C,	0xB8,	'i',	'N',	0xBB,	'j',	0x39,
	0xC9,	0x8D,	0x16,	0xAF,	'h',	0xD,	0x85,	'I',
	0x8,	'R',	0x31,	0x8,	0x2C,	0x14,	0x4,	0x1B,
	0x8,	0x0,	0x1F,	0xE,	0x1,	0x1E,	0xB,	0x1,
	0x1F,	0xD,	0x0,	0x26,	0x12,	0x3,	0x2A,	0x1B,
	0x1A,	0x2B,	0x30,	'm',	0x31,	0x88,	0xEB,	0x3E,
	0xCD,	0xFF,	0x3E,	0xCE,	0xFF,	'i',	0xE9,	0xFF,
	0xCF,	0xF5,	0xFF,	0xED,	0xFA,	0xFF,	0xF7,	0xFD,
	0xFF,	0xF3,	0xFC,	0xFF,	0xDA,	0xF9,	0xFF,	0x8B,
	0xED,	0xFF,	'W',	0xDD,	0xF9,	0x38,	0xC5,	0xE1,
	0x28,	'J',	0x9E,	0x25,	0x36,	0x81,	0x3F,	0x60,
	0xA3,	0x33,	0x3E,	0x98,	0x34,	'A',	0x99,	0x17,
	0x4,	0x0,	0x1C,	0x8,	0x1,	0x21,	0xF,	0xC,
	0x22,	0x11,	0xE,	0x1F,	0x11,	0xE,	0x20,	0x12,
	0xF,	0x24,	0x17,	0x17,	0x29,	0x1E,	0x25,	0x26,
	0x1D,	0x14,	0x20,	0x1B,	0x0,	0x23,	0x17,	0x0,
	0x33,	0x25,	0x1,	'W',	'E',	0x4,	'd',	'Q',
	0x6,	0x8C,	'j',	0x8,	0x91,	'Z',	0x6,	0x7C,
	'D',	0x4,	0x5F,	0x23,	0x1,	0xB5,	0xD7,	0xDB,
	0x9A,	0xBE,	0xC7,	0x1A,	0x4,	0x0,	0x26,	0xE,
	0x0,	0x1F,	0xD,	0x0,	'B',	0x2A,	0x2,	0x3B,
	0x27,	0x2,	0xC3,	0x8C,	'P',	0xBF,	't',	0x5F,
	'i',	'G',	0x89,	'I',	0x3F,	'v',	0x3F,	0x2E,
	0x83,	0x2E,	0x1E,	'm',	0x2E,	0x1E,	0x7F,	0x23,
	0x14,	0x80,	0x22,	0x13,	'v',	0x30,	0x1D,	0xE,
	'H',	0x37,	0x3,	'T',	0x3C,	0x7,	0xBB,	0x9E,
	0x1E,	'P',	0x3E,	0xD,	'F',	0x3A,	0x2B,	0x39,
	0x32,	0x24,	'E',	0x39,	'F',	0x3C,	0x30,	'P',
	0x2D,	0x1A,	'E',	0x2C,	0x15,	0x29,	0x31,	0x18,
	0x2B,	0x31,	0x15,	0x22,	'H',	0x22,	0x38,	0x7F,
	0x37,	'o',	0xA7,	'N',	0x8C,	0xBF,	'M',	0x8B,
	0xCB,	0xA4,	0xC6,	0xB7,	0x5D,	0xAB,	0xC3,	'm',
	0xBC,	0xC3,	'n',	0xB7,	0xC9,	'g',	0xB7,	0xD5,
	'y',	0xC6,	0xDB,	0xBA,	0xD4,	0xE9,	0xB3,	0xDF,
	0xFD,	0xD9,	0xF1,	0xFD,	0xD9,	0xF0,	0x21,	0xA,
	0x9,	0x1D,	0x7,	0x6,	0x18,	0x4,	0x0,	0x1B,
	0x7,	0x2,	0x18,	0x4,	0x0,	0x1A,	0x6,	0x2,
	0x18,	0x4,	0x1,	0x17,	0x4,	0x0,	0x17,	0x4,
	0x0,	0x17,	0x4,	0x0,	0x1A,	0x7,	0x3,	'C',
	0x21,	0x30,	'b',	0x34,	'N',	'k',	0x38,	'V',
	'c',	0x38,	'S',	0x88,	'P',	'v',	0xD1,	0xB4,
	0xF7,	0xC5,	0xAC,	0xF0,	0x5B,	0x33,	'a',	0x1B,
	0x7,	0x0,	0x1D,	0x7,	0x2,	0x22,	0xB,	0x3,
	'F',	0x26,	0x2E,	0x33,	0x19,	0xE,	0x2D,	0x12,
	0x3,	0x33,	0x15,	0xC,	0x33,	0x18,	0xB,	0x21,
	0xB,	0x2,	0x18,	0x5,	0x0,	0x18,	0x6,	0x0,
	0x18,	0x7,	0x0,	0x1A,	0x6,	0x0,	0x27,	0x14,
	0x0,	'H',	0x30,	0xB,	'j',	'J',	0x1B,	0x7E,
	'V',	0x17,	'p',	'M',	0x20,	0x7E,	'R',	0xC,
	'k',	'H',	0xB,	0x5D,	0x3E,	0xB,	'H',	0x2D,
	0x8,	0x3A,	0x1F,	0x3,	0x24,	0xD,	0x0,	0x19,
	0x7,	0x0,	0x1B,	0x8,	0x1,	0x1B,	0x8,	0x0,
	0x1D,	0x9,	0x0,	0x20,	0xB,	0x2,	0x22,	0x12,
	0xB,	0x22,	0x22,	0x3F,	0x29,	'V',	0xC0,	0x35,
	0xB5,	0xF0,	0x38,	0xBB,	0xFA,	'C',	0xD4,	0xFF,
	0x7C,	0xEC,	0xFF,	0x91,	0xF2,	0xFF,	0xA4,	0xF3,
	0xFF,	0xB7,	0xF5,	0xFF,	0xAD,	0xF2,	0xFF,	'w',
	0xE3,	0xFD,	0x39,	0xC3,	0xEB,	0x30,	0x8F,	0xD5,
	0x30,	'Y',	0xAB,	0x23,	0x2C,	'i',	0x3D,	'L',
	0x94,	0x29,	0x25,	'f',	0x19,	0x5,	0x13,	0x18,
	0x7,	0x5,	0x1E,	0xB,	0x7,	0x25,	0x15,	0x15,
	0x20,	0x10,	0xC,	0x1E,	0xE,	0x9,	0x1E,	0xF,
	0xB,	0x1F,	0xF,	0xD,	0x1F,	0x10,	0xE,	0x1B,
	0xE,	0x0,	0x1C,	0xE,	0x0,	0x20,	0xF,	0x0,
	0x28,	0x17,	0x0,	'B',	0x2E,	0x3,	'l',	'P',
	0x8,	0xA8,	0x90,	0x12,	0x89,	'a',	0xA,	'b',
	0x38,	0x4,	'S',	0x30,	0xC,	'X',	0x5D,	0x85,
	0x36,	0x1F,	0xC,	0x27,	0xD,	0x0,	0x1D,	0x8,
	0x0,	0x23,	0xE,	0x0,	0x3C,	0x24,	0x1,	0x36,
	0x21,	0x1,	0x5F,	0x3E,	0x15,	'T',	0x39,	0x34,
	0x38,	0x2D,	0x40,	0x32,	0x25,	'H',	0x2C,	0x1F,
	'o',	0x23,	0x14,	'K',	0x25,	0x18,	'x',	0x25,
	0x18,	'u',	0x36,	0x25,	'A',	0x37,	0x2A,	0xC,
	0x3B,	0x31,	0x14,	'H',	'B',	0x11,	0xB5,	0xA8,
	'd',	'i',	0x80,	0x7C,	'L',	0x40,	'W',	0x5D,
	'O',	'u',	'd',	'P',	'Z',	0x32,	0x21,	0x27,
	0x27,	0x12,	0x2A,	0x2B,	0x13,	0x2D,	0x36,	0x1B,
	0x34,	0x3A,	0x1C,	0x37,	0x3B,	0x1C,	0x35,	0x83,
	0x39,	0x7E,	'k',	0x2E,	'S',	0x90,	0x3E,	'y',
	0xBF,	0x5C,	0xA2,	0xBB,	0x5D,	0xAB,	0xBB,	'h',
	0xB4,	0xB7,	0x60,	0xAF,	0xBA,	'b',	0xB0,	0xBC,
	'd',	0xB1,	0xCE,	0x81,	0xCE,	0xE3,	0xBA,	0xD9,
	0xF0,	0xBF,	0xE5,	0xFE,	0xD9,	0xF2,	0x21,	0x8,
	0xA,	0x1D,	0x7,	0x7,	0x1B,	0x6,	0x2,	0x18,
	0x4,	0x0,	0x1B,	0x7,	0x2,	0x1A,	0x7,	0x4,
	0x18,	0x4,	0x1,	0x18,	0x4,	0x1,	0x17,	0x4,
	0x0,	0x17,	0x4,	0x0,	0x1E,	0x8,	0x6,	'b',
	0x35,	'V',	'z',	0x3E,	0x5C,	'p',	0x3F,	0x5D,
	'n',	0x3D,	0x5F,	'r',	0x3F,	0x5F,	0xB4,	0x87,
	0xE4,	0xC7,	0xB3,	0xF5,	0xAB,	0x7C,	0xE1,	0x3A,
	0x1C,	0x25,	0x1D,	0x9,	0x2,	0x1F,	0x9,	0x3,
	0x38,	0x1D,	0x1B,	'L',	0x2F,	0x2F,	0x31,	0x18,
	0x5,	0x38,	0x21,	0xE,	'B',	0x25,	0x13,	0x2E,
	0x12,	0x8,	0x2A,	0xE,	0x0,	0x29,	0xD,	0x1,
	0x24,	0xD,	0x6,	0x1A,	0x7,	0x1,	0x18,	0x5,
	0x0,	0x20,	0xF,	0x3,	0x32,	0x1E,	0x7,	0x35,
	0x21,	0x6,	'B',	0x2A,	0x3,	0x38,	0x22,	0x4,
	0x39,	0x22,	0x4,	0x35,	0x1D,	0x2,	0x2F,	0x15,
	0x1,	0x2B,	0x11,	0x0,	0x21,	0xC,	0x0,	0x18,
	0x5,	0x0,	0x19,	0x6,	0x0,	0x1A,	0x7,	0x0,
	0x1A,	0x7,	0x1,	0x1D,	0x8,	0x1,	0x20,	0xE,
	0x4,	0x22,	0x18,	0x1B,	0x23,	0x38,	't',	0x2C,
	't',	0xD4,	0x31,	0x91,	0xE7,	0x36,	0xB5,	0xF3,
	0x3F,	0xC9,	0xF7,	0x5E,	0xD9,	0xFA,	0x5D,	0xE2,
	0xFF,	'e',	0xE1,	0xFD,	'o',	0xD3,	0xF5,	0x38,
	0xBF,	0xE8,	0x2F,	0x81,	0xD8,	0x2C,	0x60,	0xB1,
	0x2E,	'g',	0xB9,	0x27,	'B',	0x94,	0x26,	0x37,
	0x87,	0x24,	0x2B,	0x92,	0x1B,	0xB,	0x28,	0x1B,
	0xC,	0x9,	0x22,	0x11,	0x10,	0x24,	0x17,	0x16,
	0x1D,	0xC,	0x9,	0x1C,	0xB,	0x6,	0x1D,	0xB,
	0x7,	0x1C,	0xB,	0x8,	0x1A,	0x7,	0x4,	0x1B,
	0xC,	0x0,	0x1C,	0xB,	0x0,	0x1F,	0xB,	0x1,
	0x25,	0x11,	0x0,	0x35,	0x1E,	0x2,	'S',	0x32,
	0x5,	0xBA,	0x95,	0xE,	0xB2,	0x83,	0xC,	0x5F,
	0x36,	0x4,	'P',	0x29,	0x2,	'E',	0x1A,	0x1,
	0x35,	0x17,	0x0,	0x25,	0xE,	0x0,	0x1E,	0x9,
	0x0,	0x27,	0x12,	0x0,	0x39,	0x25,	0x1,	0x2B,
	0x19,	0x1,	0x3A,	0x25,	0xE,	0x2F,	0x1B,	0x16,
	0x27,	0x18,	0x1B,	0x26,	0x17,	0x1E,	0x26,	0x17,
	0x3A,	0x28,	0x19,	0x5E,	0x25,	0x15,	0x3A,	0x2D,
	0x1E,	0x36,	0x39,	0x29,	0x2C,	'P',	0x3F,	0x3D,
	0x81,	'x',	'H',	0xC2,	0xC3,	0xB1,	0xC4,	0xC4,
	0xB6,	0xC5,	0xC5,	0xB5,	'g',	'J',	0x3F,	0x3B,
	0x26,	0x16,	0x2C,	0x1B,	0xD,	0x26,	0x15,	0xF,
	0x22,	0xF,	0x15,	0x2E,	0x16,	0x32,	0x32,	0x17,
	0x27,	0x3B,	0x1E,	'H',	0x3D,	0x1D,	'E',	'w',
	0x2A,	'p',	'f',	0x2D,	'a',	'l',	0x2E,	0x5E,
	0x7C,	0x36,	'e',	0x9B,	'A',	's',	0xA9,	'I',
	0x88,	0xB1,	'V',	0xA7,	0xC7,	't',	0xB9,	0xC3,
	'p',	0xBB,	0xC4,	'l',	0xB6,	0xD8,	0x9C,	0xD1,
	0xD7,	0xC5,	0xD0,	0xE4,	0xAE,	0xDC,	0x1B,	0x6,
	0x2,	0x1B,	0x6,	0x2,	0x1B,	0x6,	0x2,	0x18,
	0x4,	0x0,	0x1B,	0x7,	0x2,	0x1B,	0x7,	0x5,
	0x20,	0xB,	0xA,	0x18,	0x4,	0x1,	0x18,	0x4,
	0x1,	0x18,	0x4,	0x1,	0x18,	0x4,	0x1,	'N',
	0x25,	'C',	'z',	'A',	'b',	'j',	0x3A,	'Y',
	's',	0x3E,	'a',	'k',	0x3C,	0x5C,	0xA1,	'g',
	0xA0,	0xC2,	0xA7,	0xEF,	0xBA,	0xA1,	0xE9,	'D',
	0x26,	0x34,	0x1E,	0x9,	0x0,	0x1F,	0x9,	0x3,
	0x1F,	0xA,	0x3,	0x3B,	0x21,	0x23,	0x3B,	0x22,
	0x13,	0x3A,	0x20,	0xE,	'F',	0x2D,	0x18,	'A',
	0x2A,	0x1C,	0x37,	0x1C,	0x5,	0x33,	0x17,	0x1,
	0x36,	0x1A,	0x5,	0x32,	0x18,	0x4,	0x25,	0xC,
	0x0,	0x1F,	0x7,	0x0,	0x1F,	0xB,	0x2,	0x1A,
	0x4,	0x0,	0x21,	0x7,	0x1,	0x20,	0x7,	0x0,
	0x21,	0x9,	0x0,	0x23,	0xD,	0x0,	0x24,	0x10,
	0x0,	0x23,	0xC,	0x0,	0x1E,	0xA,	0x0,	0x18,
	0x5,	0x0,	0x19,	0x5,	0x0,	0x1B,	0x8,	0x1,
	0x1B,	0x7,	0x1,	0x1C,	0x7,	0x1,	0x1E,	0xB,
	0x3,	0x22,	0x11,	0xC,	0x24,	0x20,	0x30,	0x21,
	0x33,	'a',	0x28,	'N',	0xA7,	0x2E,	'w',	0xDB,
	0x31,	0x99,	0xE1,	0x33,	0xA6,	0xE4,	0x34,	0xAA,
	0xE7,	0x32,	0x9C,	0xE5,	0x2E,	0x7E,	0xDD,	0x2D,
	'p',	0xBB,	0x2B,	0x5C,	0x9C,	0x30,	'Y',	0xA0,
	0x2A,	'Y',	0xA9,	0x2B,	0x5C,	0xB6,	0x2E,	'O',
	0xA4,	0x27,	0x37,	'y',	0x1C,	0x17,	0x2B,	0x21,
	0x13,	0x19,	0x27,	0x16,	0x18,	0x21,	0x14,	0x15,
	0x1A,	0x7,	0x4,	0x1B,	0x7,	0x3,	0x1B,	0x7,
	0x3,	0x1A,	0x7,	0x3,	0x19,	0x6,	0x0,	0x1A,
	0xA,	0x0,	0x1C,	0xA,	0x0,	0x1E,	0xA,	0x0,
	0x20,	0xD,	0x1,	0x27,	0x11,	0x2,	0x38,	0x1D,
	0x1,	0x5B,	0x3D,	0xA,	0x9B,	'c',	0xA,	'Y',
	0x2F,	0x3,	'E',	0x20,	0x2,	0x35,	0x17,	0x1,
	0x2B,	0x10,	0x0,	0x22,	0xB,	0x0,	0x1E,	0xA,
	0x0,	0x2F,	0x19,	0x1,	0x37,	0x21,	0x1,	0x2C,
	0x1F,	0x1,	0x32,	0x1B,	0x8,	0x26,	0x12,	0xA,
	0x25,	0x12,	0x12,	0x25,	0x14,	0x1B,	0x22,	0x12,
	0x1A,	0x26,	0x16,	0x16,	'Q',	0x36,	0x35,	0xC4,
	0xC3,	0xB4,	0xC5,	0xC8,	0xBB,	0xAC,	0xB3,	0x99,
	0xA7,	0x94,	0x5D,	0xC5,	0xC7,	0x93,	0xB7,	0xC1,
	0xA3,	'e',	'X',	'G',	0x38,	0x25,	0x15,	0x29,
	0x19,	0xB,	0x23,	0x12,	0xA,	0x20,	0xF,	0x9,
	0x24,	0x10,	0x11,	0x2E,	0x15,	0x34,	0x30,	0x16,
	0x26,	0x34,	0x17,	0x31,	'V',	0x28,	'w',	'l',
	0x34,	'r',	0xBC,	'j',	0x9A,	0x91,	'B',	0x8A,
	0x60,	0x2B,	'H',	's',	0x35,	'W',	0x9E,	'H',
	0x7C,	0xB2,	'Q',	0x95,	0xC1,	'j',	0xC2,	0xC6,
	'r',	0xBA,	0xD1,	0x7B,	0xC1,	0xD5,	0x89,	0xD0,
	0xD5,	0x87,	0xC2,	0xCB,	'w',	0xB8,	0x1D,	0x7,
	0x6,	0x1D,	0x7,	0x6,	0x1B,	0x7,	0x2,	0x1B,
	0x7,	0x2,	0x1B,	0x7,	0x2,	0x22,	0xB,	0xC,
	0x25,	0xD,	0x10,	0x1D,	0x8,	0x8,	0x18,	0x4,
	0x1,	0x18,	0x4,	0x2,	0x18,	0x4,	0x2,	0x23,
	0xB,	0xD,	'k',	0x39,	'Y',	'j',	0x3C,	0x5B,
	0x5F,	0x32,	'V',	0x5F,	0x33,	0x5C,	0x85,	'O',
	0x7F,	0xBA,	0x94,	0xEB,	0xC3,	0xB4,	0xF5,	0x9D,
	'k',	0x9E,	0x26,	0x10,	0x5,	0x22,	0xC,	0x3,
	0x22,	0xC,	0x3,	0x27,	0x10,	0xB,	0x40,	0x25,
	0x2F,	0x36,	0x1D,	0xC,	'P',	0x2E,	0x13,	'U',
	0x32,	0x19,	'J',	0x2D,	0x19,	'F',	0x2A,	0x12,
	0x3E,	0x22,	0x5,	0x3D,	0x23,	0x4,	0x38,	0x1F,
	0x3,	0x33,	0x1A,	0x1,	0x36,	0x1D,	0x13,	0x37,
	0x23,	0x22,	0x26,	0x18,	0x13,	0x2F,	0x1F,	0x22,
	0x20,	0x11,	0x10,	0x18,	0x7,	0x3,	0x19,	0x5,
	0x0,	0x1B,	0x7,	0x0,	0x1D,	0xA,	0x0,	0x19,
	0x7,	0x0,	0x18,	0x5,	0x0,	0x1B,	0x7,	0x0,
	0x1D,	0x7,	0x1,	0x1D,	0x7,	0x0,	0x21,	0xB,
	0x1,	0x26,	0x11,	0x5,	0x29,	0x18,	0xF,	0x29,
	0x26,	0x28,	0x27,	0x2F,	0x3C,	0x2A,	'O',	0x8E,
	0x29,	'W',	0x98,	0x28,	'S',	0x9D,	0x28,	'O',
	0x9F,	0x28,	'O',	0x9A,	0x27,	'M',	0x91,	0x27,
	'B',	'o',	0x26,	0x37,	'c',	0x21,	0x2E,	'M',
	0x2A,	0x5B,	0x96,	0x38,	'k',	0xBF,	0x3B,	0x5D,
	0xB8,	0x2A,	0x34,	'm',	0x20,	0x1D,	0x3C,	0x28,
	0x1D,	0x2B,	0x24,	0x16,	0x16,	0x19,	0xA,	0x7,
	0x19,	0x7,	0x0,	0x1A,	0x6,	0x1,	0x1A,	0x9,
	0x1,	0x1A,	0xA,	0x0,	0x1A,	0xA,	0x0,	0x1B,
	0x9,	0x0,	0x1C,	0xA,	0x0,	0x1F,	0xB,	0x1,
	0x21,	0xE,	0x1,	0x22,	0xF,	0x1,	0x2F,	0x18,
	0x2,	'B',	0x24,	0x3,	'V',	0x2D,	0x5,	0x5D,
	0x38,	0x5,	0x3A,	0x1B,	0x1,	0x2E,	0x13,	0x1,
	0x27,	0xE,	0x0,	0x23,	0xA,	0x0,	0x21,	0xB,
	0x0,	0x2B,	0x15,	0x0,	0x28,	0x15,	0x0,	0x2B,
	0x16,	0x1,	0x26,	0xF,	0x1,	0x26,	0x10,	0x3,
	0x23,	0xF,	0x8,	0x35,	0x1F,	0x14,	'Y',	0x33,
	0x29,	'x',	'H',	0x31,	0xAB,	'v',	0x5B,	0xC8,
	0xA4,	0x7E,	0x81,	'W',	0x37,	'H',	0x2F,	0xA,
	0x36,	0x26,	0x1,	0x1A,	0x17,	0x0,	0x18,	0xE,
	0x0,	0x18,	0x6,	0x0,	0x19,	0xC,	0x0,	0x20,
	0xD,	0x4,	0x22,	0xF,	0x6,	0x20,	0xC,	0x6,
	0x29,	0xF,	0x1A,	0x30,	0x16,	0x38,	0x2F,	0x15,
	0x24,	0x2C,	0x13,	0x28,	0x37,	0x19,	0x3E,	'n',
	0x37,	'q',	0x7C,	0x39,	0x7F,	0xA2,	'P',	0x94,
	0x95,	0x40,	'w',	0xB1,	'K',	0x92,	0xCF,	'n',
	0xBE,	0xA9,	'J',	0x84,	0xB0,	'R',	0xA8,	0xCC,
	0x84,	0xCA,	0xCD,	0x82,	0xC8,	0xD5,	0xB2,	0xD1,
	0xD6,	0xBA,	0xD3,	0xC7,	'x',	0xBB,	0x1D,	0x7,
	0x6,	0x1B,	0x7,	0x2,	0x18,	0x4,	0x0,	0x1D,
	0x7,	0x7,	0x1D,	0x7,	0x6,	0x1F,	0x7,	0x6,
	0x22,	0xB,	0xB,	0x1D,	0x9,	0x9,	0x18,	0x4,
	0x2,	0x18,	0x4,	0x2,	0x18,	0x4,	0x2,	0x18,
	0x4,	0x2,	0x2E,	0x11,	0x1C,	'a',	0x35,	0x5E,
	'T',	0x2A,	'N',	'U',	0x2C,	'R',	0x60,	0x36,
	'f',	0xA5,	'e',	0xAD,	0xBF,	0xA8,	0xF1,	0xAD,
	0x88,	0xE7,	'A',	0x24,	0x2B,	0x31,	0x19,	0x15,
	0x2F,	0x17,	0xE,	0x35,	0x1A,	0x1A,	'n',	'K',
	0x5E,	'E',	0x26,	0x1D,	'M',	0x29,	0xC,	'i',
	0x3D,	0x16,	0x5D,	0x36,	0x19,	'f',	'B',	0x28,
	'Y',	0x37,	0x19,	'R',	0x31,	0xF,	'T',	0x34,
	0x14,	'L',	0x2C,	0x6,	'I',	0x2C,	0x4,	'F',
	0x32,	0x1B,	0x40,	0x37,	0x20,	0x3C,	0x37,	0x2A,
	0x38,	0x2F,	0x30,	0x2B,	0x22,	0x22,	0x26,	0x1A,
	0x19,	0x1C,	0xF,	0xC,	0x1C,	0x9,	0x1,	0x1D,
	0x7,	0x0,	0x1B,	0x7,	0x0,	0x1B,	0x7,	0x0,
	0x1E,	0x7,	0x0,	0x1E,	0x7,	0x1,	0x1F,	0x9,
	0x1,	0x22,	0xB,	0x3,	0x27,	0x12,	0x7,	0x2B,
	0x18,	0xF,	0x28,	0x1C,	0x12,	0x2D,	0x2C,	0x3C,
	0x2F,	0x33,	'X',	0x2C,	0x32,	'M',	0x2A,	0x2E,
	0x3A,	0x28,	0x31,	0x3E,	0x28,	0x34,	'X',	0x24,
	0x28,	0x34,	0x22,	0x1F,	0x1C,	0x21,	0x1A,	0x15,
	0x2B,	0x2C,	'Q',	0x3D,	'M',	0x91,	0x39,	'I',
	0x93,	0x29,	0x2E,	'd',	0x2B,	0x27,	'A',	0x2A,
	0x1E,	0x28,	0x1C,	0xE,	0xC,	0x18,	0x5,	0x1,
	0x18,	0x5,	0x0,	0x19,	0x5,	0x0,	0x1A,	0xC,
	0x0,	0x1C,	0x10,	0x0,	0x1B,	0xA,	0x0,	0x1B,
	0xA,	0x0,	0x1D,	0xA,	0x0,	0x1F,	0xC,	0x0,
	0x25,	0x10,	0x1,	0x26,	0x11,	0x2,	0x2B,	0x12,
	0x1,	0x35,	0x18,	0x2,	'C',	0x22,	0x4,	0xA3,
	'P',	0xC,	0x2F,	0x13,	0x2,	0x29,	0x10,	0x1,
	0x21,	0xA,	0x0,	0x1E,	0xA,	0x0,	0x20,	0xA,
	0x0,	0x22,	0xD,	0x0,	0x23,	0x13,	0x0,	0x34,
	0x20,	0x1,	0x2F,	0x19,	0x3,	0x1E,	0x10,	0x0,
	'I',	0x2C,	0x2,	0x92,	'd',	0x5D,	0xCE,	0xC9,
	0xC9,	0xBE,	0xB7,	0xCC,	0xB1,	0xA8,	0xC9,	0xB2,
	0xB7,	0xC9,	0xAB,	0x97,	0xB6,	0xC9,	0xC1,	0xC7,
	0xCE,	0xCB,	0xC9,	0xCF,	0xCC,	0xCB,	0xCF,	0xCB,
	0xCB,	0xCB,	0xBD,	0xC5,	0x9A,	'g',	0x89,	'O',
	0x31,	0x3C,	0xB1,	0xA3,	0x8F,	0x1E,	0xB,	0x7,
	0x25,	0xE,	0x1B,	0x2A,	0x12,	0x26,	0x33,	0x17,
	0x33,	0x36,	0x19,	0x3E,	0x5B,	0x2A,	'n',	0x39,
	0x17,	0x30,	'P',	0x25,	'W',	0xA3,	'F',	0x95,
	0xBC,	'Q',	0x95,	0xB6,	'U',	0x93,	0xC8,	'u',
	0xAE,	0x8C,	'D',	'v',	0xB1,	'V',	0xAE,	0xCE,
	0x87,	0xC0,	0xC9,	0x82,	0xC5,	0xD4,	0x81,	0xC6,
	0xD7,	0x8D,	0xD4,	0xC4,	0x7C,	0xC4,	0x20,	0xA,
	0x9,	0x20,	0xA,	0x9,	0x1D,	0x7,	0x5,	0x24,
	0xC,	0xD,	0x24,	0xB,	0xD,	0x24,	0xB,	0xD,
	0x24,	0xC,	0xF,	0x22,	0xB,	0xC,	0x1B,	0x7,
	0x5,	0x1B,	0x7,	0x5,	0x18,	0x4,	0x2,	0x18,
	0x4,	0x2,	0x18,	0x4,	0x2,	0x2D,	0x11,	0x18,
	'X',	0x32,	'd',	0x5B,	0x31,	0x60,	'S',	0x2C,
	'Q',	'w',	'D',	0x8B,	0xBB,	0x9D,	0xEE,	0xB1,
	0x91,	0xEB,	'j',	'B',	'Y',	0x35,	0x1C,	0x19,
	0x3A,	0x1F,	0x1C,	0x40,	0x23,	0x24,	'O',	0x32,
	0x39,	0x82,	'Z',	'T',	0x34,	0x19,	0xA,	'I',
	0x26,	0x13,	'a',	0x36,	0x24,	'j',	0x3B,	0x2D,
	'x',	'J',	0x35,	'w',	'M',	0x2E,	0x84,	0x5E,
	'J',	0x96,	'l',	0x5D,	0x82,	'Y',	'E',	0x85,
	'b',	'P',	0x82,	'g',	0x5F,	'i',	'R',	'H',
	'Q',	0x34,	0x1D,	0x40,	0x29,	0xD,	'F',	0x34,
	0x21,	'F',	0x39,	0x33,	0x3B,	0x3F,	'R',	0x28,
	0x20,	0x22,	0x18,	0x4,	0x0,	0x1A,	0x5,	0x0,
	0x1E,	0x7,	0x0,	0x1D,	0x8,	0x0,	0x21,	0x8,
	0x0,	0x22,	0x8,	0x1,	0x26,	0xD,	0x3,	0x28,
	0x11,	0x6,	0x2A,	0x14,	0x9,	0x2C,	0x1A,	0x13,
	0x2F,	0x22,	0x1B,	0x2C,	0x1F,	0x11,	0x2A,	0x1D,
	0x11,	0x2A,	0x20,	0x16,	0x26,	0x1D,	0x14,	0x22,
	0x16,	0x9,	0x20,	0x13,	0x7,	0x23,	0x12,	0x3,
	0x24,	0x16,	0x7,	0x2A,	0x20,	0x17,	0x2D,	0x27,
	0x3B,	0x32,	0x37,	'R',	0x30,	0x30,	0x3D,	0x22,
	0x19,	0x17,	0x1B,	0xA,	0x2,	0x1A,	0x7,	0x0,
	0x1A,	0x7,	0x0,	0x1B,	0x8,	0x0,	0x1D,	0xA,
	0x0,	0x1F,	0xE,	0x0,	0x1F,	0xC,	0x0,	0x20,
	0xB,	0x0,	0x1E,	0xA,	0x0,	0x22,	0xB,	0x0,
	0x26,	0x11,	0x1,	0x2B,	0x14,	0x1,	0x2F,	0x15,
	0x2,	0x2F,	0x15,	0x2,	0x31,	0x17,	0x2,	0x2F,
	0x13,	0x1,	0x24,	0xD,	0x1,	0x22,	0xB,	0x0,
	0x1D,	0x8,	0x0,	0x1C,	0x7,	0x1,	0x1D,	0x9,
	0x0,	0x1F,	0xD,	0x0,	0x24,	0x14,	0x0,	0x5E,
	0x3F,	0x3,	0x32,	0x14,	0x0,	0xA7,	'y',	0x9F,
	0xDF,	0xDA,	0xDC,	0xE7,	0xE3,	0xE5,	0xE2,	0xDF,
	0xE1,	0xD6,	0xD2,	0xD1,	0xD3,	0xD3,	0xCC,	0xB9,
	0xB5,	0xC9,	0xBB,	0x9F,	0xB5,	0xB5,	0x83,	0xA0,
	0xA3,	'g',	0x88,	0xAF,	0x80,	0x9C,	0xC5,	0xC2,
	0xC1,	'e',	'F',	'O',	'x',	'Y',	's',	0x8A,
	'h',	'x',	0xC1,	0xC0,	0xB6,	'V',	0x3B,	0x60,
	0x22,	0xA,	0xB,	0x23,	0xB,	0xF,	0x2F,	0x14,
	0x2F,	'C',	0x23,	'k',	'M',	0x24,	'n',	0x3F,
	0x1A,	'L',	0x34,	0x14,	0x1E,	'a',	0x2E,	'L',
	0xA1,	'J',	0x8D,	'u',	0x31,	'N',	0x7F,	0x32,
	'O',	0x84,	0x3C,	'q',	0xC6,	'e',	0xB7,	0xCB,
	'y',	0xBE,	0xD1,	0x9A,	0xD3,	0xD3,	0x8D,	0xCB,
	0xB7,	'i',	0xAF,	0xD0,	0x89,	0xCB,	0x27,	0xE,
	0xE,	0x20,	0xA,	0x9,	0x20,	0xA,	0x9,	0x20,
	0xA,	0x9,	0x24,	0xB,	0xD,	0x24,	0xB,	0xD,
	0x21,	0xB,	0xB,	0x20,	0xB,	0xB,	0x1D,	0x9,
	0x9,	0x23,	0xB,	0xD,	0x1F,	0x9,	0x9,	0x21,
	0xC,	0xD,	0x24,	0xC,	0xF,	0x22,	0xA,	0xE,
	0x34,	0x17,	0x28,	'Y',	0x30,	'e',	'R',	0x2B,
	'U',	0x5F,	0x37,	's',	0xA4,	'w',	0xDE,	0xB7,
	0xA0,	0xF1,	0x89,	0x5F,	0x84,	0x37,	0x1E,	0x1F,
	0x2F,	0x18,	0xF,	0x31,	0x18,	0xA,	0x35,	0x1D,
	0xC,	'a',	'F',	'Z',	'G',	0x29,	0x39,	0x2D,
	0x15,	0x13,	0x3B,	0x1F,	0x1F,	'U',	0x2F,	0x2C,
	'n',	0x40,	'G',	0x7C,	'R',	'Y',	0xA3,	'f',
	'm',	0xAC,	0x81,	0x9D,	0xB2,	0x82,	0x80,	0xB9,
	0xAA,	0xA9,	0xB7,	0xB2,	0xC3,	0xB3,	0x9C,	0xA0,
	0x8C,	'p',	0x7B,	0x7E,	0x60,	0x5D,	0x8B,	'f',
	'Q',	0x8C,	0x60,	0x3C,	0x8B,	'l',	'Q',	'g',
	'e',	'q',	'D',	0x3F,	'H',	0x2A,	0x22,	0x27,
	0x18,	0x8,	0x8,	0x1A,	0x4,	0x0,	0x1D,	0x7,
	0x0,	0x21,	0x8,	0x0,	0x26,	0xC,	0x0,	0x29,
	0xE,	0x1,	0x27,	0xF,	0x3,	0x27,	0x12,	0x4,
	0x2B,	0x15,	0x8,	0x2B,	0x16,	0x6,	0x2D,	0x17,
	0x5,	0x32,	0x1C,	0x7,	0x2D,	0x17,	0x3,	0x25,
	0xF,	0x2,	0x22,	0xE,	0x1,	0x25,	0x10,	0x1,
	0x26,	0x11,	0x0,	0x27,	0x14,	0x0,	0x2C,	0x20,
	0x18,	0x35,	0x36,	'J',	0x27,	0x22,	0x1F,	0x1E,
	0x11,	0x2,	0x1D,	0xD,	0x0,	0x1F,	0xD,	0x0,
	0x1F,	0xC,	0x0,	0x1F,	0xC,	0x0,	0x1F,	0xD,
	0x0,	0x1F,	0xD,	0x0,	0x24,	0xF,	0x0,	0x22,
	0xC,	0x0,	0x1F,	0xA,	0x1,	0x1F,	0xA,	0x1,
	0x23,	0xD,	0x1,	0x24,	0xE,	0x1,	0x26,	0x10,
	0x2,	0x29,	0x12,	0x2,	0x2A,	0x11,	0x2,	0x23,
	0xB,	0x1,	0x1E,	0x8,	0x1,	0x1B,	0x7,	0x1,
	0x1B,	0x7,	0x0,	0x1A,	0x7,	0x0,	0x17,	0x4,
	0x0,	0x2F,	0x18,	0x1,	0x3C,	0x1D,	0x1,	0xBF,
	0xC1,	'm',	0xDF,	0xDB,	0xDB,	0xEB,	0xE7,	0xE9,
	0xE1,	0xDF,	0xDF,	0xDD,	0xDA,	0xD5,	0xDC,	0xD7,
	0xD0,	0xCD,	0xCC,	0xCB,	0xBA,	0xC9,	0xCA,	0xBB,
	0xBF,	0xC7,	0x7D,	'a',	0x89,	'j',	'P',	'a',
	'k',	'K',	'T',	'r',	'O',	'w',	'C',	0x2D,
	0x36,	0x39,	0x24,	0x1B,	'D',	0x35,	0x29,	0x1C,
	0x11,	0xA,	0x1F,	0xC,	0x9,	0x31,	0x15,	0x2D,
	0x22,	0xB,	0xF,	0x20,	0xA,	0xB,	0x36,	0x19,
	'R',	0x38,	0x1A,	'h',	'F',	0x20,	'i',	'a',
	0x2A,	'q',	'C',	0x1D,	0x32,	'c',	0x33,	0x5F,
	0xA0,	'O',	0x85,	0xBF,	0x3F,	't',	0x5C,	0x25,
	0x35,	'w',	0x3B,	0x7B,	0xB3,	0x5F,	0xA9,	0xC7,
	0x7F,	0xC5,	0xCE,	0x96,	0xCC,	0xD3,	0x9C,	0xD1,
	0xD4,	0x8A,	0xCA,	0xD2,	0x88,	0xC9,	0x24,	0xB,
	0xB,	0x24,	0xB,	0xC,	0x28,	0xF,	0xE,	0x26,
	0xF,	0x10,	0x28,	0xF,	0x11,	0x28,	0xF,	0x12,
	0x24,	0xD,	0x10,	0x21,	0xB,	0xB,	0x1B,	0x7,
	0x5,	0x23,	0xC,	0xC,	0x23,	0xC,	0xE,	0x28,
	0x10,	0x15,	0x25,	0xE,	0x11,	0x26,	0xE,	0x11,
	0x27,	0xF,	0x17,	0x2C,	0x12,	0x1D,	'X',	0x33,
	'j',	'b',	0x38,	0x7C,	0x91,	0x5F,	0xA1,	0xBD,
	0xB3,	0xF5,	0xA5,	't',	0xC6,	'Y',	0x36,	'P',
	0x30,	0x17,	0x13,	0x29,	0x15,	0x5,	0x34,	0x1B,
	0x13,	0x35,	0x1F,	0x26,	'r',	'V',	'd',	0x35,
	0x27,	0x3C,	0x28,	0x16,	0x19,	0x2C,	0x1B,	0x1B,
	'E',	0x30,	0x3F,	'a',	'H',	'b',	0x83,	'Z',
	0x81,	0xA1,	'l',	0x9A,	0xB3,	'z',	0xA3,	0xBB,
	0xA0,	0xCB,	0xB7,	0xB0,	0xD7,	0xB8,	0xC0,	0xDA,
	0xAB,	0xB8,	0xDC,	0x9C,	0x8C,	0xDB,	0xA9,	0xA0,
	0xDA,	0xAD,	0x91,	0xAC,	0xAE,	0x7C,	'v',	0xB9,
	0x8B,	'z',	0xAD,	0x82,	'k',	0x80,	'm',	'd',
	'Y',	'Q',	'X',	0x34,	0x32,	'A',	0x1E,	0x1E,
	0x21,	0x1F,	0x11,	0x0,	0x22,	0xC,	0x0,	0x25,
	0xD,	0x0,	0x25,	0xB,	0x0,	0x24,	0xC,	0x1,
	0x24,	0xC,	0x1,	0x26,	0xE,	0x1,	0x2C,	0x11,
	0x1,	0x34,	0x16,	0x0,	0x2F,	0x14,	0x0,	0x29,
	0x10,	0x0,	0x27,	0xF,	0x0,	0x27,	0x10,	0x0,
	0x27,	0x12,	0x0,	0x29,	0x13,	0x0,	0x29,	0x17,
	0x5,	0x28,	0x1B,	0xB,	0x25,	0x15,	0x1,	0x23,
	0x10,	0x0,	0x22,	0x10,	0x0,	0x23,	0x10,	0x0,
	0x26,	0x11,	0x0,	0x26,	0x12,	0x0,	0x26,	0x10,
	0x0,	0x23,	0xD,	0x0,	0x22,	0xD,	0x0,	0x22,
	0xB,	0x0,	0x1D,	0x9,	0x0,	0x1D,	0x9,	0x0,
	0x1F,	0xA,	0x1,	0x1D,	0x8,	0x1,	0x20,	0x9,
	0x1,	0x1F,	0x9,	0x1,	0x20,	0x9,	0x1,	0x1E,
	0x8,	0x1,	0x1B,	0x7,	0x0,	0x1A,	0x8,	0x1,
	0x17,	0x4,	0x0,	0x18,	0x6,	0x0,	'p',	'V',
	0x16,	0x91,	'q',	0x23,	0xCB,	0xCA,	0xD5,	0xEF,
	0xE9,	0xEF,	0xEA,	0xE4,	0xE9,	0xC2,	0xBB,	0xD1,
	0xDE,	0xD8,	0xDD,	0xDB,	0xD3,	0xD3,	0xC7,	0xAB,
	0xBD,	0x9E,	0x85,	0xAD,	0x83,	0x8D,	0xAA,	'f',
	'r',	0x98,	0x3E,	0x34,	0x40,	0x2A,	0x1A,	0x17,
	0x30,	0x23,	0x22,	0x24,	0x15,	0xE,	0x1E,	0x12,
	0x6,	0x23,	0x12,	0x4,	0x2B,	0x1A,	0x10,	'Q',
	'T',	'o',	0x2D,	0x15,	0x1C,	0x20,	0x9,	0xA,
	0x1C,	0x8,	0x8,	0x27,	0xE,	0x1D,	0x35,	0x19,
	'G',	'A',	0x21,	0x5C,	0x83,	0x3F,	'y',	'f',
	0x31,	0x7C,	'l',	0x34,	'y',	0x9B,	'M',	0x92,
	0xA0,	'D',	0x89,	0x83,	0x38,	'j',	0x9B,	'G',
	0x8C,	'z',	0x3C,	'u',	0xD3,	0x8E,	0xD2,	0xCD,
	0x92,	0xD2,	0xBB,	0x7E,	0xC0,	0xC8,	0x8A,	0xC9,
	0xD1,	0x91,	0xCB,	0xD2,	0x87,	0xC5,	0x24,	0xB,
	0xB,	0x24,	0xB,	0xC,	0x2E,	0x13,	0x17,	0x28,
	0xF,	0x11,	0x25,	0xC,	0xD,	0x22,	0xB,	0xA,
	0x23,	0xC,	0xD,	0x1E,	0x8,	0x9,	0x21,	0xB,
	0xC,	0x23,	0xC,	0xD,	0x23,	0xC,	0xD,	0x24,
	0xC,	0x10,	0x22,	0xB,	0xC,	0x26,	0xE,	0x12,
	0x28,	0xF,	0x15,	0x1E,	0x8,	0x9,	0x2B,	0x13,
	0x1D,	'W',	0x33,	'h',	'r',	'F',	't',	0xAB,
	0x82,	0xE4,	0xB3,	0xA0,	0xEE,	'W',	0x35,	'a',
	0x40,	0x28,	0x3B,	0x27,	0x12,	0xC,	0x2A,	0x14,
	0xB,	0x36,	0x21,	0x21,	'T',	0x40,	0x5F,	'U',
	0x3F,	'X',	0x30,	0x21,	0x29,	0x27,	0x18,	0x1B,
	0x26,	0x19,	0x1E,	0x3E,	0x31,	'G',	0x5F,	'S',
	0x84,	'v',	'e',	0x9A,	0x99,	0x7E,	0xCE,	0xBA,
	0x95,	0xD9,	0xBD,	0x9C,	0xD8,	0xC0,	0xB1,	0xD9,
	0xC6,	0xC1,	0xDC,	0xA3,	0x90,	0xE1,	0x98,	0x89,
	0xE3,	0xAB,	0xB7,	0xE8,	0xB0,	0xAE,	0xE5,	0xB9,
	0xBB,	0xE4,	0xBE,	0xBC,	0xE1,	0xB8,	0xA8,	0xDC,
	0xB1,	0x98,	0xC2,	0xA2,	0x87,	0xB3,	'b',	'e',
	0x9D,	0x40,	'N',	'z',	0x2C,	0x35,	'O',	0x26,
	0x20,	0x16,	0x26,	0x16,	0x9,	0x21,	0xA,	0x0,
	0x1F,	0x7,	0x0,	0x20,	0x7,	0x0,	0x25,	0xD,
	0x0,	0x2C,	0x10,	0x0,	0x2D,	0x12,	0x0,	0x2B,
	0x11,	0x0,	0x29,	0x11,	0x0,	0x29,	0xF,	0x0,
	0x29,	0x12,	0x0,	0x2B,	0x14,	0x0,	0x2D,	0x15,
	0x0,	0x2D,	0x16,	0x0,	0x2B,	0x14,	0x0,	0x28,
	0x12,	0x0,	0x26,	0x12,	0x1,	0x2B,	0x13,	0x0,
	0x28,	0x12,	0x1,	0x27,	0x11,	0x0,	0x25,	0xE,
	0x0,	0x23,	0xD,	0x0,	0x21,	0xA,	0x0,	0x1F,
	0x9,	0x1,	0x1C,	0x7,	0x1,	0x1B,	0x6,	0x0,
	0x1B,	0x7,	0x1,	0x1C,	0x7,	0x1,	0x1B,	0x7,
	0x0,	0x1F,	0xA,	0x1,	0x22,	0xD,	0x1,	0x1A,
	0xA,	0x0,	0x1B,	0x10,	0x0,	'K',	0x32,	0x2,
	0xAF,	0x8C,	0x9C,	0xDA,	0xD2,	0xCF,	0xE0,	0xD9,
	0xD7,	0xE8,	0xE2,	0xE7,	0xEF,	0xE7,	0xF0,	0xDD,
	0xD7,	0xDC,	0x88,	0x5D,	0x98,	'n',	'm',	0xAB,
	'L',	'I',	's',	0x26,	'K',	0x80,	0x37,	'a',
	0x8F,	0x21,	0x32,	0x5E,	0x18,	0xB,	0x5,	0x18,
	0x7,	0x3,	0x19,	0x9,	0x2,	0x1B,	0xC,	0x3,
	0x1B,	0xF,	0x8,	0x1E,	0x13,	0xD,	0x26,	0x1B,
	0x27,	0x28,	0x1F,	0x24,	0x26,	0x1A,	0x10,	0x3C,
	0x30,	0x30,	0x2F,	0x15,	0x22,	0x23,	0xD,	0xE,
	0x22,	0xC,	0xC,	0x29,	0xF,	0x23,	0x38,	0x1B,
	'j',	'V',	0x2B,	'x',	0xAB,	0x7D,	0x9D,	's',
	0x3D,	0x88,	0xB3,	'b',	0x97,	0xC4,	'u',	0xAD,
	0x93,	'H',	0x91,	0xA3,	'T',	0x9E,	0xAB,	'd',
	0xAC,	0xA9,	'a',	0xA3,	0xAD,	'd',	0xA5,	0xBB,
	'x',	0xB8,	0xB6,	'z',	0xBD,	0xBD,	0x7E,	0xB8,
	0xD0,	0xC6,	0xD0,	0xC7,	0x8D,	0xCB,	0x21,	0xA,
	0x7,	0x27,	0xF,	0xF,	0x2E,	0x13,	0x17,	0x35,
	0x17,	0x20,	0x2B,	0x12,	0x17,	0x26,	0xC,	0xE,
	0x23,	0xC,	0xD,	0x1C,	0x8,	0x5,	0x20,	0xA,
	0x9,	0x24,	0xD,	0xE,	0x26,	0xC,	0x12,	0x22,
	0xB,	0xC,	0x22,	0xB,	0xE,	0x23,	0xC,	0x10,
	0x28,	0x10,	0x16,	0x20,	0xB,	0xC,	0x1E,	0x8,
	0x9,	0x29,	0x11,	0x1A,	'r',	'E',	'j',	0x90,
	'h',	0x9B,	0xAF,	0x94,	0xE9,	0x5F,	0x40,	0x85,
	'M',	0x32,	'S',	0x40,	0x27,	0x3B,	0x29,	0x13,
	0x10,	0x2D,	0x17,	0x12,	0x36,	0x21,	0x2A,	'b',
	'R',	0x5C,	'C',	0x3A,	'O',	0x32,	0x26,	0x31,
	0x29,	0x1B,	0x22,	0x29,	0x1B,	0x25,	0x3B,	0x31,
	'I',	'X',	'R',	0x7E,	0x7B,	'r',	0xB4,	0x9F,
	0x8D,	0xDB,	0xB3,	0xA3,	0xDD,	0xBD,	0xB2,	0xDC,
	0xC4,	0xB9,	0xDD,	0xB2,	0xA9,	0xE2,	'y',	'q',
	0xE3,	0x8C,	0x91,	0xE7,	0xA1,	0xB9,	0xE9,	0xB1,
	0xBD,	0xEB,	0xB5,	0xBD,	0xEB,	0xB9,	0xB9,	0xEA,
	0xBB,	0xB3,	0xE6,	0xC1,	0xB3,	0xE3,	0xBF,	0xA0,
	0xDD,	0xA1,	'r',	0xDA,	'k',	0x5E,	0xC0,	'M',
	'Z',	0xA4,	'A',	'b',	0x97,	0x35,	'I',	'Q',
	0x2E,	0x2C,	0x26,	0x22,	0x18,	0x9,	0x24,	0x10,
	0x0,	0x24,	0xB,	0x0,	0x26,	0xA,	0x0,	0x28,
	0xB,	0x0,	0x27,	0xB,	0x0,	0x27,	0xC,	0x0,
	0x25,	0xD,	0x0,	0x26,	0xE,	0x0,	0x29,	0x10,
	0x0,	0x2B,	0x13,	0x0,	0x2B,	0x12,	0x0,	0x2D,
	0x14,	0x0,	0x2C,	0x13,	0x0,	0x2D,	0x14,	0x0,
	0x2B,	0x12,	0x0,	0x29,	0x10,	0x0,	0x27,	0xE,
	0x0,	0x24,	0xD,	0x0,	0x20,	0xB,	0x1,	0x1F,
	0xA,	0x0,	0x1D,	0x7,	0x0,	0x1B,	0x7,	0x0,
	0x1D,	0x8,	0x0,	0x20,	0xA,	0x0,	0x24,	0xE,
	0x0,	0x26,	0xF,	0x0,	0x26,	0xF,	0x0,	'i',
	'B',	0x21,	0xB8,	0x86,	0x85,	0xDA,	0xD2,	0xD1,
	0xDF,	0xD8,	0xDA,	0xE0,	0xD7,	0xDD,	0xD2,	0xCD,
	0xD3,	0xD2,	0xD0,	0xD4,	0x8F,	0x8A,	0xAF,	'C',
	'N',	0x90,	'W',	'j',	0xA8,	'D',	'N',	0x90,
	0x2C,	0x29,	0x3B,	0x2F,	0x2A,	'A',	0x29,	0x1C,
	0x22,	0x1F,	0x10,	0xA,	0x22,	0x13,	0xF,	0x21,
	0x15,	0xD,	0x23,	0x19,	0x19,	0x2C,	0x2B,	'i',
	0x23,	0x1C,	0x35,	0x27,	0x1E,	0x39,	0x34,	0x26,
	0x30,	0x37,	0x29,	0x26,	0x3F,	0x38,	'C',	'Y',
	0x31,	'd',	'q',	0x35,	'u',	0x40,	0x20,	'K',
	0x3F,	0x20,	'k',	0x3B,	0x1C,	'F',	0x37,	0x19,
	0x3D,	'v',	0x3F,	0x86,	0xC3,	0xBC,	0xC8,	0xBB,
	0x5B,	0xA2,	0xC6,	0x80,	0xB2,	0xB4,	'g',	0xA8,
	0xAE,	'c',	0xB6,	0xAE,	0x5E,	0xAF,	0xCC,	0x81,
	0xC1,	0xB5,	'q',	0xAD,	0xB9,	'n',	0xA1,	0xC0,
	'z',	0xAE,	0xCC,	0x9F,	0xD0,	0xD5,	0xAB,	0xD5,
	0xCF,	0x8D,	0xC4,	0xCF,	0xBA,	0xD0,	0x24,	0xC,
	0xD,	0x2C,	0x10,	0x12,	0x27,	0xE,	0xF,	0x2B,
	0x10,	0x14,	0x2B,	0x12,	0x15,	0x22,	0xB,	0xB,
	0x24,	0xC,	0xD,	0x28,	0xE,	0x12,	0x28,	0xF,
	0x13,	0x23,	0xC,	0xF,	0x20,	0xA,	0xC,	0x22,
	0xB,	0xD,	0x20,	0xA,	0xB,	0x27,	0xF,	0x16,
	0x20,	0xB,	0xC,	0x20,	0xB,	0xC,	0x1A,	0x5,
	0x4,	0x1B,	0x5,	0x4,	0x3D,	0x21,	0x3D,	'j',
	'H',	0x7B,	'u',	'R',	0xC9,	'r',	'U',	0xD5,
	0x5E,	0x40,	0x80,	'c',	'E',	0x81,	0x2F,	0x18,
	0x1C,	0x29,	0x11,	0x12,	0x2F,	0x1B,	0x22,	0x37,
	0x27,	0x3A,	'K',	0x3B,	'S',	0x37,	0x2A,	0x37,
	0x2F,	0x22,	0x2C,	0x2B,	0x1D,	0x25,	0x29,	0x1A,
	0x23,	0x34,	0x25,	0x2E,	'Q',	'G',	'j',	0x7B,
	'x',	0xC3,	0x8A,	0x96,	0xDC,	0xAD,	0xB5,	0xE0,
	0xA7,	0xB7,	0xE4,	0x92,	0x96,	0xE5,	0x8A,	0x90,
	0xE7,	0x7F,	0x94,	0xE9,	0xA0,	0xC1,	0xEE,	0x9D,
	0xBB,	0xEC,	0xB5,	0xCA,	0xEC,	0xBB,	0xCD,	0xEE,
	0xB1,	0xB7,	0xEE,	0xB1,	0xB4,	0xEC,	0xBD,	0xAB,
	0xE9,	0xBD,	0x95,	0xE8,	0xBD,	0x94,	0xE5,	0xB2,
	0x7E,	0xE2,	0xA7,	0x8B,	0xDE,	'z',	0x7E,	0xD8,
	'f',	0x7D,	0xBC,	'S',	'o',	0x7F,	'H',	'X',
	'e',	0x3B,	0x3E,	0x36,	0x33,	0x2F,	0x1E,	0x2B,
	0x1F,	0xB,	0x26,	0x12,	0x2,	0x24,	0xD,	0x0,
	0x1F,	0x7,	0x0,	0x1F,	0x5,	0x0,	0x1E,	0x7,
	0x0,	0x21,	0x7,	0x0,	0x22,	0x8,	0x0,	0x25,
	0xB,	0x0,	0x26,	0xC,	0x0,	0x27,	0xE,	0x0,
	0x27,	0xD,	0x0,	0x27,	0xE,	0x0,	0x24,	0xD,
	0x0,	0x22,	0xC,	0x0,	0x20,	0xD,	0x1,	0x1E,
	0xD,	0x1,	0x1D,	0xD,	0x2,	0x1F,	0xE,	0x3,
	0x22,	0x10,	0x3,	0x26,	0x13,	0x9,	0x2D,	0x1D,
	0x16,	0x36,	0x2D,	0x25,	'B',	0x3F,	0x3B,	0xA3,
	0x89,	0x9A,	'u',	'X',	0x83,	0x8B,	0x8F,	0xB0,
	'K',	'x',	0x92,	'f',	0x8C,	0xB7,	0x98,	0xC7,
	0xD7,	0xA3,	0xC9,	0xCF,	0x91,	0xC3,	0xC9,	'L',
	'U',	0x87,	0x3B,	'O',	0x7B,	0x24,	0x1D,	0x1C,
	0x27,	0x1F,	0x23,	0x25,	0x1D,	0x1C,	0x26,	0x1E,
	0x1C,	0x2E,	0x35,	'M',	0x2E,	0x31,	'c',	0x2E,
	0x31,	'q',	0x29,	0x2A,	'L',	0x2B,	0x2F,	'T',
	'P',	0x60,	0x87,	'y',	0x8E,	0x90,	'M',	'E',
	0x5B,	0x3E,	0x33,	0x34,	'd',	'H',	'o',	'J',
	0x27,	'r',	'f',	0x34,	'y',	0xBA,	0x5C,	0x8B,
	0xB9,	0x5B,	0x89,	0x5B,	0x2D,	0x7C,	'B',	0x1F,
	0x3E,	'W',	0x2B,	0x5D,	0xC3,	'p',	0xAC,	0xB9,
	0x60,	0xB4,	0xB3,	'c',	0xB8,	0xC0,	0x87,	0xD8,
	0xBF,	0x8A,	0xD7,	0xB7,	0x7B,	0xC7,	0xAF,	'g',
	0xB0,	0x97,	'R',	0x9B,	0xA5,	0x5F,	0x9E,	0xAC,
	'd',	0xA2,	0xBB,	0x7D,	0xB5,	0xCB,	0x9B,	0xD9,
	0xC1,	0x8B,	0xD5,	0xCA,	0x91,	0xC7,	0x27,	0xC,
	0xF,	0x27,	0xE,	0x10,	0x2E,	0x12,	0x15,	0x29,
	0xF,	0x11,	0x25,	0xC,	0xE,	0x29,	0xF,	0x12,
	0x2B,	0x11,	0x15,	0x2A,	0x11,	0x18,	0x31,	0x15,
	0x1E,	0x28,	0x10,	0x15,	0x20,	0xA,	0x9,	0x20,
	0xA,	0xA,	0x23,	0xC,	0xF,	0x24,	0xD,	0x11,
	0x20,	0xA,	0xB,	0x1A,	0x7,	0x4,	0x1A,	0x7,
	0x4,	0x1B,	0x5,	0x6,	0x1C,	0x6,	0x7,	0x2B,
	0x13,	0x20,	'E',	0x29,	'O',	'G',	0x2A,	'O',
	'T',	0x38,	'o',	'N',	0x36,	'a',	0x2D,	0x17,
	0x1F,	0x23,	0xD,	0xB,	0x2A,	0x15,	0x15,	0x36,
	0x20,	0x28,	0x3D,	0x26,	0x3A,	0x39,	0x26,	0x35,
	0x37,	0x28,	0x36,	0x37,	0x26,	0x2D,	0x2D,	0x1E,
	0x27,	0x28,	0x1A,	0x1F,	0x30,	0x1F,	0x27,	'D',
	0x39,	'P',	'd',	'f',	0x9B,	0x96,	0xA9,	0xDF,
	0x8D,	0xB0,	0xE5,	0x83,	0x96,	0xE3,	0xCB,	0xD5,
	0xEA,	0xA3,	0xD6,	0xEE,	0x94,	0xC1,	0xEF,	0x9D,
	0xC3,	0xF3,	0xB2,	0xCD,	0xF3,	0xB1,	0xCB,	0xF2,
	0xAE,	0xBF,	0xF3,	0xAD,	0xBD,	0xF5,	0xA6,	0xB9,
	0xF3,	0xA9,	0xB9,	0xF1,	0xB7,	0xB3,	0xED,	0xCE,
	0xB2,	0xEC,	0xDF,	0xC1,	0xED,	0xDE,	0xC5,	0xED,
	0xBE,	0x9B,	0xE9,	0xAF,	0x96,	0xE1,	0x99,	0x80,
	0xD6,	0x83,	0x7D,	0xBE,	'f',	'l',	0x8B,	'M',
	'b',	'o',	0x3D,	'Q',	'G',	0x34,	'A',	0x2F,
	0x2D,	0x32,	0x1E,	0x29,	0x26,	0x14,	0x2A,	0x22,
	0x12,	0x2B,	0x20,	0x10,	0x29,	0x1C,	0x10,	0x22,
	0x12,	0x3,	0x22,	0xB,	0x0,	0x1F,	0x7,	0x0,
	0x1A,	0x4,	0x0,	0x1A,	0x4,	0x0,	0x1F,	0xB,
	0x0,	0x1D,	0x11,	0x0,	0x1E,	0x15,	0x1,	0x22,
	0x19,	0xE,	0x26,	0x1C,	0x18,	0x24,	0x1A,	0x14,
	0x29,	0x1C,	0x24,	0x34,	0x23,	0x1E,	0x3B,	0x2F,
	0x33,	'G',	'E',	'c',	'D',	'C',	'W',	0x3E,
	0x40,	0x5F,	0x37,	0x3A,	'E',	0x3C,	'O',	0x7F,
	0x39,	'E',	0x7B,	0x3B,	0x40,	0x7E,	0x34,	0x35,
	'W',	'H',	'K',	0x81,	0x28,	0x26,	0x29,	0x2C,
	0x2E,	'F',	0x30,	0x3F,	'D',	0x2E,	0x34,	0x3A,
	0x30,	0x39,	'U',	0x36,	'C',	0x7C,	0x39,	'S',
	0x96,	0x39,	0x5D,	0x99,	0x32,	'B',	0x87,	0x31,
	'B',	0x85,	0x39,	'Q',	0x87,	'J',	'Y',	0x89,
	0x86,	0x8C,	0x99,	0xAE,	0xA6,	0x98,	'i',	'X',
	0x7B,	'A',	0x2E,	'f',	0x5D,	0x34,	'y',	'O',
	0x2A,	'v',	'T',	0x29,	's',	'i',	0x30,	'q',
	0x82,	0x3D,	0x84,	'B',	0x1F,	0x5B,	'R',	0x2D,
	'z',	0x8C,	'E',	0x8F,	0xCD,	0x89,	0xD2,	0xB0,
	'b',	0xBA,	0xB2,	'n',	0xC3,	0xDD,	0xB9,	0xE4,
	0xE3,	0xCB,	0xEC,	0xD9,	0xC4,	0xDF,	0xA6,	0x5C,
	0xA7,	0x98,	'R',	0x9F,	0x93,	'P',	0xA1,	0x9E,
	'Y',	0xA5,	0xC9,	0x96,	0xBE,	0xBB,	0x8B,	0xD6,
	0xC9,	0xA9,	0xE1,	0xC7,	0xA0,	0xDE,	0x28,	0xD,
	0xF,	0x24,	0xB,	0xB,	0x24,	0xC,	0xC,	0x24,
	0xC,	0xA,	0x23,	0xC,	0xC,	0x28,	0xF,	0x12,
	0x2B,	0x11,	0x17,	0x2F,	0x13,	0x1B,	0x27,	0xE,
	0x13,	0x26,	0xF,	0x12,	0x24,	0xE,	0x10,	0x22,
	0xB,	0xD,	0x20,	0xA,	0xB,	0x22,	0xC,	0xE,
	0x20,	0xA,	0xA,	0x1D,	0x8,	0x9,	0x1B,	0x7,
	0x5,	0x1C,	0x6,	0x7,	0x1C,	0x6,	0x6,	0x1B,
	0x7,	0x7,	0x1D,	0x9,	0x9,	0x29,	0x12,	0x1C,
	'K',	0x30,	'b',	'Z',	0x3C,	0x7F,	'I',	0x30,
	0x5C,	0x20,	0xC,	0xE,	0x24,	0x11,	0x11,	0x28,
	0x16,	0x15,	0x2C,	0x19,	0x1C,	0x37,	0x23,	0x2E,
	0x3F,	0x29,	0x34,	0x3F,	0x2A,	0x33,	0x3D,	0x28,
	0x2F,	0x39,	0x24,	0x2F,	0x2D,	0x1C,	0x1D,	0x26,
	0x16,	0x16,	0x3A,	0x2C,	0x3B,	'i',	'l',	0xC2,
	'u',	0x8C,	0xE1,	0x7F,	0x93,	0xE4,	0xB7,	0xD3,
	0xEA,	0xB1,	0xD7,	0xEE,	0x8B,	0xBD,	0xF1,	0x8F,
	0xBD,	0xF4,	0x8F,	0xBB,	0xF4,	0x97,	0xC4,	0xF6,
	0x9E,	0xC3,	0xF7,	0xA1,	0xBF,	0xF9,	0x9C,	0xB8,
	0xF9,	0x9E,	0xBD,	0xF8,	0xA9,	0xBF,	0xF6,	0xB7,
	0xC9,	0xF5,	0xBF,	0xC5,	0xF3,	0xCC,	0xC3,	0xF1,
	0xCF,	0xBF,	0xF1,	0xCB,	0xB7,	0xEF,	0xCA,	0xAE,
	0xE9,	0xD2,	0xB8,	0xE8,	0xD5,	0xB9,	0xE4,	0xCF,
	0xBB,	0xDD,	0xB2,	0xA6,	0xD7,	0x91,	0x7D,	0xB7,
	'm',	'c',	0x82,	'S',	'Y',	'b',	'E',	'e',
	'm',	0x3B,	'c',	'k',	0x39,	0x5D,	'i',	0x3B,
	'T',	'k',	'A',	'V',	'w',	0x36,	'N',	0x84,
	0x3F,	'W',	0x9C,	'B',	0x5D,	0xA1,	0x30,	0x3E,
	0x5E,	0x33,	0x37,	'W',	0x3A,	0x3C,	'v',	0x38,
	'A',	'l',	0x27,	0x27,	0x22,	0x2A,	0x20,	0x1B,
	0x2A,	0x1D,	0x16,	0x2B,	0x20,	0x14,	0x28,	0x21,
	0x17,	0x28,	0x23,	0x24,	0x2A,	0x26,	0x23,	0x2A,
	0x28,	0x23,	0x2B,	0x2A,	0x28,	0x33,	0x3D,	0x5F,
	0x35,	0x3C,	'Y',	'H',	0x7F,	0x92,	0x3C,	'O',
	'n',	'B',	'Z',	'z',	'N',	'o',	0x9E,	'Z',
	0x7C,	0xA6,	'Y',	0x80,	0xB3,	0x5C,	0x94,	0xC8,
	'T',	's',	0xCA,	'F',	'j',	0xBC,	'A',	0x5D,
	0xAB,	'B',	0x5C,	0xAC,	0x3D,	'X',	0x9E,	0x36,
	'B',	0x86,	0x3F,	'D',	0x82,	'Y',	'V',	0x89,
	0x7F,	0x8B,	0x9C,	'u',	'q',	0x8A,	0x7C,	'V',
	0x7E,	0xC4,	0x9C,	0x8F,	0x7B,	'B',	0x7C,	0xB0,
	'd',	0x8A,	0x5E,	0x35,	0x86,	0x3B,	0x1B,	0x3F,
	0x3C,	0x1A,	'B',	0x38,	0x19,	0x3B,	'F',	0x21,
	'g',	0x8D,	'E',	0x8D,	0xD1,	0xC5,	0xD9,	0xBF,
	0x7D,	0xD7,	0xC5,	0x95,	0xDB,	0xDA,	0xC5,	0xE1,
	0xE1,	0xD3,	0xEA,	0xDB,	0xCF,	0xE2,	0xD5,	0xB5,
	0xDB,	0xBC,	'm',	0xCF,	0xC6,	'k',	0xC8,	0x9F,
	0x5B,	0xB9,	0xAC,	0x60,	0xB4,	0xBB,	0x7C,	0xD1,
	0xDF,	0xC5,	0xE5,	0xDB,	0xBE,	0xE7,	0x26,	0xE,
	0xE,	0x21,	0xA,	0x8,	0x20,	0xA,	0x8,	0x20,
	0x9,	0x8,	0x20,	0x9,	0x9,	0x27,	0xF,	0x11,
	0x29,	0x11,	0x14,	0x2C,	0x10,	0x17,	0x25,	0xD,
	0x11,	0x29,	0xF,	0x14,	0x22,	0xB,	0xD,	0x20,
	0xA,	0xB,	0x23,	0xB,	0xF,	0x22,	0xC,	0x10,
	0x22,	0xC,	0xF,	0x1C,	0x8,	0x9,	0x1B,	0x5,
	0x6,	0x1B,	0x7,	0x7,	0x1E,	0xB,	0xF,	0x1B,
	0x7,	0x5,	0x1B,	0x8,	0x6,	0x21,	0xC,	0x10,
	0x36,	0x1E,	0x39,	'O',	0x32,	'k',	'L',	0x32,
	0x5F,	0x36,	0x20,	0x36,	0x2E,	0x19,	0x29,	0x20,
	0xE,	0x11,	0x25,	0x13,	0x14,	0x2B,	0x18,	0x1B,
	0x3D,	0x28,	0x34,	'A',	0x2A,	0x37,	0x38,	0x26,
	0x2C,	0x3C,	0x28,	0x2E,	0x3C,	0x26,	0x2A,	0x34,
	0x1D,	0x1C,	0x2B,	0x18,	0x16,	0x30,	0x21,	0x2A,
	'L',	'D',	0x82,	'd',	'j',	0xD4,	0x83,	0xA7,
	0xE7,	0x8D,	0xC0,	0xEE,	'q',	0xA3,	0xEC,	0x85,
	0xBE,	0xF2,	0x8A,	0xBE,	0xF6,	0x91,	0xC5,	0xF7,
	0x90,	0xC6,	0xF7,	0x91,	0xC1,	0xF8,	0x86,	0xB8,
	0xFB,	0x83,	0xB7,	0xFC,	0x91,	0xBD,	0xF9,	0x94,
	0xC1,	0xF6,	0xA6,	0xC7,	0xF8,	0xB1,	0xCB,	0xF7,
	0xB2,	0xCA,	0xF7,	0xB9,	0xCD,	0xF5,	0xBB,	0xBC,
	0xF0,	0xC7,	0xC7,	0xF2,	0xDB,	0xC8,	0xF4,	0xE7,
	0xCD,	0xF2,	0xEA,	0xDA,	0xF1,	0xD5,	0xC3,	0xEC,
	0xC5,	0xB2,	0xE9,	0xCD,	0xBB,	0xE8,	0xCC,	0xBB,
	0xE9,	0xC1,	0xB6,	0xE6,	0xB6,	0xAE,	0xE2,	0x9F,
	0xBD,	0xE7,	0x8C,	0xC7,	0xE5,	0x8C,	0xD2,	0xE6,
	'v',	0xC1,	0xE7,	0x7F,	0xC1,	0xE7,	0x7E,	0xBE,
	0xE5,	's',	0xAC,	0xE2,	'h',	0xB2,	0xDC,	0x60,
	0xA4,	0xD5,	'b',	0x98,	0xD3,	'P',	'l',	0xAF,
	'G',	'Y',	0x89,	'D',	0x5B,	0x80,	'C',	'Y',
	'h',	'H',	'q',	0x8F,	'R',	0x8F,	0xA3,	'f',
	0x92,	0xAE,	0x60,	0x85,	0xA0,	'g',	0x96,	0xB6,
	0x7F,	0xB2,	0xCB,	0x9C,	0xC1,	0xD0,	0x91,	0xAF,
	0xD1,	0xB7,	0xCB,	0xD3,	0xBD,	0xC9,	0xD5,	0xAE,
	0xC9,	0xD8,	0x87,	0xB1,	0xDB,	0x89,	0xC2,	0xDD,
	0x60,	0x82,	0xDD,	'W',	0x8C,	0xD9,	'k',	0xAB,
	0xD6,	'V',	0xA1,	0xD4,	'M',	0x80,	0xBC,	'N',
	'n',	0xA6,	'N',	'Y',	0x8C,	'j',	'u',	0x98,
	0xBD,	0xB5,	0x9D,	0x86,	'j',	0x88,	0xAD,	'k',
	0x89,	0xD0,	0x93,	0x91,	0xCB,	'z',	0x91,	0x5E,
	0x31,	0x82,	0x60,	0x35,	0x83,	'T',	0x2F,	'y',
	0x3D,	0x1D,	'G',	'N',	0x26,	0x5F,	'F',	0x1E,
	'D',	0x9A,	'I',	0x8F,	0xCD,	0x9E,	0xD4,	0xCF,
	0x9F,	0xDC,	0xDE,	0xD0,	0xE7,	0xD8,	0xCC,	0xE1,
	0xE3,	0xD5,	0xED,	0xE5,	0xD7,	0xF0,	0xDE,	0xC9,
	0xE4,	0xD9,	0xA8,	0xE1,	0xDF,	0xCE,	0xE5,	0xD9,
	0xBE,	0xDF,	0xBD,	'x',	0xDA,	0xC5,	0x86,	0xD4,
	0xE3,	0xD7,	0xE7,	0xE8,	0xD0,	0xEF,	0x2A,	0xE,
	0x10,	0x23,	0xA,	0xA,	0x20,	0xA,	0x7,	0x20,
	0x9,	0x8,	0x20,	0x9,	0x9,	0x23,	0xC,	0xC,
	0x25,	0xE,	0x10,	0x29,	0x10,	0x14,	0x2B,	0x11,
	0x17,	0x2B,	0x12,	0x18,	0x29,	0x10,	0x16,	0x23,
	0xC,	0x10,	0x26,	0xE,	0x13,	0x22,	0xC,	0xF,
	0x20,	0xA,	0xB,	0x1C,	0x8,	0xB,	0x1B,	0x5,
	0x4,	0x1B,	0x5,	0x4,	0x1B,	0x6,	0x5,	0x1B,
	0x6,	0x5,	0x20,	0xA,	0xF,	0x23,	0xF,	0x12,
	0x29,	0x13,	0x1D,	'F',	0x2B,	'U',	'O',	0x33,
	'h',	'V',	0x3A,	'u',	0x2F,	0x1B,	0x2B,	0x38,
	0x25,	0x40,	0x20,	0x11,	0x13,	0x21,	0xF,	0x10,
	0x31,	0x1E,	0x29,	0x38,	0x2B,	0x37,	0x32,	0x24,
	0x2E,	0x33,	0x25,	0x2D,	0x36,	0x28,	0x2F,	0x34,
	0x24,	0x2A,	0x34,	0x22,	0x24,	0x32,	0x1E,	0x25,
	0x30,	0x22,	0x2D,	0x3D,	0x32,	'K',	'Z',	0x5E,
	0xC2,	'r',	0x92,	0xE4,	0x82,	0xBE,	0xE9,	0x8A,
	0xC5,	0xEF,	0x7E,	0xB5,	0xF1,	0x7B,	0xB7,	0xF3,
	'u',	0xB3,	0xF7,	0x86,	0xC5,	0xF9,	0x80,	0xBA,
	0xFA,	0x90,	0xB6,	0xF9,	0x89,	0xBF,	0xF6,	'a',
	0xB9,	0xF2,	'o',	0xBA,	0xF6,	't',	0xB7,	0xF9,
	0xAA,	0xC3,	0xFC,	0xBE,	0xCF,	0xFD,	0xB5,	0xC5,
	0xFA,	0xB7,	0xCA,	0xFC,	0xBD,	0xCF,	0xFC,	0xC8,
	0xD8,	0xFC,	0xD5,	0xDB,	0xFE,	0xA0,	0xC7,	0xFD,
	0x9B,	0xC8,	0xFB,	0x90,	0xBF,	0xFB,	0xA5,	0xBF,
	0xFC,	0xB7,	0xCF,	0xFD,	0xCD,	0xDB,	0xFD,	0xAF,
	0xE2,	0xFF,	0xC2,	0xE6,	0xFF,	0xBD,	0xE5,	0xFF,
	0xAF,	0xDB,	0xFD,	0xAB,	0xDA,	0xFC,	0x9B,	0xCB,
	0xFA,	0xA3,	0xC7,	0xF6,	0xBF,	0xD7,	0xF2,	0xC6,
	0xD8,	0xED,	0xC1,	0xD5,	0xE5,	0xAE,	0xC5,	0xDE,
	0x9F,	0xBE,	0xDA,	0x9E,	0xB4,	0xD6,	0x9F,	0xAD,
	0xD3,	0x9F,	0xBB,	0xD0,	0xAC,	0xCB,	0xD1,	0xAD,
	0xCC,	0xD0,	0xAE,	0xC9,	0xD3,	0xAB,	0xC5,	0xD7,
	0xC5,	0xD4,	0xDA,	0xB5,	0xD1,	0xDA,	0xB3,	0xC7,
	0xD6,	0xC2,	0xCD,	0xDC,	0xB1,	0xBE,	0xD8,	0xC1,
	0xCB,	0xDB,	0x95,	0xC1,	0xDE,	0x87,	0xC3,	0xE0,
	'X',	0x83,	0xDD,	0x5E,	0x9C,	0xD9,	0x91,	0xC5,
	0xD9,	0x5D,	0xC5,	0xD7,	0x5E,	0x96,	0xC1,	'g',
	0x88,	0xAE,	'q',	0x8D,	0xA3,	0xCC,	0xB2,	0xA6,
	0xCC,	0x89,	0x97,	0x82,	'a',	0x8D,	0xAA,	'f',
	0x91,	0xCE,	'h',	0x8D,	0xCE,	0x7E,	0x9E,	0xC7,
	0xBB,	0xCF,	'j',	0x3E,	0x89,	'I',	0x27,	0x5F,
	'E',	0x25,	0x5F,	'Y',	0x2B,	's',	'G',	0x20,
	'O',	'm',	0x40,	0x80,	0xC9,	0x86,	0xBF,	0xD7,
	0xCB,	0xDF,	0xD7,	0xCC,	0xDF,	0xDB,	0xCB,	0xE4,
	0xE8,	0xD9,	0xF3,	0xE9,	0xDA,	0xF5,	0xE9,	0xDB,
	0xF5,	0xE1,	0xC2,	0xE7,	0xE3,	0xCB,	0xEB,	0xE0,
	0xD2,	0xE9,	0xE5,	0xC7,	0xEB,	0xE1,	0xD6,	0xE8,
	0xEB,	0xDD,	0xF2,	0xE7,	0xCF,	0xEE,	0x2F,	0x11,
	0x15,	0x26,	0xC,	0xE,	0x21,	0xA,	0x8,	0x1D,
	0x8,	0x5,	0x1F,	0x8,	0x7,	0x20,	0x9,	0x9,
	0x23,	0xC,	0xC,	0x25,	0xD,	0x10,	0x27,	0x10,
	0x14,	0x24,	0xE,	0xF,	0x29,	0x10,	0x15,	0x2B,
	0x11,	0x19,	0x2B,	0x11,	0x1C,	0x24,	0xD,	0x13,
	0x23,	0xD,	0x12,	0x24,	0xD,	0x12,	0x1C,	0x8,
	0x9,	0x1A,	0x6,	0x4,	0x1B,	0x8,	0x9,	0x1C,
	0x8,	0x9,	0x21,	0xA,	0x10,	0x21,	0xA,	0x10,
	0x20,	0xC,	0xF,	0x30,	0x19,	0x2D,	'C',	0x2A,
	'P',	'b',	'B',	0x87,	'U',	0x3A,	'a',	0x2E,
	0x1B,	0x2D,	0x3C,	0x23,	'C',	0x23,	0x10,	0x13,
	0x21,	0x10,	0x12,	0x2F,	0x1E,	0x2B,	0x32,	0x22,
	0x2B,	0x31,	0x22,	0x2A,	0x34,	0x26,	0x2E,	0x35,
	0x29,	0x33,	0x35,	0x27,	0x30,	0x3A,	0x2D,	0x3B,
	0x3D,	0x31,	'I',	0x32,	0x23,	0x32,	0x32,	0x26,
	0x39,	'K',	'E',	0xA4,	'Z',	'r',	0xDD,	'h',
	0x83,	0xE6,	'm',	0x88,	0xE9,	'y',	0xA6,	0xED,
	'q',	0xAA,	0xF4,	'm',	0xB2,	0xF5,	0x60,	0xA0,
	0xF3,	'Y',	0x99,	0xF0,	'c',	0xB1,	0xF1,	'i',
	0xBF,	0xF6,	'i',	0xC5,	0xF9,	'h',	0xC1,	0xFC,
	0x93,	0xC5,	0xFF,	0xBB,	0xC9,	0xFF,	0xD8,	0xD5,
	0xFF,	0xEB,	0xE1,	0xFD,	0xEB,	0xDD,	0xFC,	0xE4,
	0xDD,	0xFC,	0xD8,	0xDB,	0xFF,	0xBF,	0xC3,	0xFA,
	0xC1,	0xCF,	0xFC,	0xB3,	0xCE,	0xFF,	0x9D,	0xCF,
	0xFF,	0x85,	0xDB,	0xFF,	'k',	0xE3,	0xFF,	's',
	0xE7,	0xFF,	0x7D,	0xEC,	0xFF,	0x7D,	0xE9,	0xFF,
	0x7D,	0xE1,	0xFF,	0x7D,	0xD7,	0xFF,	0x81,	0xDB,
	0xFF,	0x83,	0xDB,	0xFF,	0x95,	0xDF,	0xFF,	0xBC,
	0xDF,	0xF9,	0xB4,	0xD6,	0xF1,	0xB2,	0xD9,	0xEB,
	0xBC,	0xD5,	0xE5,	0xAC,	0xCE,	0xE1,	0xB0,	0xCF,
	0xE1,	0xBF,	0xD5,	0xDF,	0xBF,	0xD3,	0xDD,	0xB8,
	0xC9,	0xDD,	0xA9,	0xC9,	0xDF,	0x97,	0xD4,	0xE4,
	0x9F,	0xD4,	0xE4,	0xB0,	0xCD,	0xD9,	0xC9,	0xCB,
	0xD5,	0xC5,	0xC9,	0xD7,	0xA9,	0xB9,	0xD3,	0xB4,
	0xC7,	0xD2,	0x81,	0x9C,	0xDA,	'd',	0x84,	0xD8,
	0x5E,	0x81,	0xDB,	0x5F,	0x97,	0xDE,	'l',	0xC8,
	0xDB,	'e',	0xA8,	0xC7,	0x82,	0xB9,	0xBA,	0xAB,
	0xCB,	0xC4,	0xC7,	0xC9,	0xC9,	's',	'a',	0x9B,
	'o',	'N',	0x8C,	0x7E,	'b',	0x8C,	0xBA,	't',
	0x8C,	0xC5,	'm',	0x8D,	0xC8,	'y',	0xA5,	0xCB,
	0xC3,	0xD5,	0xBF,	0xB7,	0xBA,	0x3E,	0x1E,	'T',
	'F',	0x23,	'd',	'T',	0x2A,	0x5B,	'm',	0x38,
	0x88,	0x81,	'F',	0x91,	0xC4,	'z',	0xBA,	0xD1,
	0xB7,	0xDA,	0xCF,	0x97,	0xDD,	0xD7,	0xCB,	0xDF,
	0xD9,	0xCF,	0xE0,	0xDD,	0xD1,	0xE5,	0xE1,	0xD5,
	0xE9,	0xE3,	0xD6,	0xEC,	0xE2,	0xBC,	0xE8,	0xE3,
	0xC5,	0xEB,	0xEA,	0xDD,	0xF4,	0xFD,	0xEB,	0xFF,
	0xFE,	0xF3,	0xFE,	0xEF,	0xE3,	0xF7,	0x3E,	0x1C,
	0x20,	0x2B,	0x11,	0x12,	0x22,	0xB,	0x9,	0x1F,
	0x9,	0x6,	0x1F,	0x8,	0x6,	0x1F,	0x8,	0x7,
	0x24,	0xC,	0xC,	0x28,	0x10,	0x13,	0x2E,	0x13,
	0x1A,	0x24,	0xD,	0xF,	0x25,	0xE,	0x12,	0x2C,
	0x13,	0x1C,	0x2F,	0x16,	0x23,	0x25,	0xE,	0x15,
	0x28,	0x10,	0x1A,	0x26,	0xF,	0x17,	0x1B,	0x8,
	0x9,	0x1A,	0x6,	0x4,	0x1B,	0x8,	0x9,	0x1B,
	0x8,	0x9,	0x1B,	0x8,	0x9,	0x1A,	0x7,	0x7,
	0x22,	0xD,	0x12,	0x24,	0x10,	0x14,	0x35,	0x1D,
	0x37,	'W',	0x39,	'e',	't',	'M',	0x7E,	'C',
	0x29,	'N',	0x25,	0x12,	0x19,	0x27,	0x12,	0x1A,
	0x1F,	0xC,	0xE,	0x29,	0x17,	0x1C,	0x2C,	0x1D,
	0x20,	0x2D,	0x1C,	0x20,	0x30,	0x20,	0x24,	0x35,
	0x28,	0x31,	0x39,	0x2D,	0x35,	0x40,	0x34,	'C',
	'G',	0x3F,	0x5D,	0x3F,	0x34,	'G',	0x34,	0x25,
	0x37,	0x29,	0x1A,	0x25,	0x29,	0x20,	0x33,	0x3C,
	0x3B,	'k',	'T',	0x5B,	0xBF,	'n',	0x7D,	0xE5,
	'p',	0x81,	0xE9,	'g',	0x7F,	0xE8,	'd',	0x99,
	0xEB,	0x60,	0x99,	0xED,	'k',	0xA4,	0xED,	'o',
	0xBF,	0xF2,	's',	0xCD,	0xF5,	0x8E,	0xCD,	0xF8,
	0xA0,	0xD4,	0xFC,	0x95,	0xC3,	0xFD,	0xA0,	0xC1,
	0xFC,	0xB5,	0xC5,	0xFC,	0xC9,	0xCD,	0xFD,	0xDE,
	0xD3,	0xFC,	0xDD,	0xCE,	0xF9,	0xEB,	0xD8,	0xF9,
	0xED,	0xD8,	0xFA,	0xEE,	0xE1,	0xFD,	0xEB,	0xD0,
	0xFD,	0xE1,	0xD4,	0xFD,	0x95,	0xBA,	0xFC,	0x95,
	0xE1,	0xFF,	0x95,	0xE5,	0xFF,	0x99,	0xE5,	0xFF,
	'x',	0xE1,	0xFF,	'Q',	0xC2,	0xFF,	'a',	0xD8,
	0xFF,	'c',	0xD4,	0xFF,	0x8B,	0xE0,	0xFF,	0xA6,
	0xDF,	0xFB,	0xB2,	0xDA,	0xF7,	0xCA,	0xD7,	0xF1,
	0xCA,	0xD5,	0xEB,	0x9B,	0xC4,	0xE7,	0xA3,	0xD4,
	0xE8,	0xA9,	0xD6,	0xE9,	0x93,	0xC7,	0xE3,	0x86,
	0xA9,	0xE1,	0x93,	0xBD,	0xE3,	0x91,	0xC7,	0xDF,
	0x97,	0xC6,	0xDB,	0xC5,	0xCB,	0xD9,	0xC4,	0xC7,
	0xD1,	0xC1,	0xC7,	0xD5,	0xBF,	0xC7,	0xD7,	0xA3,
	0xBF,	0xD7,	0x95,	0xB2,	0xD7,	'm',	0x82,	0xCC,
	'r',	0x9A,	0xDB,	'k',	0xB5,	0xDC,	'g',	0x9F,
	0xC8,	0x80,	0xB2,	0xB1,	0xB6,	0xD0,	0xBD,	0xD0,
	0xD5,	0xDE,	0xC3,	0xC2,	0xD6,	0xA9,	0x8A,	0x9A,
	'k',	'N',	0x88,	'p',	'Q',	0x82,	0x98,	'W',
	0x84,	0xC1,	0x5F,	0x8F,	0xA9,	0x5F,	0xAC,	0xCB,
	0xB7,	0xD5,	0xB1,	'c',	0xA6,	'y',	0x40,	0x83,
	'O',	0x26,	0x60,	0x5D,	0x2D,	'v',	0xB2,	'Z',
	0x8E,	0x5E,	0x30,	0x60,	'm',	0x39,	'r',	0xBB,
	0x7C,	0xCC,	0xC1,	0x8A,	0xDA,	0xD4,	0xB7,	0xDD,
	0xCB,	0x89,	0xCC,	0xC9,	0x90,	0xD5,	0xD8,	0xCE,
	0xDF,	0xD8,	0xB9,	0xDF,	0xD9,	0xB1,	0xE5,	0xDA,
	0xB3,	0xE7,	0xE7,	0xDB,	0xEF,	0xF7,	0xE7,	0xFF,
	0xFE,	0xEF,	0xFE,	0xEC,	0xD7,	0xF5,	0x29,	0x10,
	0x10,	0x29,	0xE,	0x10,	0x29,	0xF,	0xE,	0x1E,
	0x8,	0x7,	0x21,	0xA,	0x8,	0x1F,	0x8,	0x7,
	0x22,	0xB,	0x9,	0x2B,	0x11,	0x15,	0x2D,	0x13,
	0x1C,	0x24,	0xD,	0xF,	0x23,	0xC,	0xC,	0x2F,
	0x14,	0x1F,	0x30,	0x16,	0x22,	0x30,	0x19,	0x27,
	0x31,	0x18,	0x2B,	0x28,	0x11,	0x1A,	0x22,	0xC,
	0xF,	0x1C,	0x8,	0xA,	0x1C,	0x8,	0xA,	0x1C,
	0x8,	0x9,	0x1B,	0x8,	0x9,	0x1C,	0x8,	0x9,
	0x1B,	0x8,	0x9,	0x26,	0x11,	0x1A,	0x2D,	0x17,
	0x2A,	'F',	0x2E,	'S',	'k',	'F',	's',	'K',
	0x2E,	0x5E,	0x33,	0x1D,	0x34,	0x22,	0xE,	0x13,
	0x1D,	0xA,	0x9,	0x24,	0x11,	0x15,	0x29,	0x15,
	0x1C,	0x2A,	0x16,	0x1B,	0x2C,	0x1C,	0x21,	0x2F,
	0x1F,	0x26,	0x38,	0x2B,	0x36,	0x3D,	0x32,	'E',
	'B',	0x38,	'S',	'A',	0x34,	'D',	0x3A,	0x2D,
	0x38,	0x34,	0x28,	0x31,	0x2B,	0x1E,	0x29,	0x28,
	0x19,	0x26,	0x37,	0x2C,	'K',	'N',	'O',	0x9F,
	'Y',	0x5E,	0xC5,	0x5B,	0x5C,	0xD1,	0x5F,	0x7C,
	0xE3,	'm',	0x9C,	0xE2,	's',	0x98,	0xE5,	0x7D,
	0xBB,	0xEB,	0x97,	0xCD,	0xED,	0x9E,	0xD1,	0xF0,
	0x91,	0xC2,	0xF5,	0x86,	0xB9,	0xF3,	0x83,	0xB8,
	0xF5,	0x86,	0xB7,	0xF6,	0x9D,	0xC3,	0xFB,	0xBC,
	0xDA,	0xFF,	0xCB,	0xD7,	0xFF,	0xD5,	0xD1,	0xFC,
	0xE3,	0xD2,	0xF9,	0xE4,	0xD8,	0xFD,	0xE9,	0xCD,
	0xFA,	0xCA,	0xC5,	0xF7,	0xA0,	0xCF,	0xFC,	0xBA,
	0xD0,	0xFE,	0xDD,	0xE3,	0xFD,	0xE1,	0xE5,	0xFD,
	0xBE,	0xDC,	0xFC,	0x7C,	0xDE,	0xFF,	'x',	0xE2,
	0xFF,	'Y',	0xDD,	0xFF,	'v',	0xE0,	0xFD,	0xAC,
	0xE4,	0xFC,	0x7F,	0xD9,	0xF7,	0xA5,	0xD3,	0xF1,
	0x97,	0xD5,	0xEF,	0x8D,	0xC3,	0xE9,	0x9E,	0xD3,
	0xE7,	0xA7,	0xD4,	0xE7,	0x85,	0xBD,	0xE3,	0x7F,
	0xB7,	0xE4,	0x86,	0xBC,	0xE7,	0x7E,	0xB9,	0xDD,
	'w',	0x8C,	0xCE,	0x9D,	0xBE,	0xD7,	0xBF,	0xC5,
	0xD2,	0xBE,	0xC5,	0xD3,	0x96,	0xC7,	0xD8,	'l',
	0x8E,	0xD0,	'n',	0x81,	0xBB,	'n',	0x89,	0xBD,
	0xB7,	0xCB,	0xDB,	0xA4,	0xD0,	0xDD,	0x88,	0xB2,
	0xB7,	0xB9,	0xD7,	0xC6,	0xD8,	0xDA,	0xDA,	0xD7,
	0xD4,	0xEA,	0xC1,	0xA8,	0xAC,	0xCA,	0x96,	0x95,
	0xA1,	0x84,	0x91,	0xAF,	'm',	0x89,	0x84,	'L',
	0x87,	0xC9,	'c',	0x9E,	0xC7,	0x7D,	0xD9,	0xC9,
	0x86,	0xDB,	0xCA,	0x9C,	0xD8,	0x83,	'F',	0x8D,
	0x36,	0x18,	0x32,	'D',	0x21,	'R',	'c',	0x36,
	0x80,	'M',	0x25,	'X',	'M',	0x28,	'Y',	0xA4,
	0x5C,	0xA7,	0xB5,	0x7B,	0xD8,	0xBB,	0x8B,	0xD8,
	0xCE,	0xA4,	0xD7,	0xCC,	0xA6,	0xDB,	0xD7,	0xBF,
	0xE1,	0xD7,	0xB6,	0xDF,	0xD7,	0xC3,	0xDF,	0xD6,
	0xCE,	0xDD,	0xDF,	0xD6,	0xE7,	0xE7,	0xDD,	0xF1,
	0xEA,	0xD5,	0xF3,	0xEB,	0xE1,	0xF4,	0x26,	0xC,
	0xC,	0x1D,	0x7,	0x5,	0x1D,	0x7,	0x6,	0x1C,
	0x7,	0x5,	0x1B,	0x7,	0x5,	0x1F,	0x8,	0x7,
	0x20,	0xB,	0xB,	0x28,	0x10,	0x12,	0x26,	0xF,
	0x12,	0x29,	0x10,	0x15,	0x2B,	0x12,	0x18,	0x2F,
	0x15,	0x1F,	0x3A,	0x1D,	0x33,	'F',	0x24,	'H',
	'G',	0x2D,	'R',	0x2A,	0x13,	0x1E,	0x27,	0x11,
	0x19,	0x1C,	0x8,	0x9,	0x1C,	0x8,	0xB,	0x1B,
	0x6,	0x7,	0x1A,	0x6,	0x6,	0x1B,	0x8,	0x9,
	0x1C,	0xA,	0xA,	0x25,	0xE,	0x19,	0x2B,	0x16,
	0x22,	0x36,	0x1F,	0x38,	0x5F,	'B',	'm',	0x5E,
	0x3F,	'p',	0x2D,	0x17,	0x27,	0x25,	0x10,	0x16,
	0x1E,	0xB,	0xB,	0x28,	0x12,	0x1A,	0x29,	0x15,
	0x20,	0x28,	0x16,	0x1D,	0x2C,	0x1D,	0x23,	0x2C,
	0x1D,	0x22,	0x34,	0x28,	0x33,	'A',	0x38,	'Z',
	0x3E,	0x3D,	'V',	0x3C,	0x32,	'E',	0x3B,	0x31,
	0x3D,	0x3C,	0x32,	'B',	0x3B,	0x32,	'G',	0x36,
	0x2C,	'H',	0x33,	0x24,	0x3D,	0x31,	0x22,	0x35,
	0x30,	0x27,	0x3E,	0x3B,	0x32,	'S',	'H',	'H',
	0x84,	'a',	'w',	0xCB,	0x60,	'm',	0xB3,	'a',
	'p',	0xDD,	'p',	0x92,	0xE3,	0x90,	0xBD,	0xEA,
	0xA0,	0xC5,	0xEF,	0x86,	0xA6,	0xEB,	'p',	0x8B,
	0xEB,	'r',	0xA4,	0xEF,	0x81,	0xB1,	0xED,	0xA7,
	0xCA,	0xF8,	0xA4,	0xC7,	0xFF,	0x93,	0xB2,	0xFC,
	0xAE,	0xC7,	0xFC,	0xCE,	0xD9,	0xFD,	0xDB,	0xC5,
	0xF9,	0xBF,	0xCC,	0xFC,	0xB3,	0xD8,	0xFB,	0xC3,
	0xCC,	0xF9,	0xC9,	0xD5,	0xFB,	0xD1,	0xE3,	0xFD,
	0xC8,	0xD8,	0xFB,	0xA3,	0xDD,	0xFC,	'v',	0xDE,
	0xFE,	'W',	0xCF,	0xF8,	'v',	0xD9,	0xF9,	0xBF,
	0xE1,	0xFB,	0x7B,	0xD8,	0xF5,	's',	0xD4,	0xF0,
	'u',	0xC2,	0xED,	0x7C,	0xC1,	0xE9,	0x8E,	0xC7,
	0xE6,	0xA9,	0xD4,	0xE6,	0x90,	0xCC,	0xE3,	0x7F,
	0xA0,	0xE0,	't',	0xAC,	0xE5,	'Y',	0x98,	0xE3,
	'Q',	'e',	0xBD,	0x60,	0x91,	0xD9,	'r',	0x9A,
	0xCD,	'u',	0x92,	0xC3,	'S',	0x5E,	0xA9,	't',
	0xA1,	0xC6,	'b',	0x7D,	0xB9,	's',	0x98,	0xC6,
	0xB1,	0xCF,	0xC4,	0xCB,	0xD1,	0xD8,	0xD1,	0xD7,
	0xDC,	0xBC,	0xA4,	0xDA,	0xCD,	0xB8,	0xC7,	0xD5,
	0xBD,	0xD5,	0xD8,	0xA0,	0xA8,	0xD2,	0x94,	0x99,
	0x94,	'f',	0x88,	0xA8,	'e',	0x8B,	0xBA,	'g',
	0x93,	0xCD,	0xB6,	0xD5,	0xB9,	'q',	0xD6,	0xB6,
	'l',	0xC8,	0xBF,	0x85,	0xC6,	0xB1,	'd',	0xB0,
	'q',	0x3B,	0x83,	0x3E,	0x1F,	'S',	0x5C,	0x32,
	'w',	'm',	0x39,	0x8A,	'g',	0x36,	0x83,	0x7E,
	'H',	0x99,	0xB1,	'y',	0xCC,	0xD7,	0xCC,	0xE1,
	0xD7,	0xCB,	0xE1,	0xC7,	0xAE,	0xE3,	0xE0,	0xC1,
	0xEA,	0xD9,	0xBB,	0xE5,	0xC1,	0x96,	0xDC,	0xC6,
	0xA2,	0xDA,	0xD5,	0xCE,	0xDD,	0xDD,	0xCD,	0xE7,
	0xE7,	0xDD,	0xF2,	0xE3,	0xD9,	0xEB,	0x23,	0xA,
	0x9,	0x1B,	0x5,	0x2,	0x1D,	0x7,	0x3,	0x1A,
	0x5,	0x2,	0x1A,	0x5,	0x2,	0x1C,	0x7,	0x5,
	0x26,	0xD,	0x10,	0x29,	0x10,	0x12,	0x20,	0xA,
	0xA,	0x2C,	0x12,	0x19,	0x28,	0x10,	0x15,	0x2A,
	0x10,	0x18,	0x35,	0x1B,	0x2A,	'Q',	0x32,	'R',
	'J',	0x2F,	'V',	0x31,	0x19,	0x2B,	0x30,	0x19,
	0x2A,	0x21,	0xD,	0x12,	0x1F,	0xB,	0xF,	0x1B,
	0x6,	0x5,	0x1C,	0x8,	0x9,	0x1B,	0x8,	0x9,
	0x1E,	0xA,	0xF,	0x22,	0xF,	0x16,	0x29,	0x12,
	0x1E,	0x31,	0x1B,	0x2C,	0x40,	0x29,	'N',	'R',
	0x39,	'g',	0x40,	0x25,	'K',	0x26,	0x12,	0x19,
	0x23,	0xE,	0x13,	0x23,	0x10,	0x16,	0x26,	0x11,
	0x19,	0x25,	0x13,	0x18,	0x26,	0x14,	0x1A,	0x2A,
	0x19,	0x20,	0x32,	0x23,	0x33,	'B',	0x34,	'U',
	'E',	0x3E,	'a',	0x3C,	0x33,	'H',	0x3C,	0x30,
	0x3C,	0x3D,	0x33,	0x40,	'A',	0x3A,	'S',	0x40,
	0x3B,	'e',	0x39,	0x2D,	'M',	0x38,	0x2C,	'E',
	0x2A,	0x1E,	0x2E,	0x2A,	0x1A,	0x28,	0x2F,	0x24,
	0x38,	0x39,	0x2E,	'F',	'F',	0x3E,	0x5F,	'O',
	'K',	'z',	'j',	'o',	0xC7,	'z',	0xA2,	0xE0,
	'w',	0x9A,	0xE5,	'y',	0x84,	0xE5,	0x86,	0x92,
	0xE8,	0x94,	0xB2,	0xED,	0x8F,	0xBB,	0xF3,	0x8C,
	0xB8,	0xF9,	0x81,	0xB1,	0xFC,	'j',	0x96,	0xFB,
	0x5D,	0x8D,	0xFB,	0x9A,	0xB5,	0xFC,	0xB9,	0xC3,
	0xFC,	0xC3,	0xD1,	0xFC,	0xC4,	0xDE,	0xFC,	0xC9,
	0xDD,	0xFC,	0xBF,	0xD6,	0xFB,	0xB6,	0xDD,	0xFB,
	0xA4,	0xCB,	0xF9,	't',	0xB6,	0xF7,	'W',	0xBD,
	0xF9,	'Z',	0xC4,	0xF5,	'V',	0xBB,	0xF5,	0x8E,
	0xD9,	0xF7,	0x8F,	0xD7,	0xF3,	'k',	0xBD,	0xEF,
	'h',	0xB4,	0xEA,	'z',	0xBD,	0xE5,	0x7E,	0xBB,
	0xE3,	0x7B,	0xB8,	0xE3,	0x90,	0xC5,	0xE6,	'p',
	0xA0,	0xE0,	'X',	'v',	0xDC,	'M',	0x81,	0xE4,
	'K',	0x87,	0xE2,	'E',	0x5F,	0xB7,	'X',	0x7F,
	0xBC,	'F',	'I',	0x9F,	'e',	0xA6,	0xC6,	0xBE,
	0xC7,	0xD7,	0x80,	0x9F,	0xBB,	0xA7,	0xD0,	0xD5,
	0xBB,	0xD5,	0xD3,	0xD5,	0xD5,	0xE3,	0xC5,	0xC4,
	0xD7,	0xA0,	'z',	0xA5,	0x9B,	'p',	0x97,	0xCC,
	0x94,	0x99,	0xCF,	0x85,	0x9C,	0xDB,	0x98,	0xA9,
	0xAA,	'u',	0x9B,	0x98,	'e',	0x96,	0xBB,	'e',
	0xAA,	0xCD,	0x8C,	0xDF,	0xB4,	'x',	0xE0,	0xA8,
	'h',	0xCA,	0xB5,	0x7F,	0xCE,	0xBE,	0x96,	0xD7,
	0xB5,	0x7F,	0xC6,	'n',	0x40,	0x8B,	0x5E,	0x32,
	'z',	'l',	0x3D,	'w',	'k',	0x3E,	'x',	0x96,
	0x5B,	0xA5,	0xCE,	0x9E,	0xD5,	0xD3,	0xAC,	0xDE,
	0xD7,	0xB8,	0xE3,	0xCF,	0xB9,	0xE5,	0xD5,	0xBB,
	0xE7,	0xDF,	0xBF,	0xE9,	0xBF,	0x9C,	0xDF,	0xCC,
	0xBA,	0xDF,	0xDB,	0xD3,	0xE3,	0xD6,	0xB3,	0xE4,
	0xE0,	0xD1,	0xE9,	0xEF,	0xE5,	0xFB,	0x23,	0xA,
	0x9,	0x1D,	0x7,	0x3,	0x1A,	0x5,	0x2,	0x1D,
	0x7,	0x3,	0x1C,	0x7,	0x5,	0x23,	0xC,	0xC,
	0x25,	0xD,	0x11,	0x1F,	0x8,	0x9,	0x20,	0xA,
	0x9,	0x25,	0xE,	0x10,	0x24,	0xB,	0xF,	0x25,
	0xE,	0x12,	0x2F,	0x16,	0x22,	0x3A,	0x20,	0x38,
	0x3A,	0x20,	0x38,	0x38,	0x21,	0x36,	0x34,	0x1E,
	0x33,	0x21,	0xE,	0x12,	0x1C,	0x8,	0xB,	0x1C,
	0x8,	0xA,	0x1A,	0x6,	0x5,	0x1C,	0x8,	0x9,
	0x21,	0xE,	0x14,	0x27,	0x10,	0x19,	0x2D,	0x17,
	0x24,	0x3A,	0x24,	'A',	0x34,	0x1C,	0x2F,	'H',
	0x2E,	0x5C,	'P',	0x36,	'i',	0x2D,	0x15,	0x25,
	0x24,	0xF,	0x13,	0x27,	0x12,	0x1B,	0x24,	0xF,
	0x14,	0x20,	0xC,	0xE,	0x24,	0x11,	0x17,	0x23,
	0xF,	0x13,	0x27,	0x16,	0x1A,	0x36,	0x22,	0x38,
	0x3B,	0x2C,	'P',	0x38,	0x29,	'L',	0x39,	0x2B,
	'I',	0x3E,	0x34,	'N',	'I',	'F',	'h',	'K',
	'M',	0x7D,	'C',	'A',	't',	0x3C,	0x33,	'c',
	0x34,	0x2C,	'U',	0x2D,	0x25,	'N',	0x2C,	0x24,
	'E',	0x2A,	0x1C,	0x2B,	0x2A,	0x1B,	0x23,	0x31,
	0x23,	0x2D,	0x3F,	0x31,	'I',	'P',	'B',	'r',
	0x5D,	'W',	0xB0,	'h',	'e',	0xDD,	'g',	'g',
	0xE1,	0x7C,	0x8C,	0xEB,	0x93,	0xB9,	0xF3,	0x99,
	0xC9,	0xFA,	0x9B,	0xC1,	0xFC,	0x8A,	0xB7,	0xFB,
	0x8A,	0xB5,	0xFB,	0x86,	0xA8,	0xFB,	0xA2,	0xC1,
	0xFF,	0xA7,	0xC8,	0xFC,	0x98,	0xC7,	0xFD,	0xA7,
	0xD2,	0xFD,	0x9B,	0xD3,	0xFC,	0x8E,	0xD9,	0xFB,
	'i',	0xCF,	0xFB,	'P',	0xB7,	0xF8,	'E',	0xA8,
	0xF7,	'U',	0xD5,	0xFB,	'L',	0xBF,	0xF8,	'i',
	0xD5,	0xF7,	'i',	0xD3,	0xF4,	'b',	0xC3,	0xEF,
	'i',	0xB6,	0xE6,	'w',	0xBB,	0xE3,	0x80,	0xB8,
	0xE1,	0x92,	0xC4,	0xE1,	0x8E,	0xD0,	0xDF,	'o',
	0xA0,	0xDD,	'W',	'm',	0xC0,	'M',	'e',	0xBC,
	'I',	'w',	0xD3,	0x3E,	'L',	0xA4,	'E',	'J',
	0x95,	'O',	'S',	0x97,	'b',	'z',	0xA2,	0xA4,
	0xC0,	0xC2,	0xBB,	0xD3,	0xE1,	0xC8,	0xCC,	0xDA,
	0xBB,	0xA4,	0xE7,	0xC7,	0xA4,	0xCB,	0xAB,	0x7B,
	0xA7,	0x8F,	'h',	0x94,	0x84,	'd',	0x88,	0x99,
	'i',	0x90,	0xCF,	0x91,	0x95,	0xC7,	0x84,	0x94,
	0xA5,	'l',	0x90,	0xD9,	0xA9,	0xC2,	0xD9,	0xBE,
	0xEB,	0xC3,	0xA7,	0xE0,	0xB5,	0x83,	0xDF,	0xB9,
	't',	0xD9,	0xCD,	0xA2,	0xDB,	0xD1,	0xBB,	0xDE,
	0xCE,	0xB8,	0xD9,	0xCA,	0x87,	0xCA,	't',	0x3E,
	0x91,	0x5D,	0x33,	'm',	'G',	0x25,	'S',	't',
	0x3D,	0x8D,	0xB1,	'o',	0xC1,	0xBF,	0x92,	0xDC,
	0xD7,	0xCF,	0xE3,	0xDB,	0xD2,	0xE8,	0xD8,	0xBD,
	0xE7,	0xC4,	0xA9,	0xE1,	0xC3,	0xAB,	0xDF,	0xDC,
	0xC4,	0xE8,	0xDA,	0xC3,	0xE1,	0xDD,	0xB5,	0xE5,
	0xDB,	0xC2,	0xEA,	0xF4,	0xE9,	0xFE,	0x27,	0xE,
	0xD,	0x1E,	0x8,	0x5,	0x1A,	0x5,	0x2,	0x1B,
	0x5,	0x2,	0x20,	0xA,	0x9,	0x27,	0xF,	0x11,
	0x2B,	0x10,	0x14,	0x28,	0x10,	0x13,	0x22,	0xC,
	0xD,	0x20,	0x9,	0xA,	0x25,	0xD,	0x11,	0x2C,
	0x13,	0x1B,	0x2D,	0x13,	0x1E,	0x30,	0x17,	0x25,
	0x2E,	0x17,	0x26,	0x34,	0x1C,	0x2F,	0x32,	0x1C,
	0x2D,	0x26,	0x13,	0x1D,	0x23,	0xF,	0x16,	0x1C,
	0x8,	0xB,	0x1E,	0xA,	0xB,	0x1C,	0x9,	0x9,
	0x22,	0xF,	0x14,	0x21,	0xE,	0x12,	0x26,	0x11,
	0x1C,	0x34,	0x1D,	0x38,	0x32,	0x1D,	0x33,	0x35,
	0x1F,	0x37,	'D',	0x2A,	'P',	0x36,	0x1F,	0x36,
	0x26,	0x11,	0x16,	0x29,	0x13,	0x22,	0x21,	0xE,
	0x12,	0x1F,	0xB,	0xC,	0x20,	0xC,	0xD,	0x21,
	0xD,	0x10,	0x25,	0x11,	0x15,	0x2A,	0x19,	0x21,
	0x32,	0x21,	0x31,	0x33,	0x20,	0x39,	0x30,	0x20,
	0x3A,	0x37,	0x2B,	'N',	0x3C,	0x30,	'T',	'G',
	0x3B,	'r',	'C',	0x40,	'w',	'A',	0x40,	0x85,
	0x39,	0x36,	'o',	0x37,	0x37,	'v',	0x3C,	'F',
	0x8F,	0x2F,	0x29,	'T',	0x2B,	0x1D,	0x33,	0x29,
	0x18,	0x23,	0x2A,	0x19,	0x24,	0x2B,	0x1A,	0x23,
	0x33,	0x25,	0x37,	'C',	0x38,	'V',	'R',	'F',
	0x80,	0x5F,	0x5F,	0xCC,	'o',	0x9B,	0xE3,	0x7B,
	0xC9,	0xEF,	'g',	0xA3,	0xF5,	'l',	0x8D,	0xF3,
	'o',	0x99,	0xF8,	'w',	0xB4,	0xF8,	0x83,	0xBB,
	0xFA,	'q',	0xB4,	0xF9,	0x7B,	0xC3,	0xFA,	0x86,
	0xCE,	0xFA,	0x89,	0xDD,	0xFB,	0x80,	0xE1,	0xFF,
	'j',	0xDC,	0xFD,	0x5E,	0xDB,	0xFF,	0x5D,	0xD2,
	0xFD,	'e',	0xDF,	0xFF,	'B',	0xC4,	0xF6,	'S',
	0xD5,	0xF5,	0x5C,	0xCD,	0xEF,	'c',	0xBD,	0xE8,
	'j',	0xB8,	0xE4,	'r',	0xB5,	0xE3,	0x7D,	0xAA,
	0xE1,	0x80,	0xBD,	0xDD,	0x7F,	0xBF,	0xD9,	'l',
	0x94,	0xD5,	'f',	0x84,	0xC5,	'd',	0x8E,	0xC2,
	'Y',	't',	0xA2,	0x5F,	0x8D,	0xAE,	'q',	0x93,
	0x97,	'o',	0x7D,	0x9C,	0x97,	0x9C,	0xB4,	0xB1,
	0xAC,	0xD1,	0x92,	0x80,	0xBD,	0x92,	'r',	0xA8,
	0x85,	'j',	0x9C,	0x86,	'f',	0x99,	'x',	0x5F,
	0x91,	0x7B,	0x5E,	0x8C,	0x87,	0x5B,	0x8D,	0x89,
	0x5E,	0x88,	0x9D,	'a',	0x84,	'i',	'E',	0x80,
	's',	'R',	0x87,	0xBF,	0x7E,	0xBB,	0xD9,	0xD1,
	0xEB,	0xC9,	0x9B,	0xE0,	0xC0,	0x83,	0xDE,	0xB9,
	'w',	0xDD,	0xC1,	0xA3,	0xDF,	0xC9,	0x9F,	0xDF,
	0xBB,	0x7F,	0xDB,	0xBD,	0x87,	0xD9,	0xAA,	'k',
	0xC1,	'S',	0x2B,	0x5D,	'B',	0x23,	'E',	'V',
	0x2E,	'n',	0xAF,	't',	0xC4,	0xD8,	0xCF,	0xE5,
	0xD9,	0xD1,	0xE5,	0xD9,	0xD1,	0xE5,	0xD7,	0xC4,
	0xE2,	0xD0,	0xBB,	0xE9,	0xD3,	0xBD,	0xE7,	0xD1,
	0xBF,	0xE4,	0xCF,	0x97,	0xDD,	0xD4,	0xB3,	0xE4,
	0xD7,	0xBF,	0xE9,	0xE9,	0xDD,	0xF3,	0x1E,	0x8,
	0x5,	0x24,	0xB,	0xA,	0x25,	0xB,	0xB,	0x22,
	0xA,	0x9,	0x26,	0xE,	0xF,	0x2B,	0x10,	0x16,
	0x22,	0xB,	0xD,	0x23,	0xC,	0xE,	0x24,	0xD,
	0xE,	0x24,	0xC,	0x10,	0x29,	0x12,	0x1A,	0x2C,
	0x11,	0x1D,	0x2E,	0x18,	0x21,	0x26,	0x11,	0x18,
	0x29,	0x14,	0x20,	0x2A,	0x16,	0x1F,	0x2C,	0x17,
	0x24,	0x33,	0x1E,	0x33,	0x22,	0xE,	0x13,	0x1C,
	0x8,	0xB,	0x1C,	0x8,	0x9,	0x1F,	0xB,	0x10,
	0x1F,	0xC,	0x12,	0x1C,	0x8,	0x9,	0x1E,	0xB,
	0x10,	0x21,	0xD,	0x16,	0x2A,	0x13,	0x25,	0x2F,
	0x1A,	0x30,	0x31,	0x1A,	0x30,	0x36,	0x21,	0x39,
	0x33,	0x1C,	0x33,	0x28,	0x13,	0x1F,	0x25,	0x10,
	0x15,	0x20,	0xD,	0x11,	0x21,	0xE,	0x11,	0x21,
	0xC,	0xD,	0x21,	0xE,	0x10,	0x23,	0x11,	0x15,
	0x2A,	0x17,	0x23,	0x2C,	0x19,	0x1F,	0x31,	0x1F,
	0x34,	0x32,	0x22,	'F',	0x36,	0x28,	'L',	'B',
	0x3B,	0x93,	'A',	0x3C,	0x7B,	0x3F,	0x39,	'q',
	0x3A,	0x3C,	'q',	0x30,	0x2B,	'j',	0x31,	0x30,
	0x81,	0x29,	0x24,	0x7F,	0x2A,	0x21,	'Z',	0x2D,
	0x21,	0x3B,	0x2E,	0x20,	0x2F,	0x2E,	0x1D,	0x21,
	0x2C,	0x1C,	0x23,	0x2A,	0x1A,	0x28,	0x32,	0x22,
	0x2C,	0x3E,	0x2F,	'M',	'J',	'A',	0x9C,	'N',
	'Y',	0xCE,	'C',	0x5F,	0xE3,	0x37,	'P',	0xE1,
	0x37,	'T',	0xE7,	0x3C,	'l',	0xED,	'J',	0x86,
	0xEF,	'D',	'j',	0xED,	'P',	0x80,	0xF1,	0x5E,
	0xAE,	0xF4,	'j',	0xC1,	0xF8,	0x8C,	0xDB,	0xFA,
	'y',	0xD2,	0xFA,	'p',	0xD7,	0xFC,	'p',	0xDD,
	0xFC,	'X',	0xCF,	0xF9,	0x5F,	0xD3,	0xF6,	'c',
	0xCB,	0xF4,	'o',	0xC9,	0xF1,	'l',	0xBA,	0xEB,
	0x7E,	0xC9,	0xEB,	0x80,	0xB3,	0xE6,	0x98,	0xC5,
	0xE3,	0x9E,	0xCE,	0xE2,	0xA9,	0xD2,	0xDD,	0xB7,
	0xD1,	0xDB,	0x7E,	0x97,	0xBF,	0x8B,	0xA8,	0xB5,
	0x9A,	0xC7,	0xB0,	0x7F,	0x96,	0x9D,	0x9A,	0x98,
	0x9E,	0xB1,	0xA1,	0xA6,	0x5F,	'O',	0x97,	'r',
	'f',	0xA4,	'c',	'S',	0x94,	'c',	'M',	't',
	'j',	'Q',	0x7C,	'o',	'Q',	0x81,	'c',	'J',
	'u',	0x5B,	'B',	0x7E,	0x8F,	'a',	0x8F,	0x7F,
	'N',	0x8B,	'l',	'B',	0x85,	'V',	0x31,	'h',
	'R',	0x2B,	0x7E,	'U',	0x30,	0x8D,	0xB3,	'u',
	0xE2,	0xCF,	0x9E,	0xE7,	0xD3,	0xB0,	0xE8,	0xC9,
	0xA8,	0xE7,	0xC9,	0xAE,	0xE6,	0xDD,	0xCD,	0xEF,
	0xD9,	0xBF,	0xEC,	0xB9,	0x98,	0xDB,	0xB3,	0x87,
	0xDA,	0x99,	'Y',	0xAB,	'i',	0x3F,	0x7E,	's',
	'B',	0x90,	'z',	'F',	0x7D,	0xD7,	0xCD,	0xE5,
	0xDF,	0xD6,	0xEF,	0xDF,	0xD7,	0xEE,	0xE7,	0xDC,
	0xF7,	0xF0,	0xE4,	0xFF,	0xE5,	0xDD,	0xF3,	0xD8,
	0xB9,	0xE1,	0xBB,	0x83,	0xDF,	0xD4,	0xBA,	0xE4,
	0xD2,	0xA8,	0xDF,	0xBF,	0x85,	0xDB,	0x20,	0x8,
	0x7,	0x30,	0x12,	0x14,	0x31,	0x15,	0x19,	0x22,
	0xB,	0xB,	0x23,	0xB,	0xB,	0x28,	0xE,	0x12,
	0x26,	0xE,	0x10,	0x23,	0xB,	0xC,	0x23,	0xB,
	0xD,	0x28,	0xF,	0x15,	0x2A,	0x12,	0x1C,	0x29,
	0x12,	0x1C,	0x21,	0xC,	0x12,	0x21,	0xC,	0x12,
	0x26,	0x11,	0x19,	0x25,	0x11,	0x17,	0x2B,	0x15,
	0x21,	0x34,	0x1F,	0x31,	0x24,	0xF,	0x15,	0x1F,
	0xB,	0xD,	0x23,	0xF,	0x16,	0x20,	0xC,	0x12,
	0x20,	0xC,	0x11,	0x1C,	0x9,	0xA,	0x1A,	0x6,
	0x5,	0x1C,	0x7,	0x8,	0x1F,	0xD,	0x10,	0x24,
	0x11,	0x1A,	0x2C,	0x17,	0x29,	0x2F,	0x19,	0x2C,
	'B',	0x2D,	'S',	0x33,	0x1D,	0x32,	0x26,	0x11,
	0x19,	0x23,	0xF,	0x15,	0x20,	0xC,	0x10,	0x1F,
	0xB,	0xC,	0x21,	0xC,	0xD,	0x21,	0xC,	0xE,
	0x25,	0x12,	0x1D,	0x25,	0x11,	0x15,	0x28,	0x17,
	0x20,	0x2A,	0x1A,	0x2A,	0x2E,	0x20,	0x37,	0x37,
	0x2D,	0x5D,	0x3A,	0x30,	'k',	0x3F,	0x39,	'q',
	'B',	0x3F,	0x83,	0x39,	0x31,	'q',	0x2F,	0x29,
	0x80,	0x2F,	0x2F,	0x9A,	0x29,	0x1E,	'M',	0x24,
	0x19,	'A',	0x2A,	0x1E,	'F',	0x2E,	0x21,	0x3D,
	0x30,	0x24,	0x37,	0x2E,	0x1F,	0x3B,	0x2A,	0x19,
	0x27,	0x28,	0x18,	0x26,	0x2B,	0x1C,	0x2E,	0x2E,
	0x24,	0x40,	0x33,	0x30,	'b',	0x36,	0x3A,	'l',
	0x38,	0x39,	'q',	0x3B,	'D',	0x84,	0x3B,	'L',
	0xAF,	0x3C,	'T',	0xCC,	'C',	0x5B,	0xE8,	'K',
	'h',	0xEA,	'Z',	0x95,	0xEF,	0x84,	0xCF,	0xF5,
	0x83,	0xCB,	0xF8,	0x8A,	0xDD,	0xFA,	'y',	0xDA,
	0xF7,	's',	0xCD,	0xF6,	'y',	0xCD,	0xF5,	0x88,
	0xD3,	0xF3,	0x8A,	0xC6,	0xEF,	0x97,	0xD3,	0xEE,
	0xA3,	0xCD,	0xEC,	0xA7,	0xAB,	0xE7,	0xB4,	0xCB,
	0xE5,	0xAE,	0xD0,	0xE1,	0xAD,	0xBF,	0xC3,	0xB7,
	0xBA,	0xC1,	0xA9,	0x99,	0xAF,	0xBF,	0xC4,	0xB7,
	0x7F,	0x8E,	0x9E,	'Z',	'Q',	0x93,	'L',	0x3B,
	0x85,	'g',	'Y',	0x98,	'R',	'J',	0x93,	'I',
	0x38,	0x81,	'P',	0x3A,	0x7C,	'U',	0x3F,	'k',
	'f',	'M',	'r',	'Y',	0x40,	'c',	'f',	'F',
	0x7C,	'h',	'H',	0x7E,	0x8D,	'T',	0x8B,	'o',
	'F',	0x84,	'W',	0x33,	'l',	'O',	0x2D,	0x5F,
	'P',	0x2B,	'o',	'E',	0x26,	'S',	'P',	0x2F,
	'f',	0x89,	'T',	0xD6,	0xA8,	'i',	0xE0,	0xAF,
	'u',	0xE4,	0xB3,	'x',	0xDE,	0xB2,	0x7C,	0xDD,
	0xB0,	't',	0xDE,	0x80,	'O',	0xAF,	'v',	'G',
	0x9F,	'm',	'C',	0x87,	0x8C,	'V',	0xA3,	0xA1,
	0x60,	0xA5,	0xA5,	'e',	0xB9,	0xDD,	0xD5,	0xED,
	0xEA,	0xDF,	0xFF,	0xEE,	0xE3,	0xFF,	0xF6,	0xE9,
	0xFF,	0xFF,	0xF1,	0xFF,	0xE9,	0xDD,	0xF8,	0xD5,
	0xB9,	0xE2,	0xBD,	0x89,	0xDF,	0xB4,	'j',	0xD2,
	'u',	'B',	0x91,	0x82,	'R',	0xAD,	0x27,	0xD,
	0xF,	0x28,	0xE,	0x10,	0x26,	0xE,	0xD,	0x2A,
	0xE,	0x11,	0x2E,	0x12,	0x17,	0x26,	0xC,	0xE,
	0x1D,	0x8,	0x5,	0x1E,	0x8,	0x7,	0x1C,	0x7,
	0x5,	0x1C,	0x5,	0x4,	0x1F,	0xA,	0xD,	0x22,
	0xC,	0x10,	0x22,	0xC,	0x12,	0x22,	0xC,	0x12,
	0x26,	0x11,	0x1A,	0x2C,	0x16,	0x22,	0x28,	0x11,
	0x1B,	0x29,	0x14,	0x1E,	0x29,	0x14,	0x1E,	0x25,
	0x10,	0x18,	0x21,	0xD,	0x15,	0x20,	0xC,	0x14,
	0x1D,	0xA,	0xB,	0x1A,	0x6,	0x6,	0x1A,	0x6,
	0x5,	0x1B,	0x7,	0x7,	0x1C,	0x7,	0xA,	0x1E,
	0xB,	0xE,	0x23,	0x10,	0x18,	0x22,	0xE,	0x14,
	0x29,	0x13,	0x1C,	0x34,	0x1E,	0x36,	0x24,	0x11,
	0x18,	0x20,	0xC,	0xF,	0x26,	0x11,	0x1A,	0x23,
	0xF,	0x15,	0x1F,	0xA,	0xB,	0x20,	0xB,	0xD,
	0x21,	0xC,	0xF,	0x21,	0xF,	0x11,	0x24,	0x10,
	0x15,	0x24,	0x12,	0x18,	0x26,	0x14,	0x1F,	0x2C,
	0x1C,	0x35,	0x32,	0x25,	0x40,	0x35,	0x2B,	'N',
	0x36,	0x2A,	'Q',	0x3A,	0x2D,	0x60,	0x37,	0x2F,
	0x8F,	0x2F,	0x24,	'h',	0x2A,	0x1D,	'S',	0x25,
	0x18,	'J',	0x22,	0x1A,	'V',	0x24,	0x18,	'C',
	0x29,	0x1D,	'E',	0x2D,	0x24,	'S',	0x30,	0x27,
	'P',	0x33,	0x2B,	'J',	0x2E,	0x22,	'E',	0x2A,
	0x20,	0x39,	0x2F,	0x26,	0x3E,	0x32,	0x29,	0x40,
	0x36,	0x2D,	'E',	0x37,	0x31,	'S',	0x39,	0x37,
	'b',	0x3C,	0x3E,	0x7B,	'P',	'W',	0xA6,	0x5C,
	'd',	0xAF,	'q',	0x81,	0xC4,	0x86,	0x8C,	0xEA,
	0x95,	0xBA,	0xF0,	0xA3,	0xD9,	0xF4,	0xAB,	0xDD,
	0xF3,	0xB5,	0xDF,	0xF5,	0xA4,	0xD0,	0xF1,	0xB2,
	0xCE,	0xEB,	0x87,	0x9E,	0xE9,	0x93,	0x97,	0xEB,
	0x91,	0x94,	0xEA,	0x9B,	0x8D,	0xDB,	0x93,	0x86,
	0xC4,	0x84,	'x',	0xAE,	0xA9,	0x93,	0xB7,	0x8C,
	0x7B,	0xA6,	0x83,	's',	0x9D,	0x83,	0x7B,	0xA1,
	'U',	'N',	0x8C,	0x3D,	0x37,	0x86,	0x40,	0x38,
	0x81,	0x3D,	0x32,	't',	'A',	0x33,	0x7C,	'B',
	0x2D,	'y',	'I',	0x33,	'w',	'I',	0x32,	'a',
	'L',	0x33,	0x5D,	'P',	0x37,	'b',	'm',	'H',
	0x7F,	'e',	'B',	0x83,	0x5F,	'B',	'x',	'e',
	0x3F,	'y',	'G',	0x2B,	'U',	'F',	0x29,	'T',
	'H',	0x29,	'Z',	'h',	0x3D,	0x93,	't',	'E',
	0x97,	0x5F,	0x36,	't',	0x88,	'S',	0xD0,	0xB3,
	0x83,	0xE3,	0xBE,	0x9B,	0xE5,	0x9C,	'a',	0xD8,
	0x93,	0x5F,	0xCF,	'l',	0x40,	0x9F,	'i',	0x3E,
	0x9E,	'g',	0x3E,	'r',	'i',	0x40,	0x7C,	0x7B,
	'C',	0x94,	0xAB,	't',	0xD2,	0xDB,	0xD3,	0xEC,
	0xE7,	0xDF,	0xFD,	0xF1,	0xE7,	0xFF,	0xFB,	0xEF,
	0xFF,	0xFB,	0xEE,	0xFF,	0xE7,	0xDE,	0xF6,	0xBF,
	0x81,	0xDF,	0x91,	'X',	0xB7,	0x60,	0x35,	0x60,
	'H',	0x26,	0x40,	'J',	0x29,	'F',	0x22,	0xD,
	0xD,	0x21,	0xA,	0x9,	0x25,	0xD,	0xD,	0x27,
	0xD,	0x10,	0x29,	0xF,	0x12,	0x20,	0x9,	0x9,
	0x1D,	0x8,	0x5,	0x1B,	0x7,	0x4,	0x1E,	0x8,
	0x6,	0x1F,	0x9,	0xC,	0x22,	0xB,	0x11,	0x22,
	0xD,	0x11,	0x22,	0xC,	0x12,	0x29,	0x13,	0x1E,
	0x2F,	0x19,	0x2C,	0x2E,	0x17,	0x27,	0x2F,	0x19,
	0x2C,	0x2C,	0x16,	0x23,	0x2C,	0x16,	0x21,	0x24,
	0xF,	0x17,	0x1D,	0xB,	0xC,	0x1B,	0x7,	0x7,
	0x1C,	0x8,	0xB,	0x1A,	0x6,	0x6,	0x1A,	0x6,
	0x5,	0x1B,	0x7,	0x7,	0x18,	0x5,	0x4,	0x1C,
	0x7,	0x9,	0x24,	0x10,	0x18,	0x26,	0x11,	0x1C,
	0x25,	0x10,	0x1A,	0x29,	0x13,	0x1E,	0x2B,	0x16,
	0x26,	0x2C,	0x16,	0x27,	0x26,	0x11,	0x1A,	0x29,
	0x14,	0x21,	0x26,	0x12,	0x1B,	0x22,	0xE,	0x10,
	0x20,	0xC,	0xE,	0x20,	0xC,	0x10,	0x20,	0xD,
	0x10,	0x20,	0xD,	0xE,	0x23,	0x11,	0x19,	0x27,
	0x16,	0x23,	0x27,	0x17,	0x25,	0x29,	0x19,	0x2F,
	0x29,	0x1A,	0x2D,	0x2F,	0x21,	0x3A,	0x36,	0x28,
	'e',	0x30,	0x20,	'I',	0x2F,	0x1F,	'G',	0x2D,
	0x20,	'Y',	0x26,	0x1A,	'R',	0x22,	0x14,	'M',
	0x25,	0x19,	0x40,	0x28,	0x1F,	'U',	0x2E,	0x2A,
	'q',	0x3F,	'F',	0x9C,	'A',	'N',	0xB0,	'A',
	'J',	0x92,	'A',	'H',	'x',	'G',	'E',	'o',
	'H',	'B',	'd',	'N',	'I',	'i',	'R',	'K',
	'p',	'X',	'P',	0x7D,	'x',	't',	0x8A,	0x84,
	'c',	0x8E,	0x82,	'Y',	0x92,	0xA6,	0x7E,	0x9C,
	0xAC,	0x7B,	0xAB,	0xC4,	0xC3,	0xBD,	0xCD,	0xDF,
	0xD5,	0xDE,	0xE6,	0xF2,	0xDF,	0xDE,	0xF1,	0x7E,
	0x5F,	0xAE,	'h',	'V',	0xA8,	0xB0,	0x98,	0xB4,
	0xBF,	0xAD,	0xC0,	0xA1,	0x80,	0xB0,	0xB4,	0x95,
	0xB6,	0xB9,	0x93,	0xAB,	0x94,	'n',	0x95,	'm',
	'Z',	0x8A,	0x81,	'f',	0x92,	'i',	0x60,	0x8E,
	0x9D,	0x84,	0xAB,	0xB6,	0x8D,	0xA3,	0xBF,	0x84,
	0x9E,	0x87,	'n',	0x93,	0xD8,	0x9C,	0xA8,	0xD9,
	0x9D,	0xA8,	'L',	0x35,	0x82,	0x3F,	0x28,	0x5B,
	'A',	0x2C,	'Y',	'Y',	0x3C,	'i',	0x5F,	'G',
	0x7E,	's',	'J',	0x8D,	'O',	0x32,	0x5F,	'M',
	0x30,	'a',	'A',	0x25,	'H',	'K',	0x2C,	0x60,
	'R',	0x33,	0x87,	'P',	0x2B,	'b',	'N',	0x2C,
	0x5F,	'C',	0x24,	0x3E,	'I',	0x29,	'T',	'z',
	'K',	0x97,	0xA6,	'f',	0xD2,	'y',	'N',	0xAC,
	'w',	'J',	0xB7,	'b',	0x3A,	0x9D,	'k',	0x3B,
	0x99,	'P',	0x2F,	'b',	'T',	0x31,	0x5D,	0x5F,
	0x38,	0x7F,	0x7E,	'O',	0xAC,	0xCD,	0xC9,	0xD8,
	0xE5,	0xDD,	0xF9,	0xEF,	0xE5,	0xFF,	0xF4,	0xE9,
	0xFF,	0xE7,	0xDF,	0xF8,	0xCB,	0xB8,	0xE1,	0x95,
	'Z',	0xBB,	0x7D,	'M',	0xAA,	'h',	0x3C,	0x87,
	'A',	0x21,	0x35,	'S',	0x30,	'Q',	0x20,	0xA,
	0x8,	0x21,	0xA,	0xA,	0x25,	0xE,	0xB,	0x25,
	0xE,	0xE,	0x27,	0xD,	0xF,	0x1E,	0x9,	0x7,
	0x1C,	0x8,	0x5,	0x1B,	0x7,	0x4,	0x1F,	0x9,
	0x9,	0x25,	0xD,	0x11,	0x2A,	0x11,	0x19,	0x2C,
	0x12,	0x20,	0x2B,	0x12,	0x21,	0x32,	0x1A,	0x2F,
	0x30,	0x19,	0x2B,	0x30,	0x19,	0x28,	0x33,	0x1E,
	0x34,	0x36,	0x1F,	0x35,	0x34,	0x1F,	0x32,	0x23,
	0xE,	0x15,	0x1E,	0xA,	0xC,	0x1A,	0x6,	0x6,
	0x1B,	0x9,	0x9,	0x1A,	0x6,	0x5,	0x1A,	0x6,
	0x6,	0x18,	0x5,	0x3,	0x18,	0x5,	0x3,	0x18,
	0x5,	0x3,	0x1D,	0xB,	0xC,	0x23,	0x10,	0x16,
	0x22,	0xF,	0x16,	0x22,	0xF,	0x15,	0x24,	0x11,
	0x1A,	0x2B,	0x15,	0x27,	0x2D,	0x16,	0x2B,	0x2B,
	0x17,	0x28,	0x28,	0x15,	0x20,	0x26,	0x12,	0x1B,
	0x20,	0xE,	0x10,	0x1F,	0xB,	0xD,	0x1E,	0xB,
	0x7,	0x1F,	0xC,	0x9,	0x25,	0x13,	0x1A,	0x27,
	0x14,	0x1F,	0x23,	0x11,	0x16,	0x24,	0x13,	0x1E,
	0x26,	0x16,	0x1F,	0x29,	0x19,	0x2C,	0x2C,	0x1C,
	0x3E,	0x2C,	0x1C,	0x38,	0x2F,	0x1D,	0x32,	0x2E,
	0x1E,	'E',	0x2B,	0x1D,	'N',	0x2B,	0x1E,	'h',
	0x27,	0x1E,	'o',	0x2A,	0x1E,	'f',	0x2D,	0x2C,
	'z',	0x3B,	'M',	0xB9,	'G',	0x60,	0xC8,	'K',
	0x5C,	0xB8,	'Z',	'f',	0xBF,	'Q',	'K',	0xA2,
	'W',	'R',	0x99,	'u',	'g',	0x9B,	'r',	'Y',
	0x9F,	'm',	'X',	0xA6,	0x95,	'q',	0xB6,	0xC7,
	0x81,	0xAD,	0xBB,	0x83,	0xBF,	0x82,	0x5F,	0x9E,
	'l',	'N',	0x94,	0x5C,	'C',	0x8B,	0xCE,	0x8D,
	0xB2,	0xE2,	0xAD,	0xBE,	0xCA,	'z',	0xB7,	0x95,
	'd',	0xA9,	'X',	'C',	0x8F,	'X',	'J',	0x86,
	'Y',	'B',	0x7E,	'Z',	'C',	0x81,	'L',	0x3D,
	0x7C,	'U',	'C',	0x7B,	'G',	0x33,	'x',	'C',
	0x2E,	'v',	'd',	'M',	0x81,	0xF5,	0xF3,	0xB5,
	0xF7,	0xF8,	0xBA,	0xF9,	0xFB,	0xC4,	0xF9,	0xFB,
	0xD3,	0xFC,	0xFD,	0xF9,	0xFD,	0xFE,	0xFF,	0xFE,
	0xFD,	0xEB,	0xFD,	0xF5,	0xD4,	0xD7,	0xA0,	0xE2,
	'C',	0x2C,	0x5D,	'M',	0x32,	'b',	'g',	'O',
	0x8F,	'r',	'K',	0x98,	'G',	0x2A,	'Q',	0x3F,
	0x24,	'E',	'D',	0x29,	'X',	'L',	0x2F,	'q',
	'j',	'B',	0x87,	0x60,	0x37,	'y',	'H',	0x29,
	'W',	'W',	0x33,	'i',	'D',	0x23,	'B',	'P',
	0x2E,	'd',	'i',	0x40,	0x8D,	'h',	0x3D,	0x94,
	'w',	'D',	0xA9,	0x5D,	0x36,	0x92,	'x',	'H',
	0xAE,	'F',	0x26,	'R',	'W',	0x37,	0x5E,	'W',
	0x37,	0x81,	'K',	0x2D,	'i',	0xAE,	'u',	0xCB,
	0xD2,	0xC6,	0xED,	0xCD,	0xB9,	0xEA,	0xB7,	0x88,
	0xE3,	0xAE,	'x',	0xDB,	0xD1,	0xC0,	0xDE,	0xB1,
	'p',	0xC4,	0x7E,	'F',	0xA3,	0x7D,	'K',	0xA7,
	'e',	0x3C,	0x7F,	's',	'H',	0x7C,	0x17,	0x4,
	0x0,	0x21,	0xA,	0xA,	0x22,	0xA,	0xA,	0x22,
	0xB,	0xB,	0x1F,	0x9,	0x7,	0x1C,	0x8,	0x5,
	0x1C,	0x8,	0x5,	0x1D,	0x8,	0x5,	0x20,	0x9,
	0xA,	0x22,	0xB,	0xC,	0x2A,	0x11,	0x19,	0x2A,
	0x12,	0x1F,	0x2F,	0x17,	0x2A,	0x2B,	0x14,	0x1D,
	0x29,	0x13,	0x1C,	0x26,	0x11,	0x18,	0x2B,	0x15,
	0x1F,	0x32,	0x1E,	0x30,	0x32,	0x21,	0x37,	0x26,
	0x13,	0x1E,	0x1D,	0xA,	0xB,	0x1A,	0x6,	0x5,
	0x18,	0x5,	0x2,	0x18,	0x5,	0x2,	0x18,	0x5,
	0x2,	0x18,	0x5,	0x4,	0x18,	0x5,	0x3,	0x1B,
	0x7,	0x8,	0x1B,	0x7,	0x8,	0x1D,	0xB,	0xC,
	0x23,	0x10,	0x18,	0x29,	0x16,	0x24,	0x2B,	0x15,
	0x26,	0x33,	0x1E,	0x36,	0x37,	0x20,	0x3E,	0x29,
	0x16,	0x24,	0x29,	0x14,	0x21,	0x28,	0x14,	0x1F,
	0x28,	0x14,	0x20,	0x20,	0xE,	0x11,	0x1F,	0xB,
	0xC,	0x20,	0xC,	0xE,	0x20,	0xE,	0x14,	0x26,
	0x12,	0x24,	0x26,	0x11,	0x19,	0x22,	0x10,	0x18,
	0x21,	0xF,	0x18,	0x24,	0x12,	0x19,	0x25,	0x14,
	0x1F,	0x27,	0x18,	0x23,	0x2C,	0x18,	0x28,	0x2B,
	0x19,	0x27,	0x32,	0x21,	0x3B,	0x32,	0x23,	'W',
	0x2F,	0x24,	'u',	0x29,	0x21,	'm',	0x31,	0x33,
	0x97,	0x3C,	'H',	0xCD,	'N',	0x5F,	0xE9,	'L',
	'Q',	0xC6,	0x5B,	'h',	0xEE,	'M',	'U',	0xC2,
	'P',	'R',	0xB0,	'M',	'L',	0x9A,	'M',	'G',
	0x9A,	'N',	'H',	0xA1,	0x7B,	'n',	0xE3,	0x96,
	0x85,	0xF8,	0xB0,	0x86,	0xF3,	0xA4,	0x7D,	0xCA,
	0x91,	't',	0xBA,	0x7B,	'g',	0xA2,	'l',	'X',
	0x94,	0xCD,	0x83,	0xBF,	0xE9,	0xA3,	0xFD,	0xB6,
	0x80,	0xA9,	0xB5,	'w',	0x9A,	'h',	'E',	0x7F,
	'R',	0x30,	0x7C,	'P',	0x33,	0x7C,	'P',	0x35,
	0x7D,	'F',	0x32,	'y',	'C',	0x2E,	'o',	0x36,
	0x1F,	'o',	0xFB,	0xF5,	0xCC,	0xFD,	0xFD,	0xFE,
	0xFC,	0xFD,	0xDE,	0xFD,	0xFD,	0xD4,	0xE3,	0xA9,
	0xC8,	'F',	0x35,	'z',	0x5D,	'J',	0x86,	0x85,
	'g',	0x99,	0x34,	0x20,	'I',	0x3E,	0x29,	'e',
	0x36,	0x21,	0x3D,	0x3C,	0x25,	'D',	'S',	0x3A,
	'v',	'L',	0x2F,	'V',	'B',	0x27,	'M',	'C',
	0x28,	'U',	'Q',	0x31,	'o',	0x5B,	0x38,	0x8A,
	'X',	0x39,	0x8A,	'H',	0x2A,	0x5C,	'N',	0x2C,
	0x5D,	'r',	'D',	0x92,	'O',	0x2A,	'j',	'M',
	0x2A,	'd',	'I',	0x2C,	'c',	'R',	0x34,	'q',
	'Y',	0x37,	'x',	'Q',	0x31,	'q',	0x5F,	'A',
	0x8E,	'J',	0x2A,	'f',	'I',	0x2C,	'U',	0x33,
	0x1A,	0x30,	0x36,	0x1D,	0x39,	'X',	0x38,	0x8D,
	0x9B,	'p',	0xD2,	0xB4,	0x83,	0xDF,	0x8E,	'd',
	0xDD,	0x8B,	'Z',	0xB7,	0xCC,	0xBB,	0xDB,	0xB7,
	0x80,	0xCB,	0xAB,	'i',	0xB4,	0xB1,	'm',	0xB1,
	0xAB,	'u',	0xB4,	0xB5,	0x8D,	0xD9,	0x17,	0x4,
	0x0,	0x1B,	0x6,	0x4,	0x23,	0xC,	0xD,	0x22,
	0xB,	0xC,	0x1D,	0x8,	0x6,	0x1C,	0x8,	0x5,
	0x1F,	0x8,	0x7,	0x22,	0xC,	0xB,	0x27,	0xE,
	0x12,	0x27,	0xE,	0x11,	0x25,	0xE,	0x12,	0x28,
	0x10,	0x16,	0x31,	0x1A,	0x2A,	0x29,	0x13,	0x1C,
	0x23,	0xD,	0x10,	0x29,	0x13,	0x1A,	0x2C,	0x18,
	0x1F,	0x2B,	0x15,	0x21,	0x33,	0x1D,	0x31,	0x2B,
	0x19,	0x26,	0x1E,	0xB,	0xD,	0x1A,	0x6,	0x3,
	0x1A,	0x6,	0x5,	0x17,	0x4,	0x0,	0x18,	0x5,
	0x3,	0x18,	0x5,	0x4,	0x1C,	0x7,	0x9,	0x1B,
	0x7,	0x8,	0x18,	0x5,	0x2,	0x18,	0x5,	0x2,
	0x1D,	0xB,	0xB,	0x27,	0x12,	0x1F,	0x28,	0x14,
	0x1F,	0x32,	0x1E,	0x34,	'E',	0x2E,	'd',	0x3B,
	0x25,	'I',	0x29,	0x16,	0x24,	0x26,	0x12,	0x1E,
	0x27,	0x13,	0x1E,	0x23,	0xF,	0x14,	0x20,	0xE,
	0x12,	0x1F,	0xB,	0xC,	0x21,	0xD,	0x12,	0x24,
	0x10,	0x1E,	0x24,	0xF,	0x1F,	0x22,	0xE,	0x15,
	0x21,	0xE,	0x13,	0x21,	0xD,	0x15,	0x1F,	0xC,
	0x13,	0x21,	0xE,	0x16,	0x23,	0x10,	0x18,	0x26,
	0x16,	0x27,	0x29,	0x19,	0x23,	0x2D,	0x1D,	0x2E,
	0x30,	0x1F,	0x40,	0x35,	0x27,	0x60,	0x32,	0x2E,
	0x7B,	0x36,	0x3A,	0x89,	'P',	'V',	0xD0,	'T',
	'U',	0xCC,	'g',	's',	0xEB,	'T',	'f',	0xCE,
	'O',	'U',	0xA7,	'K',	'T',	0xA2,	'K',	'R',
	0x9C,	'G',	'E',	0x9B,	'b',	'a',	0xC2,	0xBB,
	0xA6,	0xFD,	'u',	'i',	0xC6,	't',	'q',	0xC8,
	'z',	's',	0xD1,	0x94,	'w',	0xC8,	0xC6,	0x8F,
	0xD6,	0xA3,	't',	0xA4,	0xCA,	0x80,	0xB7,	0xCD,
	0x86,	0xA6,	'v',	0x5D,	0x88,	0x60,	'A',	0x81,
	'c',	'B',	0x88,	'I',	0x30,	0x7D,	'O',	0x38,
	'z',	0x3B,	0x27,	'r',	0x3B,	0x2B,	0x5D,	'd',
	'E',	'u',	0xFD,	0xFC,	0xD3,	0xFF,	0xFD,	0xC8,
	0xE7,	0xB4,	0xBF,	0xA4,	'w',	0x95,	'p',	'V',
	0x90,	'l',	'a',	0x8C,	0x31,	0x21,	'c',	0x21,
	0x10,	0x19,	0x3C,	0x26,	'Z',	0x2F,	0x1C,	0x36,
	0x39,	0x23,	'G',	0x2C,	0x17,	0x25,	0x2D,	0x18,
	0x27,	0x36,	0x1D,	0x35,	'A',	0x26,	'L',	'J',
	0x2F,	'j',	'J',	0x31,	'l',	'f',	'I',	0x97,
	0x5E,	0x3F,	0x7C,	'R',	0x32,	'c',	'N',	0x2B,
	0x5F,	'D',	0x24,	'N',	0x5C,	0x35,	0x82,	'H',
	0x26,	'Q',	0x3A,	0x1D,	0x3C,	0x35,	0x1D,	0x37,
	'D',	0x27,	'U',	'L',	0x32,	0x7B,	'I',	0x2F,
	'p',	'I',	0x31,	'y',	'A',	0x25,	'S',	0x31,
	0x1A,	0x3A,	0x26,	0x11,	0x1A,	0x2C,	0x16,	0x1F,
	0x37,	0x1D,	0x31,	0x81,	'X',	0xC5,	0x95,	'm',
	0xDF,	0xA1,	'm',	0xD2,	0xCB,	0xBC,	0xE1,	0xBE,
	0x96,	0xD9,	0xB4,	0x84,	0xB7,	0xB6,	0x87,	0xC1,
	0xAF,	0x7E,	0xB9,	0xB5,	0x8C,	0xD8,	0x17,	0x4,
	0x0,	0x17,	0x4,	0x0,	0x1C,	0x9,	0x5,	0x22,
	0xA,	0xB,	0x1D,	0x8,	0x7,	0x1C,	0x8,	0x5,
	0x20,	0xA,	0xA,	0x27,	0x10,	0x12,	0x28,	0xF,
	0x12,	0x26,	0xE,	0x12,	0x27,	0xF,	0x14,	0x28,
	0x10,	0x1B,	0x2B,	0x11,	0x1D,	0x25,	0xE,	0x15,
	0x27,	0x11,	0x17,	0x26,	0x11,	0x16,	0x28,	0x13,
	0x1C,	0x27,	0x14,	0x1A,	0x2B,	0x15,	0x1F,	0x32,
	0x1D,	0x31,	0x26,	0x13,	0x1B,	0x18,	0x5,	0x2,
	0x1B,	0x7,	0x7,	0x18,	0x5,	0x3,	0x18,	0x6,
	0x4,	0x18,	0x5,	0x4,	0x1C,	0x7,	0x9,	0x1B,
	0x7,	0x8,	0x1B,	0x6,	0x7,	0x1B,	0x6,	0x7,
	0x1D,	0xA,	0xB,	0x1D,	0xB,	0xC,	0x1F,	0xB,
	0x10,	0x2F,	0x1A,	0x2D,	'J',	0x36,	'y',	'O',
	0x3B,	0x92,	'D',	0x31,	'b',	0x3B,	0x26,	'I',
	0x2A,	0x16,	0x24,	0x24,	0x10,	0x1A,	0x20,	0xD,
	0xF,	0x20,	0xD,	0x10,	0x24,	0x10,	0x19,	0x28,
	0x13,	0x3A,	0x21,	0xC,	0x10,	0x21,	0xC,	0x11,
	0x21,	0xC,	0x12,	0x21,	0xC,	0x10,	0x21,	0xC,
	0x10,	0x1C,	0xA,	0xC,	0x1E,	0xB,	0x9,	0x21,
	0xD,	0x18,	0x22,	0xF,	0x18,	0x23,	0x11,	0x19,
	0x23,	0x13,	0x1F,	0x26,	0x19,	0x29,	0x2A,	0x1C,
	0x3A,	0x2B,	0x22,	'C',	0x37,	0x33,	'h',	'J',
	'D',	0x81,	'V',	'T',	0x92,	0x5B,	'S',	0x88,
	0x5E,	0x5B,	0x93,	'U',	'Q',	0x98,	'K',	'H',
	0x93,	'B',	0x3A,	0x85,	'K',	'F',	0xA3,	'n',
	'k',	0xCF,	0x90,	0x83,	0xFB,	'q',	'b',	0xBC,
	0x96,	0x89,	0xD1,	'v',	'q',	0xB4,	'i',	0x5E,
	0x9F,	'w',	'k',	0x98,	'v',	0x5F,	0x95,	0xB0,
	0x7F,	0xA4,	0xD7,	0xA0,	0xC0,	0xA0,	0x80,	0x99,
	0x95,	0x7C,	0xA1,	0x97,	0x7D,	0x9B,	0xD3,	0x94,
	0x9F,	'P',	0x40,	0x84,	'u',	0x5E,	0x89,	0xFD,
	0xFB,	0xCC,	0xFE,	0xFD,	0xC4,	0xFD,	0xFD,	0xC4,
	0xF9,	0xFB,	0xC8,	0xFD,	0xFD,	0xCC,	0xF8,	0xFB,
	0xD9,	0xFD,	0xFD,	0xD3,	0xF6,	0xF8,	0xFD,	'G',
	0x37,	0x84,	'j',	'K',	0x9A,	'f',	'V',	0xA8,
	'Z',	'C',	0x93,	'H',	0x34,	'b',	0x35,	0x1F,
	0x38,	0x2E,	0x17,	0x26,	0x37,	0x20,	'E',	0x3D,
	0x23,	'T',	'H',	0x30,	'p',	'U',	0x3A,	0x8D,
	'K',	0x2A,	'Y',	'I',	0x2C,	0x5B,	'F',	0x29,
	'L',	'D',	0x25,	'I',	'F',	0x28,	'W',	'B',
	0x26,	'H',	0x39,	0x1E,	0x3D,	0x39,	0x1F,	0x39,
	'C',	0x28,	'l',	0x3E,	0x25,	'R',	0x39,	0x1F,
	'C',	'J',	0x31,	0x8F,	'G',	0x30,	'h',	0x3A,
	0x27,	0x81,	0x2E,	0x18,	0x2E,	0x27,	0x12,	0x16,
	0x2D,	0x16,	0x1C,	'y',	'Y',	0xBF,	0xA2,	0x80,
	0xD7,	0xCE,	0xCC,	0xD9,	0xBF,	0x9D,	0xDB,	0xB3,
	0x84,	0xCE,	0xAD,	'z',	0xB0,	0xAD,	0x7E,	0xB7,
	0xAF,	0x7E,	0xBB,	0xB5,	0x88,	0xD5,	0x17,	0x4,
	0x0,	0x17,	0x4,	0x0,	0x1A,	0x6,	0x4,	0x1F,
	0xA,	0xA,	0x22,	0xA,	0xB,	0x21,	0xA,	0x8,
	0x20,	0xA,	0x9,	0x25,	0xD,	0x10,	0x2A,	0x11,
	0x15,	0x29,	0x11,	0x15,	0x24,	0xC,	0xE,	0x29,
	0x11,	0x18,	0x2D,	0x14,	0x21,	0x27,	0x10,	0x18,
	0x22,	0xD,	0xF,	0x21,	0xC,	0x10,	0x22,	0xE,
	0x12,	0x26,	0x11,	0x18,	0x27,	0x12,	0x19,	0x2C,
	0x17,	0x23,	0x27,	0x14,	0x1A,	0x1D,	0xB,	0xE,
	0x18,	0x6,	0x2,	0x18,	0x6,	0x4,	0x1A,	0x7,
	0xA,	0x1C,	0x7,	0x9,	0x1C,	0x7,	0x9,	0x1B,
	0x7,	0x8,	0x1A,	0x6,	0x6,	0x18,	0x5,	0x2,
	0x1C,	0xA,	0xB,	0x20,	0xC,	0x13,	0x1C,	0x9,
	0xA,	0x22,	0xF,	0x17,	'L',	0x3B,	0x82,	'P',
	0x3F,	0x94,	'K',	0x36,	'x',	'N',	0x39,	0x83,
	0x39,	0x26,	'I',	0x29,	0x15,	0x28,	0x25,	0x10,
	0x19,	0x22,	0xF,	0x16,	0x22,	0xF,	0x15,	0x21,
	0xE,	0x14,	0x1D,	0xA,	0xC,	0x1E,	0xA,	0xC,
	0x20,	0xB,	0xD,	0x20,	0xB,	0xE,	0x1D,	0x9,
	0xA,	0x1C,	0x9,	0xB,	0x22,	0xD,	0x11,	0x21,
	0xD,	0xF,	0x21,	0xC,	0x10,	0x1F,	0xC,	0x11,
	0x1E,	0xA,	0xF,	0x1F,	0xD,	0x14,	0x21,	0x11,
	0x19,	0x22,	0x13,	0x1B,	0x27,	0x19,	0x25,	0x2C,
	0x21,	0x34,	0x31,	0x23,	0x3A,	'A',	0x31,	'Q',
	'H',	0x3C,	'h',	0x40,	0x34,	0x5C,	'I',	'A',
	'q',	0x3C,	0x31,	0x5D,	'A',	0x38,	0x7C,	'm',
	'k',	0xBE,	'g',	0x5F,	0xAB,	'k',	0x5F,	0xA3,
	0x99,	0x87,	0xC1,	0xCE,	0xB5,	0xF9,	0xBE,	0x96,
	0xBD,	0xA0,	0x81,	0xAE,	'p',	'j',	0x9B,	0xAA,
	0x9B,	0xB1,	0xBF,	0xAC,	0xFD,	0xC3,	0xAC,	0xDA,
	0xC9,	0xAA,	0xED,	0x9B,	0x9D,	0xA7,	0xD7,	0xB5,
	0xB4,	0xFE,	0xFC,	0xB7,	0xFE,	0xFD,	0xBC,	0xFD,
	0xFC,	0xC1,	0xFD,	0xFD,	0xC2,	0xFD,	0xFD,	0xC2,
	0xFD,	0xFD,	0xC5,	0xFD,	0xFD,	0xCF,	0xFB,	0xFD,
	0xE8,	0xFF,	0xFD,	0xFD,	0xFE,	0xFD,	0xFD,	0xFE,
	0xFE,	0xFD,	0xFF,	0xFE,	0xFE,	0xFF,	0xFF,	0xFF,
	0xFE,	0xFE,	0xFE,	0xFE,	0xFE,	0xFE,	0xE4,	0xE1,
	0xFE,	0x33,	0x1D,	0x32,	0x36,	0x20,	'J',	'C',
	0x2E,	'w',	0x3F,	0x29,	't',	'J',	0x31,	's',
	0x3F,	0x25,	'G',	0x40,	0x24,	'D',	0x3D,	0x23,
	'F',	0x3D,	0x24,	'Q',	0x37,	0x1E,	0x39,	0x33,
	0x1C,	0x32,	0x34,	0x1D,	0x31,	0x2E,	0x17,	0x26,
	0x2F,	0x18,	0x26,	0x30,	0x1A,	0x31,	0x33,	0x1F,
	0x3B,	'E',	0x30,	0x89,	'F',	0x30,	'j',	0x36,
	0x1F,	0x3F,	0x35,	0x1F,	0x35,	0x39,	0x20,	0x35,
	0x38,	0x21,	0x31,	0x85,	'd',	0xC9,	0x8B,	'h',
	0xD3,	0xA5,	'v',	0xD4,	0xA9,	's',	0xB1,	0xAE,
	0x82,	0xD5,	0x95,	0x5E,	0x8C,	0xAB,	's',	0xB2,
	0x9D,	0x5F,	0x9C,	0xA0,	'g',	0xA7,	0x17,	0x4,
	0x0,	0x1A,	0x6,	0x4,	0x17,	0x4,	0x0,	0x1A,
	0x6,	0x4,	0x1F,	0xA,	0xA,	0x21,	0xB,	0xB,
	0x21,	0xA,	0xA,	0x22,	0xC,	0xC,	0x25,	0xD,
	0x10,	0x24,	0xD,	0xF,	0x25,	0xD,	0x11,	0x26,
	0xF,	0x17,	0x2B,	0x12,	0x1E,	0x29,	0x11,	0x19,
	0x22,	0xC,	0x10,	0x21,	0xC,	0xE,	0x24,	0xF,
	0x14,	0x26,	0x10,	0x16,	0x2D,	0x17,	0x28,	0x2E,
	0x1A,	0x2B,	0x25,	0x13,	0x1B,	0x1F,	0xB,	0xD,
	0x18,	0x5,	0x2,	0x18,	0x5,	0x2,	0x1C,	0x7,
	0x9,	0x1A,	0x7,	0x9,	0x1A,	0x7,	0x9,	0x1A,
	0x6,	0x7,	0x18,	0x5,	0x2,	0x18,	0x5,	0x2,
	0x1C,	0xA,	0xB,	0x20,	0xC,	0x13,	0x1F,	0xB,
	0x11,	0x1A,	0x6,	0x5,	0x29,	0x15,	0x25,	'C',
	0x33,	'e',	0x32,	0x1D,	0x37,	0x2F,	0x1D,	0x32,
	0x2F,	0x1A,	0x33,	0x23,	0x10,	0x1A,	0x22,	0x10,
	0x16,	0x21,	0xF,	0x13,	0x21,	0xE,	0x14,	0x22,
	0x10,	0x18,	0x26,	0x13,	0x24,	0x1F,	0xA,	0xF,
	0x1D,	0x9,	0xA,	0x1F,	0x9,	0xB,	0x20,	0xB,
	0xF,	0x1D,	0x9,	0x9,	0x1D,	0x9,	0xB,	0x1F,
	0xB,	0xD,	0x1E,	0xB,	0xC,	0x1F,	0xA,	0xD,
	0x1D,	0xA,	0xB,	0x1E,	0xB,	0xC,	0x21,	0xC,
	0x10,	0x20,	0xF,	0x12,	0x21,	0xE,	0x12,	0x22,
	0xF,	0x13,	0x23,	0x12,	0x16,	0x23,	0x13,	0x17,
	0x24,	0x14,	0x19,	0x24,	0x16,	0x1C,	0x29,	0x1D,
	0x2A,	0x28,	0x1A,	0x2B,	0x2B,	0x22,	0x38,	0x3E,
	0x38,	0x82,	'f',	0x5D,	0xAE,	'Z',	'K',	0x9A,
	'H',	'E',	0x94,	'K',	'G',	0x90,	'K',	'J',
	0x8C,	0x3A,	0x34,	'w',	'D',	'F',	0x85,	'K',
	'Z',	0x89,	'F',	'F',	0x8B,	'X',	'b',	0x83,
	'K',	'D',	0x89,	'J',	'D',	0x8C,	0xCD,	0xAE,
	0xB7,	0xFD,	0xFD,	0xBC,	0xFD,	0xFD,	0xBA,	0xEF,
	0xF7,	0xC1,	0xFE,	0xFD,	0xC1,	0xFD,	0xFD,	0xC8,
	0xFD,	0xFD,	0xD9,	0xF1,	0xFD,	0xFD,	0xD2,	0xB3,
	0xCA,	0xFF,	0xFE,	0xFE,	0xFF,	0xFE,	0xFE,	0xCF,
	0xD5,	0xEE,	0x2F,	0x1C,	0x30,	0x24,	0x10,	0x1C,
	's',	'i',	0xAD,	0x93,	0x80,	0xDD,	0x5F,	'H',
	'x',	0x36,	0x20,	0x37,	'E',	0x31,	'y',	0x3F,
	0x2A,	0x83,	0x3E,	0x29,	0x7F,	'D',	0x2A,	0x60,
	'L',	0x2F,	0x5F,	0x3B,	0x20,	'I',	0x35,	0x1D,
	0x3E,	0x3B,	0x23,	'F',	'A',	0x2A,	'T',	0x3E,
	0x26,	'N',	0x33,	0x1F,	0x32,	0x2D,	0x19,	0x26,
	0x2E,	0x17,	0x26,	0x2B,	0x16,	0x22,	0x2E,	0x18,
	0x2A,	'G',	0x31,	'z',	'K',	0x36,	'k',	0x3B,
	0x25,	0x5D,	0x39,	0x22,	0x3E,	0x38,	0x22,	0x39,
	0x2D,	0x16,	0x23,	'W',	0x3B,	0x89,	'e',	'L',
	0xA8,	0xAF,	0x95,	0xD3,	0xAD,	0x83,	0xCC,	0x8C,
	'g',	0xB4,	0x80,	'N',	0xA6,	'x',	'D',	0x92,
	0x7E,	'N',	0x8A,	'z',	'M',	0x81,	0x17,	0x4,
	0x0,	0x18,	0x6,	0x4,	0x17,	0x4,	0x0,	0x17,
	0x4,	0x0,	0x1B,	0x6,	0x4,	0x1E,	0xA,	0x9,
	0x23,	0xD,	0xC,	0x22,	0xC,	0xD,	0x24,	0xD,
	0x10,	0x26,	0xF,	0x12,	0x28,	0x10,	0x15,	0x26,
	0xE,	0x16,	0x30,	0x15,	0x22,	0x29,	0xF,	0x17,
	0x24,	0xE,	0x12,	0x25,	0xF,	0x15,	0x26,	0xF,
	0x1A,	0x27,	0x11,	0x1B,	0x2D,	0x18,	0x29,	0x2F,
	0x1C,	0x2D,	0x2B,	0x19,	0x26,	0x20,	0xD,	0x11,
	0x1C,	0x9,	0x9,	0x1B,	0x7,	0x5,	0x1C,	0x7,
	0x9,	0x1C,	0x7,	0x9,	0x1A,	0x7,	0x9,	0x18,
	0x5,	0x2,	0x1A,	0x6,	0x5,	0x1A,	0x6,	0x5,
	0x1B,	0x6,	0x7,	0x1D,	0xB,	0xC,	0x1F,	0xB,
	0x11,	0x1B,	0x9,	0x9,	0x1F,	0xA,	0x10,	0x2E,
	0x1D,	0x33,	0x2E,	0x1D,	0x32,	0x25,	0x11,	0x1B,
	0x21,	0xC,	0x12,	0x21,	0xD,	0x16,	0x25,	0x11,
	0x1D,	0x29,	0x15,	0x25,	0x24,	0xF,	0x1C,	0x22,
	0x10,	0x17,	0x25,	0x11,	0x1C,	0x25,	0x11,	0x1C,
	0x23,	0xF,	0x17,	0x20,	0xD,	0x11,	0x1D,	0xB,
	0xD,	0x1F,	0xD,	0x10,	0x1F,	0xB,	0xE,	0x1B,
	0x9,	0x9,	0x1A,	0x7,	0x7,	0x1B,	0x8,	0x8,
	0x1B,	0x8,	0x8,	0x1D,	0x9,	0xA,	0x1F,	0xC,
	0xF,	0x20,	0xD,	0x11,	0x1F,	0xC,	0xF,	0x1F,
	0xD,	0x10,	0x20,	0xE,	0x12,	0x20,	0xE,	0x15,
	0x21,	0x11,	0x11,	0x21,	0x11,	0x14,	0x23,	0x12,
	0x1A,	0x20,	0x11,	0x13,	0x1F,	0x12,	0x16,	0x2B,
	0x1A,	0x36,	'F',	0x3D,	0x8D,	0x3F,	0x37,	0x85,
	'Y',	'T',	0x9F,	0x5B,	'W',	0x9E,	'R',	'X',
	0x98,	'G',	'C',	0x90,	'C',	0x3F,	0x89,	'W',
	'b',	0x95,	'K',	'M',	0x90,	'K',	'G',	0x89,
	0x3B,	0x32,	0x83,	0x3A,	0x3B,	0x86,	0x96,	0xA1,
	0xAF,	0xE9,	0xF5,	0xD1,	0xD2,	0xC2,	0xBE,	'K',
	'H',	0x88,	'N',	'R',	0x86,	'W',	'f',	0x8E,
	'c',	'k',	0x8A,	0xC4,	0xAC,	0xCA,	0xB4,	0x9F,
	0xE4,	0xFF,	0xFF,	0xFE,	0xFF,	0xFF,	0xFF,	0xC8,
	0xDC,	0xFF,	'U',	'D',	'r',	0x37,	0x27,	'E',
	0x2B,	0x18,	0x2E,	0x2B,	0x18,	0x2A,	0x30,	0x1E,
	0x31,	0x31,	0x1D,	0x34,	0x37,	0x22,	'H',	0x37,
	0x22,	'g',	0x3A,	0x27,	0x7B,	0x35,	0x1E,	'N',
	0x39,	0x22,	'M',	0x39,	0x21,	'M',	'A',	0x23,
	'W',	0x3B,	0x23,	0x3F,	0x3D,	0x27,	'H',	0x3C,
	0x29,	'T',	0x32,	0x1A,	0x30,	0x31,	0x19,	0x2A,
	0x33,	0x1E,	0x30,	0x32,	0x1D,	0x2F,	0x37,	0x21,
	'A',	0x3F,	0x2A,	0x5B,	0x3E,	0x2C,	'Z',	0x3B,
	0x25,	'S',	0x33,	0x1E,	0x36,	0x31,	0x1C,	0x37,
	0x2D,	0x17,	0x25,	'H',	0x32,	'q',	'X',	0x3E,
	0x81,	0x91,	'f',	0xB2,	0x91,	'o',	0xB2,	0x91,
	0x5E,	0xB4,	'l',	'C',	0x9C,	'x',	'H',	0x9A,
	0x96,	'a',	0xB4,	0xAD,	't',	0xC3,	0x17,	0x4,
	0x0,	0x18,	0x6,	0x4,	0x17,	0x4,	0x0,	0x17,
	0x4,	0x0,	0x18,	0x6,	0x4,	0x1B,	0x7,	0x7,
	0x22,	0xC,	0xD,	0x23,	0xC,	0xC,	0x24,	0xD,
	0xF,	0x28,	0x10,	0x15,	0x28,	0xF,	0x15,	0x29,
	0x12,	0x19,	0x29,	0x11,	0x19,	0x29,	0x11,	0x1B,
	0x2B,	0x12,	0x1B,	0x25,	0xE,	0x15,	0x29,	0x13,
	0x1B,	0x2D,	0x16,	0x25,	0x2D,	0x17,	0x26,	0x2D,
	0x17,	0x28,	0x2F,	0x1D,	0x2D,	0x27,	0x14,	0x1E,
	0x20,	0xD,	0x11,	0x19,	0x6,	0x4,	0x1A,	0x7,
	0x5,	0x1A,	0x7,	0x9,	0x1B,	0x7,	0x9,	0x1A,
	0x6,	0x7,	0x18,	0x5,	0x2,	0x1A,	0x6,	0x5,
	0x1A,	0x7,	0x7,	0x1D,	0xB,	0xD,	0x1C,	0xA,
	0xB,	0x1F,	0xB,	0x10,	0x1B,	0x8,	0x9,	0x1D,
	0xA,	0xD,	0x2C,	0x1B,	0x2E,	0x28,	0x16,	0x26,
	0x27,	0x16,	0x26,	0x26,	0x13,	0x21,	0x25,	0x10,
	0x1E,	0x23,	0xF,	0x1A,	0x29,	0x15,	0x27,	0x25,
	0x12,	0x23,	0x20,	0xD,	0x12,	0x20,	0xD,	0x13,
	0x23,	0x10,	0x1B,	0x22,	0x11,	0x20,	0x20,	0xE,
	0x1A,	0x1F,	0xC,	0x1A,	0x1D,	0xC,	0x11,	0x1C,
	0xA,	0xE,	0x1A,	0x7,	0x7,	0x1D,	0xB,	0xF,
	0x1D,	0xB,	0xE,	0x1D,	0xA,	0xC,	0x1D,	0xA,
	0xD,	0x1F,	0xC,	0x10,	0x1F,	0xC,	0xE,	0x1E,
	0xC,	0x11,	0x1F,	0xE,	0x12,	0x20,	0xF,	0x13,
	0x20,	0xE,	0x15,	0x22,	0xF,	0x14,	0x20,	0x10,
	0x16,	0x20,	0x10,	0x18,	0x1D,	0xD,	0xF,	0x22,
	0x11,	0x20,	'U',	'T',	0xAB,	0x91,	0xBA,	0xE1,
	'H',	'D',	0x8F,	'C',	0x3D,	0x8D,	0x3B,	0x34,
	0x88,	0x37,	0x33,	0x86,	0x3C,	0x3A,	0x89,	'E',
	'E',	0x8F,	0x34,	0x30,	0x86,	0x25,	0x18,	'A',
	0x29,	0x1E,	'Y',	0x27,	0x1C,	'p',	0x27,	0x1D,
	'v',	0x25,	0x18,	'p',	0x22,	0x13,	0x2E,	0x24,
	0x14,	0x2E,	0xA0,	0xB2,	0xFC,	0xED,	0xFD,	0xFD,
	'W',	'Y',	0x9D,	0xE9,	0xF9,	0xFE,	0xFF,	0xFF,
	0xFF,	0xFE,	0xFF,	0xFF,	0xFE,	0xFE,	0xFE,	0xFF,
	0xFF,	0xFF,	0xFF,	0xFF,	0xFF,	0xBD,	0xD0,	0xF8,
	0x2F,	0x1C,	0x34,	0x31,	0x20,	0x39,	0x33,	0x22,
	0x3F,	0x2F,	0x1E,	0x35,	0x34,	0x1F,	0x3F,	0x3D,
	0x29,	'q',	0x36,	0x22,	'e',	0x36,	0x23,	'i',
	'C',	0x29,	'a',	0x3A,	0x23,	'H',	0x40,	0x26,
	'O',	0x3C,	0x28,	'B',	0x3A,	0x25,	'F',	0x3A,
	0x26,	'K',	0x38,	0x25,	'E',	0x37,	0x22,	0x3D,
	0x37,	0x21,	0x39,	0x3A,	0x29,	'E',	'J',	0x36,
	0x7C,	'A',	0x31,	'W',	0x3E,	0x2C,	'Y',	'A',
	0x2D,	0x5B,	0x39,	0x25,	'G',	0x35,	0x21,	0x3F,
	0x27,	0x13,	0x1B,	0x37,	0x22,	0x3A,	'M',	0x36,
	'm',	'g',	'J',	'v',	0x81,	0x5B,	0xA5,	'g',
	'D',	0x8E,	'g',	'I',	0x9C,	0xB9,	0x9A,	0xE3,
	0xE0,	0xDB,	0xF1,	0xDE,	0xD0,	0xF1,	0x17,	0x4,
	0x0,	0x18,	0x6,	0x4,	0x17,	0x4,	0x0,	0x17,
	0x4,	0x0,	0x17,	0x4,	0x0,	0x18,	0x5,	0x3,
	0x18,	0x5,	0x3,	0x1F,	0x9,	0x9,	0x22,	0xC,
	0xD,	0x24,	0xD,	0x10,	0x29,	0x10,	0x15,	0x2C,
	0x12,	0x1C,	0x2D,	0x15,	0x1E,	0x2B,	0x13,	0x1D,
	0x2F,	0x16,	0x23,	0x29,	0x13,	0x1B,	0x2D,	0x16,
	0x26,	0x2C,	0x16,	0x23,	0x28,	0x13,	0x1C,	0x2C,
	0x18,	0x25,	0x30,	0x1C,	0x2D,	0x28,	0x16,	0x23,
	0x22,	0xF,	0x15,	0x19,	0x6,	0x3,	0x19,	0x6,
	0x5,	0x1A,	0x7,	0x8,	0x18,	0x5,	0x3,	0x1A,
	0x7,	0x7,	0x18,	0x5,	0x2,	0x1A,	0x6,	0x6,
	0x1A,	0x7,	0x7,	0x1D,	0xB,	0xD,	0x1A,	0x6,
	0x8,	0x1A,	0x6,	0x6,	0x1A,	0x7,	0x7,	0x1C,
	0x9,	0x9,	0x1E,	0xB,	0xE,	0x28,	0x16,	0x28,
	0x30,	0x1F,	0x40,	0x25,	0x12,	0x1C,	0x21,	0xF,
	0x18,	0x20,	0xF,	0x16,	0x20,	0xF,	0x15,	0x27,
	0x15,	0x2A,	0x26,	0x17,	0x2D,	0x26,	0x13,	0x25,
	0x23,	0x12,	0x20,	0x1F,	0xD,	0x1B,	0x22,	0x10,
	0x1E,	0x26,	0x16,	0x3F,	0x22,	0xE,	0x1D,	0x1C,
	0xA,	0xE,	0x1A,	0x7,	0x7,	0x1B,	0x8,	0x9,
	0x1D,	0xC,	0x11,	0x1C,	0xA,	0xE,	0x1C,	0xA,
	0xF,	0x1D,	0xC,	0x11,	0x1D,	0xC,	0x10,	0x1D,
	0xC,	0x10,	0x1F,	0xD,	0x12,	0x21,	0xD,	0x14,
	0x20,	0xD,	0x15,	0x1F,	0xF,	0x16,	0x1F,	0xF,
	0x15,	0x20,	0xF,	0x17,	0x20,	0x10,	0x1B,	0x1E,
	0xF,	0x17,	0x3B,	0x34,	'x',	'c',	0x87,	0xD7,
	0x8E,	0xB4,	0xEB,	'U',	'a',	0xBE,	0x3F,	0x40,
	0x9A,	0x39,	0x39,	0x94,	'F',	'Q',	0xA5,	'K',
	'Y',	0xA6,	0x3E,	'B',	0x98,	'A',	'K',	0x9B,
	0x40,	'K',	0x98,	'H',	'W',	0x9E,	0x3D,	0x3B,
	0x8C,	0x38,	0x34,	0x88,	0x40,	'C',	0x93,	0x3E,
	0x3D,	0x94,	0xEF,	0xFD,	0xFD,	0xF3,	0xFD,	0xFD,
	0xEA,	0xFE,	0xFE,	0xFE,	0xFE,	0xFE,	0xEC,	0xFF,
	0xFF,	0xD5,	0xDF,	0xFF,	0xFF,	0xFF,	0xFF,	0xFF,
	0xFF,	0xFF,	0xC6,	0xE0,	0xFF,	'W',	'O',	0x7D,
	0x2C,	0x1D,	0x32,	0x2A,	0x1C,	0x33,	0x29,	0x19,
	0x28,	0x31,	0x1F,	0x38,	0x34,	0x20,	'A',	0x39,
	0x28,	'Z',	0x2B,	0x19,	0x3B,	0x2E,	0x1B,	'E',
	0x2A,	0x15,	0x28,	0x24,	0x11,	0x18,	0x27,	0x13,
	0x1F,	0x24,	0xF,	0x14,	0x21,	0xD,	0x11,	0x27,
	0x13,	0x1B,	0x2C,	0x19,	0x27,	0x29,	0x17,	0x24,
	0x27,	0x13,	0x1E,	0x2F,	0x1B,	0x31,	0x3F,	0x2A,
	'M',	'N',	0x3D,	0x5E,	'L',	0x3A,	'c',	'E',
	0x31,	'e',	0x3B,	0x27,	'U',	0x33,	0x1E,	0x39,
	0x2D,	0x18,	0x28,	0x38,	0x21,	0x35,	'p',	'Y',
	0x8C,	'o',	'V',	0x7C,	't',	'V',	0x94,	0xA2,
	'r',	0xDB,	0xBB,	0xA0,	0xE2,	0xD5,	0xC9,	0xEB,
	0xDD,	0xDA,	0xED,	0xC1,	0xA5,	0xE1,	0x17,	0x4,
	0x0,	0x17,	0x4,	0x0,	0x17,	0x4,	0x0,	0x17,
	0x4,	0x0,	0x18,	0x5,	0x2,	0x18,	0x5,	0x2,
	0x17,	0x4,	0x0,	0x1B,	0x7,	0x5,	0x20,	0xB,
	0xA,	0x24,	0xD,	0xE,	0x27,	0xE,	0x12,	0x2B,
	0x11,	0x17,	0x28,	0x10,	0x17,	0x2C,	0x14,	0x1C,
	0x2E,	0x15,	0x24,	0x2A,	0x13,	0x1C,	0x29,	0x13,
	0x1C,	0x2C,	0x15,	0x24,	0x2E,	0x17,	0x27,	0x2F,
	0x1B,	0x2B,	0x32,	0x1F,	0x33,	0x36,	0x25,	0x3D,
	0x28,	0x16,	0x21,	0x1B,	0x8,	0x9,	0x1A,	0x6,
	0x5,	0x1C,	0xA,	0xB,	0x1A,	0x7,	0x8,	0x1A,
	0x6,	0x9,	0x18,	0x5,	0x2,	0x18,	0x5,	0x2,
	0x1A,	0x7,	0x9,	0x1A,	0x7,	0x9,	0x1C,	0xA,
	0xB,	0x1C,	0xA,	0xA,	0x1A,	0x7,	0x5,	0x1A,
	0x7,	0x5,	0x1A,	0x7,	0x6,	0x20,	0xF,	0x17,
	0x32,	0x23,	'N',	0x30,	0x20,	'E',	0x20,	0x10,
	0x19,	0x1D,	0xC,	0x12,	0x1D,	0xB,	0x12,	0x1C,
	0xA,	0xC,	0x1F,	0xD,	0x15,	0x26,	0x14,	0x2A,
	0x22,	0x13,	0x21,	0x27,	0x14,	0x2F,	0x22,	0x11,
	0x1C,	0x23,	0x13,	0x24,	0x26,	0x14,	0x27,	0x1F,
	0xC,	0x15,	0x1C,	0xB,	0xE,	0x1D,	0xC,	0x14,
	0x1D,	0xC,	0x14,	0x1C,	0xB,	0x11,	0x1D,	0xC,
	0x11,	0x1D,	0xC,	0x14,	0x1E,	0xE,	0x18,	0x1E,
	0xF,	0x16,	0x1E,	0xF,	0x17,	0x1E,	0xF,	0x17,
	0x1E,	0xF,	0x16,	0x1D,	0xE,	0x15,	0x1D,	0xD,
	0x14,	0x1D,	0xD,	0x14,	0x1D,	0xF,	0x19,	0x1E,
	0x11,	0x24,	0x3F,	0x3E,	0x91,	'i',	0x97,	0xE1,
	0x5B,	0x7E,	0xDF,	0x7C,	0xAC,	0xEF,	0x84,	0xC0,
	0xF5,	'n',	0xA1,	0xF1,	0x8D,	0xCE,	0xFB,	0x98,
	0xD7,	0xFB,	0x8B,	0xD7,	0xFA,	'b',	0x96,	0xED,
	'H',	'Y',	0xC4,	'A',	'K',	0xB1,	0x3D,	0x40,
	0xA7,	0x37,	0x31,	0x98,	0x3A,	0x37,	0x9C,	0x84,
	0xA8,	0xE8,	0xDE,	0xF2,	0xFE,	'Q',	0x60,	0xE1,
	0xCF,	0xEF,	0xFF,	0x93,	0xCB,	0xFF,	'A',	0x3B,
	0xA3,	0x22,	0x12,	0x23,	0xFF,	0xFF,	0xFF,	0xFF,
	0xFF,	0xFF,	0xFF,	0xFF,	0xFF,	0xBE,	0xDD,	0xFD,
	0x21,	0xF,	0x18,	0x24,	0x13,	0x20,	0x2A,	0x19,
	0x2D,	0x31,	0x21,	0x3C,	0x28,	0x15,	0x28,	0x32,
	0x1E,	'K',	0x2D,	0x1B,	'F',	0x2C,	0x18,	0x33,
	0x2E,	0x1B,	0x3B,	0x28,	0x15,	0x26,	0x2A,	0x17,
	0x27,	0x23,	0xF,	0x15,	0x26,	0x14,	0x1C,	0x32,
	0x1E,	0x32,	0x37,	0x25,	'C',	0x31,	0x1F,	0x36,
	0x28,	0x16,	0x23,	0x1D,	0xB,	0xB,	0x1F,	0xF,
	0x10,	0x32,	0x1F,	0x31,	0x3D,	0x2C,	'O',	'I',
	0x3A,	'b',	0x34,	0x22,	0x3F,	0x34,	0x21,	0x37,
	0x39,	0x25,	'A',	'X',	'E',	'p',	0x7C,	'f',
	0x99,	0xA8,	0x8D,	0xCE,	0xAE,	0xA3,	0xE3,	0xBF,
	0xBC,	0xE5,	0xBF,	0xB5,	0xE5,	0xC9,	0xC6,	0xE9,
	0x99,	'y',	0xBD,	0xB9,	0x9D,	0xDC,	0x17,	0x4,
	0x0,	0x17,	0x4,	0x0,	0x17,	0x4,	0x0,	0x18,
	0x5,	0x2,	0x18,	0x5,	0x2,	0x17,	0x4,	0x0,
	0x18,	0x5,	0x2,	0x18,	0x5,	0x2,	0x1D,	0x9,
	0x8,	0x1F,	0xA,	0xB,	0x29,	0x11,	0x17,	0x28,
	0x10,	0x15,	0x2A,	0x11,	0x16,	0x30,	0x15,	0x24,
	0x32,	0x18,	0x27,	0x36,	0x1A,	0x30,	0x2B,	0x14,
	0x1F,	0x2B,	0x14,	0x20,	0x2B,	0x17,	0x23,	0x2E,
	0x19,	0x2A,	0x2F,	0x1C,	0x2B,	0x37,	0x22,	0x3E,
	0x2F,	0x1E,	0x30,	0x20,	0xF,	0x12,	0x1B,	0x8,
	0x9,	0x1B,	0x9,	0x9,	0x1A,	0x6,	0x7,	0x18,
	0x5,	0x2,	0x18,	0x5,	0x2,	0x18,	0x5,	0x2,
	0x1A,	0x7,	0x9,	0x1A,	0x7,	0x9,	0x1D,	0xB,
	0xC,	0x1C,	0xA,	0xA,	0x1C,	0x9,	0xB,	0x1A,
	0x7,	0x5,	0x1A,	0x7,	0x6,	0x1A,	0x7,	0x7,
	0x24,	0x13,	0x25,	0x2C,	0x1F,	0x3F,	0x24,	0x13,
	0x28,	0x1E,	0xD,	0x14,	0x1D,	0xC,	0x14,	0x1A,
	0x7,	0x7,	0x18,	0x5,	0x2,	0x1C,	0xA,	0x11,
	0x28,	0x19,	'A',	0x2F,	0x24,	0x60,	0x24,	0x15,
	0x2B,	0x26,	0x16,	0x2C,	0x23,	0x14,	0x28,	0x21,
	0x11,	0x1F,	0x20,	0x12,	0x23,	0x1E,	0xE,	0x1B,
	0x20,	0x10,	0x2B,	0x1C,	0xB,	0x12,	0x1D,	0xC,
	0x15,	0x1E,	0xE,	0x19,	0x1E,	0xF,	0x17,	0x1E,
	0xE,	0x14,	0x1D,	0xE,	0x14,	0x1D,	0xD,	0x14,
	0x1D,	0xC,	0x11,	0x1F,	0xF,	0x19,	0x1F,	0xE,
	0x18,	0x1F,	0xF,	0x19,	0x1C,	0xD,	0x12,	0x1D,
	0xE,	0x1A,	0x28,	0x21,	'Y',	0x95,	0xC5,	0xF5,
	0xA3,	0xDC,	0xFD,	0x60,	0x94,	0xE7,	0x3A,	0x3D,
	0xA0,	0x3D,	'D',	0xA4,	'h',	0xA9,	0xEB,	0x86,
	0xC9,	0xF6,	0x8F,	0xCB,	0xF4,	0x84,	0xD0,	0xF5,
	0x80,	0xD1,	0xF9,	0x8B,	0xD9,	0xF6,	0x7B,	0xC9,
	0xF9,	0x7F,	0xCD,	0xFE,	0x86,	0xCC,	0xFA,	0x7C,
	0xBD,	0xF2,	'n',	0xB4,	0xEF,	'e',	0x94,	0xE9,
	'M',	'Z',	0xD7,	0x36,	0x2E,	0x81,	'y',	0xA8,
	0xEF,	0x28,	0x1D,	0x39,	0xB6,	0xD8,	0xFF,	'A',
	0x40,	'x',	0x2B,	0x22,	0x40,	0x20,	0x10,	0x18,
	0x20,	0xE,	0x18,	0x2C,	0x1B,	0x31,	0x36,	0x27,
	'J',	0x30,	0x21,	'A',	0x2C,	0x1C,	'A',	0x2A,
	0x18,	0x2D,	0x25,	0x12,	0x1E,	0x22,	0x10,	0x1E,
	0x36,	0x26,	0x5E,	0x32,	0x23,	'd',	0x27,	0x15,
	0x22,	0x26,	0x13,	0x1D,	0x2A,	0x19,	0x27,	0x25,
	0x12,	0x19,	0x22,	0x10,	0x16,	0x33,	0x24,	0x3D,
	0x2D,	0x1E,	0x2D,	0x2B,	0x1B,	0x2A,	0x2A,	0x19,
	0x23,	0x2A,	0x18,	0x21,	'Q',	'D',	'c',	'B',
	0x33,	'Y',	0x18,	0x5,	0x4,	0x1B,	0x7,	0x5,
	0x3E,	0x2B,	'J',	0x5D,	'N',	'y',	0xB6,	0xBC,
	0xE7,	0xC3,	0xC6,	0xED,	0xBF,	0xC8,	0xEC,	0xC1,
	0xC2,	0xED,	0xB7,	0xBE,	0xE9,	0x91,	'z',	0xD5,
	0xBD,	0xB9,	0xDD,	0xDB,	0xD6,	0xED,	0x17,	0x4,
	0x0,	0x18,	0x6,	0x4,	0x17,	0x4,	0x0,	0x17,
	0x4,	0x0,	0x18,	0x5,	0x2,	0x1A,	0x6,	0x3,
	0x1A,	0x6,	0x3,	0x1A,	0x6,	0x3,	0x1C,	0x9,
	0x8,	0x1B,	0x7,	0x6,	0x22,	0xB,	0xE,	0x29,
	0x11,	0x17,	0x2A,	0x11,	0x18,	0x2F,	0x15,	0x21,
	0x2F,	0x15,	0x24,	0x2F,	0x15,	0x24,	0x2B,	0x14,
	0x1E,	0x2B,	0x14,	0x1E,	0x2B,	0x16,	0x20,	0x29,
	0x14,	0x1E,	0x2E,	0x18,	0x28,	0x32,	0x1F,	0x32,
	0x33,	0x21,	0x36,	0x26,	0x15,	0x1A,	0x1B,	0x9,
	0x9,	0x1B,	0x8,	0x9,	0x18,	0x5,	0x2,	0x1A,
	0x7,	0x7,	0x1A,	0x7,	0x8,	0x18,	0x5,	0x2,
	0x1A,	0x7,	0x9,	0x1D,	0xC,	0xE,	0x1E,	0xD,
	0x13,	0x1C,	0xA,	0xA,	0x1B,	0x9,	0xB,	0x1B,
	0x9,	0xA,	0x1C,	0x9,	0xB,	0x1A,	0x7,	0x6,
	0x18,	0x5,	0x2,	0x20,	0x10,	0x1C,	0x24,	0x15,
	0x2A,	0x24,	0x15,	0x27,	0x1E,	0xD,	0x14,	0x1E,
	0xD,	0x17,	0x1A,	0x7,	0x9,	0x1A,	0x7,	0x9,
	0x22,	0x11,	0x27,	0x2C,	0x22,	'R',	0x2F,	0x22,
	0x5E,	0x2A,	0x1F,	'F',	0x24,	0x15,	0x2E,	0x21,
	0x11,	0x23,	0x24,	0x15,	0x2B,	0x24,	0x15,	0x2E,
	0x28,	0x19,	0x3A,	0x27,	0x1A,	0x3A,	0x23,	0x14,
	0x28,	0x1F,	0x10,	0x1E,	0x1B,	0xC,	0x10,	0x1B,
	0xB,	0xE,	0x1B,	0xB,	0xE,	0x1B,	0xB,	0x10,
	0x1B,	0xB,	0xF,	0x1E,	0xE,	0x18,	0x1B,	0xC,
	0x10,	0x1C,	0xB,	0x12,	0x1C,	0xC,	0xE,	0x1D,
	0xE,	0x14,	0x22,	0x13,	0x2B,	0x31,	0x2F,	'n',
	0x24,	0x19,	'C',	0x1D,	0xD,	0x1A,	0x1D,	0xB,
	0x15,	0x21,	0x15,	0x35,	0x27,	0x1B,	'R',	0x1E,
	0x11,	0x2E,	0x22,	0x16,	0x3A,	0x23,	0x17,	'U',
	0x22,	0x14,	0x31,	0x24,	0x18,	0x37,	0x21,	0x13,
	0x2D,	0x25,	0x1A,	'S',	0x25,	0x1C,	'R',	0x25,
	0x18,	'O',	0x20,	0x10,	0x24,	0x20,	0x11,	0x27,
	0x1E,	0xF,	0x1B,	0x1D,	0xE,	0x15,	0x21,	0x10,
	0x20,	0x1B,	0xC,	0xF,	0x1C,	0xC,	0xF,	0x1C,
	0xD,	0x11,	0x1F,	0xF,	0x1A,	0x26,	0x1A,	0x31,
	0x2F,	0x23,	'G',	0x36,	0x2A,	'U',	0x35,	0x25,
	'R',	0x2E,	0x20,	'H',	0x28,	0x19,	'A',	0x29,
	0x1A,	0x33,	0x29,	0x18,	0x2C,	0x2E,	0x1C,	'D',
	0x32,	0x24,	'm',	0x2F,	0x22,	'T',	0x2B,	0x19,
	0x2E,	0x2A,	0x19,	0x26,	0x2A,	0x16,	0x25,	0x27,
	0x16,	0x25,	0x27,	0x15,	0x25,	0x32,	0x23,	0x3D,
	0x2E,	0x1D,	0x2E,	0x2F,	0x21,	0x35,	0x30,	0x22,
	0x36,	0x2C,	0x1F,	0x31,	'X',	'S',	'n',	0x3F,
	0x2D,	'R',	0x1E,	0xE,	0x13,	0x1A,	0x8,	0x5,
	0x22,	0x10,	0x15,	'Y',	'M',	0x7D,	0x92,	0x95,
	0xD6,	0xD9,	0xDB,	0xED,	0xE1,	0xE4,	0xF9,	0xE6,
	0xE9,	0xFF,	0xA9,	0xAA,	0xE4,	0xD2,	0xD6,	0xE9,
	0xDF,	0xE0,	0xEE,	0xEA,	0xEC,	0xFE,	0x18,	0x6,
	0x4,	0x17,	0x4,	0x0,	0x17,	0x4,	0x0,	0x17,
	0x4,	0x0,	0x17,	0x4,	0x0,	0x17,	0x4,	0x0,
	0x1A,	0x6,	0x3,	0x1B,	0x7,	0x6,	0x1E,	0x8,
	0x7,	0x1D,	0xA,	0xB,	0x22,	0xB,	0xD,	0x24,
	0xD,	0x10,	0x35,	0x1A,	0x2B,	0x32,	0x16,	0x27,
	0x3C,	0x20,	0x37,	0x2C,	0x14,	0x1F,	0x27,	0x10,
	0x19,	0x2C,	0x15,	0x22,	0x2F,	0x17,	0x25,	0x2D,
	0x16,	0x24,	0x2B,	0x15,	0x1F,	0x2D,	0x18,	0x28,
	0x33,	0x1F,	0x34,	0x2D,	0x1A,	0x28,	0x1D,	0xB,
	0xE,	0x18,	0x5,	0x2,	0x18,	0x5,	0x2,	0x18,
	0x5,	0x2,	0x1A,	0x7,	0x8,	0x18,	0x5,	0x2,
	0x1A,	0x7,	0x9,	0x1A,	0x7,	0x9,	0x1D,	0xB,
	0xD,	0x1B,	0x9,	0x9,	0x1B,	0x9,	0xB,	0x1A,
	0x7,	0x6,	0x18,	0x5,	0x2,	0x1A,	0x7,	0x7,
	0x1A,	0x7,	0x9,	0x1A,	0x7,	0x9,	0x23,	0x14,
	0x24,	0x2A,	0x1C,	0x3F,	0x25,	0x17,	0x2F,	0x1B,
	0xB,	0x12,	0x1B,	0xA,	0x10,	0x1B,	0xB,	0x10,
	0x1B,	0xC,	0x12,	0x1E,	0x10,	0x1D,	0x26,	0x18,
	0x38,	0x2B,	0x1E,	'H',	0x24,	0x15,	0x2C,	0x25,
	0x17,	0x32,	0x29,	0x1D,	'K',	0x2A,	0x1E,	'M',
	0x30,	0x26,	'g',	0x2A,	0x22,	'Y',	0x28,	0x1E,
	'G',	0x27,	0x1E,	'F',	0x26,	0x1B,	0x38,	0x20,
	0x10,	0x1C,	0x1E,	0xE,	0x16,	0x1B,	0xA,	0x12,
	0x1B,	0xA,	0x10,	0x1B,	0xB,	0x12,	0x1B,	0xB,
	0x12,	0x1D,	0x10,	0x18,	0x1B,	0xA,	0x10,	0x1D,
	0xF,	0x1B,	0x1E,	0x11,	0x20,	0x1F,	0x13,	0x26,
	0x1B,	0xB,	0x17,	0x1B,	0xA,	0x12,	0x1B,	0xA,
	0x14,	0x21,	0x15,	0x37,	0x22,	0x17,	'C',	0x1E,
	0x12,	0x26,	0x25,	0x18,	'd',	0x24,	0x19,	'Z',
	0x23,	0x18,	'A',	0x1E,	0x11,	0x25,	0x21,	0x15,
	0x31,	0x28,	0x22,	'a',	0x25,	0x19,	'K',	0x20,
	0x12,	0x23,	0x24,	0x15,	'D',	0x27,	0x1B,	'N',
	0x1E,	0x10,	0x24,	0x20,	0x10,	0x1E,	0x20,	0x10,
	0x1E,	0x24,	0x18,	0x33,	0x28,	0x1E,	'R',	0x2C,
	0x20,	0x60,	0x24,	0x14,	0x32,	0x27,	0x1D,	0x3D,
	0x2D,	0x24,	'K',	0x2E,	0x1F,	'E',	0x26,	0x18,
	0x2E,	0x31,	0x25,	'o',	0x33,	0x27,	0x81,	0x33,
	0x27,	0x8A,	0x28,	0x18,	'B',	0x24,	0x15,	0x24,
	0x25,	0x15,	0x2C,	0x2A,	0x1A,	0x39,	0x26,	0x16,
	0x27,	0x2C,	0x1B,	0x35,	0x20,	0x10,	0x15,	0x20,
	0xE,	0x17,	0x1F,	0xC,	0x11,	0x1D,	0xC,	0xC,
	0x27,	0x17,	0x24,	0x20,	0xF,	0x14,	0x1A,	0x7,
	0x7,	0x1A,	0x8,	0x9,	0x1E,	0xA,	0xF,	0x19,
	0x7,	0x5,	0x1A,	0x8,	0xA,	0x29,	0x19,	0x25,
	'A',	0x35,	'Z',	'Z',	'S',	0x7F,	0xC6,	0xD8,
	0xF7,	0xEB,	0xF1,	0xFF,	0xF2,	0xF9,	0xFF,	0xCC,
	0xDD,	0xF7,	0xAD,	0xB9,	0xE7,	0xE7,	0xEB,	0xFD,
	0xF0,	0xF2,	0xFE,	0xF1,	0xF6,	0xFE,	0x17,	0x4,
	0x0,	0x17,	0x4,	0x0,	0x17,	0x4,	0x0,	0x17,
	0x4,	0x0,	0x18,	0x5,	0x2,	0x17,	0x4,	0x0,
	0x17,	0x4,	0x0,	0x1A,	0x6,	0x3,	0x18,	0x5,
	0x2,	0x18,	0x5,	0x3,	0x1B,	0x7,	0x5,	0x1E,
	0x9,	0x8,	0x29,	0x12,	0x1A,	'F',	0x27,	'I',
	'K',	0x2D,	'P',	'H',	0x29,	'M',	0x39,	0x1D,
	0x34,	0x2C,	0x15,	0x1E,	0x2F,	0x19,	0x29,	0x2B,
	0x16,	0x23,	0x2A,	0x15,	0x21,	0x2D,	0x18,	0x27,
	0x32,	0x1F,	0x36,	0x35,	0x23,	0x38,	0x22,	0xF,
	0x13,	0x1B,	0x8,	0x9,	0x1A,	0x7,	0x6,	0x1A,
	0x7,	0x7,	0x18,	0x5,	0x2,	0x18,	0x5,	0x2,
	0x1A,	0x7,	0x9,	0x1A,	0x7,	0x9,	0x1E,	0xD,
	0x13,	0x1B,	0x9,	0xA,	0x1B,	0x9,	0xA,	0x18,
	0x5,	0x2,	0x18,	0x5,	0x2,	0x18,	0x5,	0x2,
	0x1A,	0x7,	0x8,	0x1A,	0x7,	0x8,	0x1D,	0xC,
	0x14,	0x23,	0x16,	0x2D,	0x24,	0x18,	0x39,	0x22,
	0x13,	0x29,	0x1E,	0xE,	0x1A,	0x1E,	0xE,	0x1A,
	0x1B,	0xC,	0x12,	0x1B,	0xC,	0x12,	0x1B,	0xC,
	0x11,	0x21,	0x11,	0x23,	0x23,	0x15,	0x2A,	0x27,
	0x1A,	0x3B,	0x28,	0x1E,	'H',	0x28,	0x20,	'M',
	0x2E,	0x27,	'k',	0x2B,	0x25,	'X',	0x2E,	0x27,
	'l',	0x20,	0x12,	0x24,	0x25,	0x1B,	0x31,	0x24,
	0x19,	0x2F,	0x22,	0x15,	0x28,	0x22,	0x16,	0x2C,
	0x21,	0x13,	0x22,	0x1E,	0x10,	0x1B,	0x1E,	0x11,
	0x1C,	0x1E,	0x10,	0x1A,	0x1D,	0xF,	0x18,	0x1D,
	0xD,	0x19,	0x1E,	0xD,	0x1E,	0x1E,	0x12,	0x21,
	0x1D,	0x10,	0x1D,	0x1D,	0xF,	0x1E,	0x20,	0x14,
	0x2D,	0x24,	0x19,	'M',	0x22,	0x16,	0x33,	0x23,
	0x18,	'H',	0x23,	0x18,	'C',	0x24,	0x19,	'R',
	0x23,	0x19,	'L',	0x22,	0x17,	0x38,	0x22,	0x15,
	0x33,	0x1F,	0x12,	0x2A,	0x22,	0x14,	0x31,	0x22,
	0x16,	0x3C,	0x27,	0x1C,	'R',	0x22,	0x14,	0x2D,
	0x23,	0x15,	0x30,	0x27,	0x1A,	0x3C,	0x24,	0x17,
	0x32,	0x26,	0x1A,	'V',	0x22,	0x16,	'B',	0x24,
	0x16,	'A',	0x26,	0x19,	'H',	0x27,	0x1B,	'L',
	0x2D,	0x25,	'Y',	0x31,	0x2A,	'f',	0x2C,	0x21,
	'W',	0x33,	0x29,	0x90,	0x2F,	0x27,	'w',	0x32,
	0x27,	0x89,	0x2E,	0x1F,	0x60,	0x2C,	0x1F,	0x5B,
	0x31,	0x26,	's',	0x34,	0x27,	'm',	0x2E,	0x21,
	'T',	0x34,	0x2B,	'r',	'E',	'F',	0xA4,	'I',
	'J',	0xA6,	'A',	0x39,	0x98,	0x32,	0x25,	'A',
	0x3F,	0x35,	'b',	'J',	0x40,	'u',	'I',	'D',
	'y',	'G',	'B',	'r',	0x3C,	0x34,	'W',	0x26,
	0x15,	0x1F,	0x26,	0x18,	0x26,	'I',	'E',	0x84,
	'L',	'B',	'o',	0x87,	0x95,	0xD0,	0xB7,	0xCC,
	0xF1,	0xEB,	0xF6,	0xFF,	0xB0,	0xCB,	0xF0,	0xCE,
	0xE1,	0xF5,	0xEA,	0xEF,	0xFF,	0xE9,	0xF0,	0xFF,
	0xEF,	0xF3,	0xFE,	0xF3,	0xFA,	0xFE,	0x17,	0x4,
	0x0,	0x17,	0x4,	0x0,	0x18,	0x5,	0x4,	0x18,
	0x5,	0x3,	0x19,	0x6,	0x4,	0x19,	0x7,	0x4,
	0x17,	0x4,	0x0,	0x17,	0x4,	0x0,	0x18,	0x5,
	0x2,	0x18,	0x5,	0x2,	0x18,	0x5,	0x3,	0x1A,
	0x6,	0x4,	0x1A,	0x6,	0x4,	0x21,	0xB,	0xD,
	0x32,	0x19,	0x2A,	0x3E,	0x22,	0x3D,	0x39,	0x1F,
	0x34,	0x36,	0x1D,	0x34,	0x34,	0x1B,	0x2F,	0x31,
	0x1C,	0x30,	0x26,	0x11,	0x1C,	0x2B,	0x15,	0x22,
	0x2F,	0x1D,	0x2E,	0x2E,	0x1D,	0x2C,	0x26,	0x12,
	0x1B,	0x20,	0xC,	0x11,	0x1B,	0xA,	0xA,	0x1A,
	0x7,	0x8,	0x1C,	0xB,	0xE,	0x1C,	0xB,	0xD,
	0x1A,	0x7,	0x9,	0x1A,	0x7,	0x9,	0x1B,	0xB,
	0xD,	0x1A,	0x7,	0x5,	0x1B,	0xA,	0xC,	0x18,
	0x5,	0x2,	0x1A,	0x7,	0x9,	0x1A,	0x7,	0x8,
	0x1A,	0x7,	0x8,	0x18,	0x5,	0x2,	0x1A,	0x7,
	0x8,	0x1A,	0x7,	0x9,	0x24,	0x18,	0x32,	0x25,
	0x17,	0x3D,	0x22,	0x14,	0x29,	0x1E,	0xF,	0x19,
	0x1E,	0xF,	0x18,	0x1E,	0xF,	0x19,	0x1E,	0xF,
	0x1B,	0x1E,	0xF,	0x19,	0x1E,	0xF,	0x19,	0x20,
	0x11,	0x27,	0x28,	0x1F,	'O',	0x2F,	0x2C,	'e',
	0x2E,	0x29,	'd',	0x30,	0x2E,	't',	0x34,	0x35,
	0x98,	0x26,	0x1D,	0x3A,	0x22,	0x16,	0x2A,	0x2B,
	0x24,	'M',	0x28,	0x20,	'D',	0x25,	0x1B,	0x3C,
	0x2A,	0x27,	'U',	0x2B,	0x29,	'X',	0x2C,	0x2A,
	'b',	0x21,	0x17,	0x30,	0x1D,	0xD,	0x1A,	0x1D,
	0xD,	0x18,	0x1E,	0xE,	0x1B,	0x1E,	0xF,	0x21,
	0x1F,	0x15,	0x32,	0x1F,	0x15,	0x2F,	0x1E,	0x13,
	0x26,	0x1E,	0x14,	0x2B,	0x20,	0x16,	0x35,	0x24,
	0x1B,	'g',	0x22,	0x19,	'U',	0x21,	0x19,	'A',
	0x23,	0x1A,	'G',	0x22,	0x18,	0x3B,	0x1F,	0x13,
	0x26,	0x1F,	0x13,	0x2A,	0x22,	0x17,	0x3C,	0x22,
	0x15,	0x36,	0x29,	0x1D,	'z',	0x21,	0x12,	0x2A,
	0x20,	0x12,	0x28,	0x22,	0x15,	0x31,	0x2D,	0x24,
	'c',	0x30,	0x2B,	'z',	0x2A,	0x23,	'g',	0x2A,
	0x23,	'g',	0x27,	0x1E,	0x5C,	0x26,	0x1B,	'K',
	0x26,	0x19,	'I',	0x24,	0x18,	0x3A,	0x25,	0x18,
	'A',	0x2D,	0x22,	'm',	0x2F,	0x24,	0x7C,	0x2C,
	0x21,	'c',	0x25,	0x15,	0x3A,	0x26,	0x16,	0x3D,
	0x25,	0x15,	0x30,	0x22,	0x13,	0x2A,	0x25,	0x16,
	0x38,	0x25,	0x15,	0x2A,	0x25,	0x14,	0x3A,	0x1E,
	0xE,	0x17,	0x1D,	0x9,	0xD,	0x20,	0x11,	0x17,
	0x24,	0x14,	0x1F,	0x22,	0x12,	0x18,	0x1C,	0x8,
	0x9,	0x22,	0x12,	0x19,	0x23,	0x15,	0x1F,	0x1E,
	0xD,	0x11,	0x17,	0x5,	0x0,	0x1D,	0xB,	0xC,
	'z',	0x97,	0xDF,	0x80,	0x94,	0xCE,	0x8D,	0x9C,
	0xE1,	0x9E,	0xBD,	0xEB,	0x9F,	0xB9,	0xEB,	0xDE,
	0xEC,	0xFF,	0xD4,	0xE4,	0xF9,	0xDF,	0xEB,	0xF9,
	0xE9,	0xF0,	0xFE,	0xDF,	0xEC,	0xFA,	0x17,	0x4,
	0x0,	0x18,	0x6,	0x3,	0x18,	0x6,	0x2,	0x18,
	0x5,	0x2,	0x19,	0x6,	0x4,	0x1B,	0x8,	0x7,
	0x18,	0x5,	0x3,	0x18,	0x5,	0x2,	0x19,	0x6,
	0x3,	0x1A,	0x6,	0x5,	0x18,	0x5,	0x3,	0x1B,
	0x6,	0x5,	0x1A,	0x6,	0x4,	0x1A,	0x6,	0x5,
	0x1F,	0xB,	0xD,	0x2A,	0x13,	0x1F,	0x26,	0x10,
	0x19,	0x2B,	0x15,	0x23,	0x2D,	0x17,	0x25,	0x2F,
	0x1B,	0x30,	0x2E,	0x17,	0x2A,	0x27,	0x13,	0x1D,
	0x28,	0x15,	0x22,	0x2F,	0x1E,	0x2F,	0x30,	0x1F,
	0x38,	0x20,	0xD,	0x12,	0x1E,	0xD,	0x10,	0x1A,
	0x7,	0x8,	0x1C,	0xB,	0xE,	0x1A,	0x7,	0x9,
	0x1A,	0x7,	0x9,	0x1C,	0xB,	0xF,	0x1B,	0xC,
	0x10,	0x1A,	0x7,	0x7,	0x18,	0x5,	0x2,	0x1D,
	0xD,	0x14,	0x1B,	0xC,	0x10,	0x1A,	0x7,	0x9,
	0x18,	0x5,	0x2,	0x19,	0x7,	0x8,	0x18,	0x5,
	0x2,	0x19,	0x7,	0x9,	0x20,	0x12,	0x25,	0x25,
	0x1B,	0x3D,	0x30,	0x2B,	'v',	0x26,	0x1C,	0x3D,
	0x23,	0x14,	0x2D,	0x1E,	0xF,	0x17,	0x1E,	0xF,
	0x19,	0x1E,	0xF,	0x17,	0x1D,	0xE,	0x19,	0x1D,
	0xF,	0x16,	0x21,	0x14,	0x29,	0x25,	0x1D,	'A',
	0x2B,	0x29,	0x5E,	0x28,	0x20,	'C',	0x2A,	0x21,
	'H',	0x29,	0x24,	'R',	0x22,	0x19,	0x33,	0x24,
	0x1C,	0x3C,	0x33,	0x37,	0x7F,	0x35,	'A',	0x8C,
	0x2F,	0x32,	'q',	0x31,	0x36,	0x7C,	0x2B,	0x29,
	0x5C,	0x2F,	0x33,	0x89,	0x28,	0x24,	'Y',	0x21,
	0x17,	0x2B,	0x1E,	0x13,	0x28,	0x20,	0x15,	0x31,
	0x22,	0x19,	0x32,	0x21,	0x16,	0x2E,	0x1E,	0x13,
	0x27,	0x1E,	0x15,	0x2B,	0x20,	0x18,	0x38,	0x20,
	0x19,	0x3D,	0x1F,	0x10,	0x2D,	0x20,	0x17,	0x36,
	0x22,	0x1A,	'M',	0x23,	0x1A,	'P',	0x26,	0x1D,
	0x5C,	0x20,	0x18,	0x3D,	0x21,	0x18,	'E',	0x25,
	0x1B,	'V',	0x21,	0x15,	0x32,	0x20,	0x14,	0x32,
	0x23,	0x15,	0x33,	0x2C,	0x25,	'q',	0x2D,	0x28,
	'w',	0x28,	0x21,	'f',	0x26,	0x1C,	'O',	0x2E,
	0x29,	0x7F,	0x27,	0x1D,	'b',	0x26,	0x1B,	'M',
	0x29,	0x1F,	'Z',	0x2E,	0x28,	'g',	0x30,	0x28,
	0x87,	0x2D,	0x26,	'w',	0x35,	0x31,	0x9A,	0x30,
	0x29,	0x91,	0x2B,	0x1F,	'e',	0x2B,	0x20,	'g',
	0x2E,	0x26,	0x7B,	0x28,	0x1B,	'L',	0x26,	0x19,
	0x3F,	0x29,	0x1C,	'V',	0x28,	0x1C,	'U',	0x2E,
	0x24,	0x7B,	0x2E,	0x22,	'H',	0x26,	0x17,	0x27,
	0x1F,	0x10,	0x13,	'g',	0x7C,	0xE0,	0xB3,	0xE1,
	0xFF,	0x7B,	0x9D,	0xEC,	0x35,	0x2D,	'N',	'E',
	'F',	's',	'e',	'x',	0xD1,	'r',	0x8A,	0xDE,
	0xC1,	0xDD,	0xFB,	0xC3,	0xDE,	0xFC,	0xC9,	0xE1,
	0xFF,	0xBB,	0xDF,	0xF6,	0xCF,	0xE5,	0xFC,	0xDF,
	0xEF,	0xFF,	0xDD,	0xEB,	0xFA,	0xCD,	0xE3,	0xF0,
	0xDD,	0xE8,	0xF3,	0xD6,	0xE5,	0xF1,	0x17,	0x4,
	0x0,	0x18,	0x6,	0x3,	0x18,	0x9,	0x7,	0x18,
	0x5,	0x2,	0x1B,	0x7,	0x5,	0x1B,	0x8,	0x7,
	0x1A,	0x8,	0x6,	0x19,	0x7,	0x4,	0x18,	0x5,
	0x2,	0x18,	0x5,	0x2,	0x1B,	0x7,	0x5,	0x1B,
	0x7,	0x5,	0x1A,	0x7,	0x4,	0x18,	0x5,	0x2,
	0x1B,	0x7,	0x7,	0x1F,	0xB,	0xC,	0x24,	0xE,
	0x16,	0x25,	0x11,	0x19,	0x24,	0xF,	0x16,	0x25,
	0xF,	0x1B,	0x24,	0x11,	0x1E,	0x2A,	0x17,	0x28,
	0x2E,	0x1B,	0x33,	0x32,	0x20,	0x3F,	0x2D,	0x1D,
	0x34,	0x24,	0x16,	0x24,	0x22,	0x11,	0x1C,	0x1B,
	0x9,	0xF,	0x19,	0x7,	0x8,	0x19,	0x7,	0x9,
	0x19,	0x7,	0x9,	0x1C,	0xB,	0xF,	0x1B,	0xA,
	0xC,	0x1D,	0xC,	0x11,	0x1B,	0xA,	0xC,	0x1B,
	0x9,	0xD,	0x1E,	0xE,	0x16,	0x19,	0x8,	0xB,
	0x1B,	0x9,	0x10,	0x19,	0x7,	0xB,	0x19,	0x7,
	0x9,	0x19,	0x7,	0x8,	0x1B,	0xA,	0x10,	0x25,
	0x1A,	0x3A,	0x2D,	0x25,	0x5F,	0x2E,	0x26,	'h',
	0x2A,	0x20,	'N',	0x22,	0x15,	0x2B,	0x1F,	0x10,
	0x20,	0x1D,	0xF,	0x18,	0x1D,	0xF,	0x19,	0x1D,
	0xF,	0x19,	0x1E,	0x12,	0x22,	0x1F,	0x14,	0x26,
	0x22,	0x16,	0x2F,	0x21,	0x18,	0x30,	0x27,	0x22,
	'G',	0x22,	0x18,	0x32,	0x22,	0x1A,	0x34,	0x26,
	0x1F,	'G',	0x30,	0x37,	0x7D,	0x2F,	0x33,	'q',
	0x2E,	0x31,	'l',	0x2E,	0x34,	'u',	0x27,	0x23,
	'N',	0x2E,	0x35,	0x8C,	0x2F,	0x34,	0x9A,	0x33,
	0x3B,	0x99,	0x37,	'H',	0x9F,	0x2C,	0x2F,	'm',
	0x1F,	0x13,	0x2C,	0x1E,	0x11,	0x26,	0x1E,	0x13,
	0x2E,	0x1F,	0x15,	0x30,	0x24,	0x21,	'Q',	0x1F,
	0x18,	0x2F,	0x20,	0x17,	0x34,	0x20,	0x18,	0x39,
	0x24,	0x1D,	'J',	0x21,	0x1A,	'H',	0x20,	0x19,
	'D',	0x21,	0x17,	0x36,	0x21,	0x18,	'N',	0x24,
	0x1D,	'V',	0x20,	0x18,	0x3C,	0x23,	0x1B,	'J',
	0x1E,	0xE,	0x23,	0x1E,	0xE,	0x23,	0x23,	0x19,
	'B',	0x31,	0x30,	0x8B,	0x35,	0x38,	0x9D,	0x37,
	0x3D,	0x9E,	0x2D,	0x28,	0x7B,	0x27,	0x1D,	'N',
	0x22,	0x17,	0x32,	0x24,	0x19,	'E',	0x33,	0x30,
	0x7F,	'E',	'V',	0xB5,	'I',	0x5D,	0xC4,	0x37,
	0x34,	0x9A,	0x35,	0x34,	0x95,	0x39,	0x3C,	0x92,
	0x34,	0x30,	0x8C,	0x30,	0x27,	't',	0x30,	0x29,
	0x7C,	0x38,	0x36,	0x9C,	0x35,	0x30,	0x85,	0x3C,
	0x37,	0x96,	0x34,	0x2C,	0x5E,	'd',	'v',	0xEA,
	0xFD,	0xFF,	0xFF,	0xFF,	0xFF,	0xFF,	0xFF,	0xFF,
	0xFF,	0xF0,	0xFF,	0xFF,	0xAF,	0xDB,	0xFD,	0xE5,
	0xFC,	0xFF,	0xF3,	0xFF,	0xFF,	0xE5,	0xF8,	0xFF,
	0xF3,	0xFF,	0xFF,	0xF5,	0xFF,	0xFF,	0xF3,	0xFF,
	0xFF,	0xF5,	0xFF,	0xFF,	0xF6,	0xFF,	0xFF,	0xF8,
	0xFF,	0xFF,	0xF7,	0xFF,	0xFF,	0xF5,	0xFF,	0xFF,
	0xEF,	0xF7,	0xFE,	0xE9,	0xF0,	0xFD,	0x18,	0x5,
	0x1,	0x17,	0x4,	0x0,	0x19,	0x6,	0x3,	0x18,
	0x5,	0x2,	0x1A,	0x7,	0x5,	0x1B,	0x9,	0x9,
	0x1B,	0xA,	0xB,	0x1B,	0x9,	0xB,	0x19,	0x7,
	0x4,	0x19,	0x7,	0x4,	0x1A,	0x7,	0x5,	0x1A,
	0x7,	0x6,	0x1A,	0x7,	0x5,	0x1A,	0x7,	0x4,
	0x1A,	0x7,	0x7,	0x1B,	0x7,	0x7,	0x1A,	0x7,
	0x7,	0x1F,	0xC,	0xE,	0x24,	0xF,	0x16,	0x24,
	0xF,	0x19,	0x26,	0x13,	0x27,	0x27,	0x13,	0x27,
	0x2A,	0x1B,	0x31,	0x31,	0x24,	'E',	0x3B,	0x33,
	'g',	0x33,	0x28,	'R',	0x29,	0x1D,	0x3A,	0x1E,
	0xF,	0x18,	0x1B,	0x9,	0xF,	0x19,	0x7,	0x9,
	0x19,	0x8,	0xA,	0x19,	0x7,	0x9,	0x19,	0x7,
	0x9,	0x1B,	0x9,	0xD,	0x1B,	0x9,	0xB,	0x1B,
	0x9,	0xD,	0x1B,	0x9,	0x10,	0x19,	0x8,	0xB,
	0x19,	0x8,	0xA,	0x19,	0x8,	0xB,	0x18,	0x5,
	0x3,	0x18,	0x5,	0x2,	0x18,	0x5,	0x2,	0x1D,
	0xF,	0x1A,	0x27,	0x1F,	'E',	0x2A,	0x22,	'U',
	0x29,	0x21,	'P',	0x29,	0x22,	'M',	0x24,	0x18,
	0x36,	0x20,	0x11,	0x21,	0x1D,	0xF,	0x19,	0x20,
	0x14,	0x27,	0x26,	0x1E,	'J',	0x29,	0x21,	'W',
	0x2B,	0x2A,	'g',	0x26,	0x22,	'Q',	0x2F,	0x2F,
	's',	0x2E,	0x32,	'v',	0x21,	0x18,	0x2D,	0x21,
	0x17,	0x2B,	0x29,	0x27,	'T',	0x2A,	0x2B,	'S',
	0x2D,	0x31,	'd',	0x38,	'H',	0xCE,	0x2F,	0x34,
	'v',	0x2E,	0x34,	0x88,	0x37,	'J',	0xC9,	0x3B,
	'U',	0xD4,	0x3E,	'c',	0xD4,	0x40,	'e',	0xD4,
	0x3F,	'e',	0xD9,	0x32,	0x39,	0x96,	0x3F,	0x5F,
	0xD7,	'I',	0x80,	0xE3,	'F',	'z',	0xD2,	0x26,
	0x23,	'R',	0x20,	0x17,	0x3F,	0x20,	0x17,	0x3F,
	0x24,	0x1F,	'U',	0x20,	0x16,	'D',	0x20,	0x18,
	0x38,	0x20,	0x18,	0x38,	0x20,	0x14,	0x3C,	0x20,
	0x14,	0x38,	0x1B,	0xC,	0x1E,	0x28,	0x20,	'a',
	0x3A,	'K',	0xB0,	0x26,	0x1E,	'R',	'A',	'Y',
	0xC2,	0x33,	0x35,	0x90,	0x26,	0x1D,	'R',	0x34,
	0x37,	0xA4,	'F',	'a',	0xE1,	'I',	'r',	0xE5,
	0x34,	0x36,	0xA3,	0x3D,	'M',	0xB4,	'L',	'q',
	0xD2,	'T',	0x7F,	0xE2,	'T',	'z',	0xD9,	'Y',
	0x91,	0xDF,	0x5D,	0x93,	0xE2,	0x5F,	0x8C,	0xDC,
	'O',	'j',	0xC3,	'H',	0x5F,	0xB7,	'W',	0x82,
	0xE1,	'H',	'Y',	0xBD,	'F',	'R',	0xAD,	0x3C,
	0x3B,	0x95,	0x31,	0x2B,	'm',	0x60,	0x81,	0xE9,
	0xF9,	0xFF,	0xFF,	0xFF,	0xFF,	0xFF,	0xF4,	0xFF,
	0xFF,	0xF0,	0xFF,	0xFF,	0xEE,	0xFF,	0xFF,	0xF1,
	0xFF,	0xFF,	0xF1,	0xFF,	0xFF,	0xE7,	0xFD,	0xFF,
	0xC9,	0xEA,	0xFF,	0xF3,	0xFF,	0xFF,	0xF1,	0xFF,
	0xFF,	0xF4,	0xFF,	0xFF,	0xF5,	0xFF,	0xFF,	0xF9,
	0xFF,	0xFF,	0xF9,	0xFF,	0xFF,	0xF7,	0xFF,	0xFF,
	0xF7,	0xFE,	0xFE,	0xFB,	0xFE,	0xFE,	0x18,	0x5,
	0x1,	0x18,	0x7,	0x3,	0x18,	0x9,	0x7,	0x18,
	0x5,	0x2,	0x18,	0x5,	0x2,	0x18,	0x7,	0x4,
	0x1B,	0xB,	0xB,	0x1B,	0x9,	0x8,	0x19,	0x7,
	0x4,	0x1A,	0x8,	0x6,	0x1A,	0x7,	0x5,	0x18,
	0x5,	0x3,	0x1A,	0x7,	0x5,	0x1A,	0x8,	0x7,
	0x1A,	0x7,	0x6,	0x1A,	0x7,	0x7,	0x18,	0x5,
	0x3,	0x1A,	0x7,	0x7,	0x22,	0xE,	0x15,	0x22,
	0xF,	0x18,	0x27,	0x14,	0x27,	0x27,	0x16,	0x2A,
	0x24,	0x13,	0x25,	0x28,	0x18,	0x30,	0x3E,	0x3A,
	't',	0x3C,	0x35,	'q',	0x30,	0x27,	'Z',	0x1F,
	0x12,	0x1F,	0x21,	0x11,	0x1D,	0x1B,	0x9,	0xF,
	0x19,	0x8,	0xA,	0x19,	0x8,	0x9,	0x19,	0x7,
	0x9,	0x1B,	0x9,	0xD,	0x19,	0x7,	0x7,	0x19,
	0x7,	0x9,	0x1B,	0xB,	0x12,	0x1C,	0xB,	0x13,
	0x19,	0x8,	0xB,	0x1C,	0xB,	0x14,	0x18,	0x5,
	0x3,	0x19,	0x8,	0xA,	0x18,	0x5,	0x2,	0x19,
	0x8,	0xA,	0x1B,	0xA,	0xF,	0x26,	0x1C,	0x3B,
	0x28,	0x1F,	'F',	0x2A,	0x25,	'Y',	0x26,	0x20,
	'W',	0x26,	0x1E,	'L',	0x25,	0x1B,	0x3F,	0x2B,
	0x29,	0x7F,	0x25,	0x1E,	'H',	0x27,	0x21,	'R',
	0x33,	0x3B,	0xAC,	0x33,	0x3D,	0xA1,	0x31,	0x39,
	0x88,	0x29,	0x27,	'c',	0x22,	0x19,	0x31,	0x22,
	0x1B,	0x34,	0x24,	0x1D,	0x39,	0x28,	0x25,	'L',
	0x2B,	0x2D,	'a',	0x39,	'J',	0xB2,	0x39,	'K',
	0xAB,	0x39,	'L',	0xB2,	0x3A,	'U',	0xD3,	0x40,
	'o',	0xD9,	0x3D,	0x5C,	0xA9,	0x3C,	'X',	0xA4,
	0x40,	'l',	0xD7,	0x3A,	'T',	0xAB,	0x3A,	'R',
	0xA0,	'J',	0x7D,	0xE5,	'o',	0xC2,	0xFB,	0x38,
	'Q',	0xB0,	0x26,	0x24,	'e',	0x1C,	0xE,	0x21,
	0x21,	0x17,	'W',	0x20,	0x16,	'B',	0x20,	0x15,
	'A',	0x20,	0x14,	0x35,	0x20,	0x15,	0x40,	0x20,
	0x14,	0x36,	0x22,	0x16,	0x5B,	0x36,	0x3C,	0x9E,
	0x3E,	'U',	0xB8,	0x36,	0x3F,	0xA5,	0x3D,	'N',
	0xB8,	0x34,	'B',	0x9F,	0x2F,	0x2E,	0x84,	'J',
	'i',	0xEB,	'O',	'x',	0xEE,	'K',	'j',	0xE9,
	'M',	'z',	0xE8,	'S',	0x84,	0xE5,	'K',	'l',
	0xE2,	'I',	'h',	0xC7,	'J',	'i',	0xC8,	'N',
	'n',	0xC6,	'K',	'p',	0xC5,	'O',	'w',	0xCB,
	'M',	'u',	0xC6,	'K',	'm',	0xC4,	'O',	'm',
	0xCF,	'U',	'y',	0xE1,	'K',	'e',	0xC8,	'A',
	'L',	0xA4,	0x3F,	'E',	0x93,	'A',	'I',	0x8E,
	0xA4,	0xDD,	0xFF,	0xEF,	0xFF,	0xFF,	0xF2,	0xFF,
	0xFF,	0xF1,	0xFF,	0xFF,	0xEC,	0xFF,	0xFF,	0xE6,
	0xFF,	0xFF,	0xE9,	0xFF,	0xFF,	0xD9,	0xF9,	0xFF,
	0xD5,	0xF3,	0xFF,	0xC5,	0xE3,	0xFF,	0xE8,	0xFF,
	0xFF,	0xEA,	0xFB,	0xFF,	0xF1,	0xFF,	0xFF,	0xF7,
	0xFF,	0xFF,	0xF0,	0xFA,	0xFF,	0xD8,	0xE8,	0xF5,
	0xCE,	0xDC,	0xEC,	0xE3,	0xEB,	0xF5,	0x18,	0x6,
	0x2,	0x1A,	0x8,	0x5,	0x1D,	0xC,	0xB,	0x1D,
	0xB,	0xC,	0x1B,	0x9,	0x8,	0x1A,	0x9,	0x7,
	0x1B,	0xA,	0x9,	0x1A,	0x8,	0x7,	0x18,	0x7,
	0x3,	0x18,	0x7,	0x3,	0x18,	0x7,	0x4,	0x18,
	0x5,	0x3,	0x1A,	0x8,	0x9,	0x1B,	0x8,	0x9,
	0x1B,	0x8,	0x8,	0x1A,	0x7,	0x6,	0x18,	0x6,
	0x3,	0x18,	0x5,	0x1,	0x1A,	0x7,	0x6,	0x20,
	0xD,	0x13,	0x23,	0x13,	0x21,	0x24,	0x13,	0x24,
	0x24,	0x14,	0x26,	0x27,	0x17,	0x36,	0x38,	0x32,
	'p',	0x33,	0x2A,	'd',	0x3B,	0x3E,	0x7E,	0x26,
	0x1B,	0x3A,	0x1F,	0x11,	0x1F,	0x1D,	0xD,	0x19,
	0x19,	0x8,	0xB,	0x19,	0x8,	0xA,	0x1D,	0xC,
	0x17,	0x1D,	0xD,	0x12,	0x1D,	0xE,	0x14,	0x1B,
	0xA,	0x12,	0x19,	0x7,	0xA,	0x1B,	0xB,	0x12,
	0x1C,	0xB,	0x12,	0x1B,	0xB,	0x12,	0x18,	0x5,
	0x3,	0x18,	0x5,	0x2,	0x18,	0x5,	0x2,	0x18,
	0x5,	0x2,	0x18,	0x5,	0x2,	0x1B,	0xA,	0x10,
	0x26,	0x21,	0x5C,	0x2D,	0x2B,	0x81,	0x29,	0x27,
	'k',	0x24,	0x1C,	'B',	0x2D,	0x29,	'i',	0x2E,
	0x2E,	0x84,	0x30,	0x35,	0xA5,	0x29,	0x27,	'c',
	0x37,	'F',	0xBE,	0x37,	'I',	0xC9,	0x32,	0x3C,
	0x92,	0x2B,	0x31,	'w',	0x21,	0x18,	0x33,	0x22,
	0x1E,	0x39,	0x25,	0x22,	'A',	0x34,	'D',	0x89,
	0x39,	'T',	0x9B,	0x37,	'K',	0x9C,	0x2E,	0x34,
	'w',	0x3B,	'V',	0xB5,	0x38,	'Q',	0x9A,	0x3F,
	'l',	0xD3,	'B',	'r',	0xE3,	0x3E,	'd',	0xCB,
	0x3B,	'W',	0x9A,	'B',	'j',	0xBA,	0x3A,	'W',
	0x98,	'D',	'u',	0xE4,	'M',	0x89,	0xE7,	'U',
	0x98,	0xEE,	0x3B,	'U',	0xB9,	0x23,	0x1C,	0x5D,
	0x2E,	0x34,	0x8F,	0x25,	0x1D,	'b',	0x2E,	0x31,
	0x8F,	0x24,	0x1C,	0x5E,	0x24,	0x1B,	0x5F,	0x24,
	0x1C,	0x60,	0x24,	0x1C,	'a',	0x3B,	'N',	0xB2,
	'C',	'g',	0xDB,	'E',	'i',	0xDF,	'J',	'y',
	0xE5,	'W',	0x97,	0xE8,	'H',	'e',	0xE5,	'P',
	0x89,	0xE9,	0x5D,	0xAE,	0xF7,	'U',	0x9D,	0xE8,
	'D',	0x5F,	0xE3,	'M',	'n',	0xE3,	'P',	0x80,
	0xE4,	'O',	's',	0xDD,	'F',	'a',	0xC4,	'I',
	'f',	0xC2,	'L',	0x7F,	0xD3,	'H',	's',	0xCC,
	'G',	'f',	0xBC,	0x3F,	'S',	0xAC,	0x3C,	'G',
	0x9D,	0x3E,	'L',	0xAA,	0x95,	0xD7,	0xFF,	0x8D,
	0xC9,	0xF8,	0xD3,	0xFB,	0xFF,	0xE2,	0xFF,	0xFF,
	0xED,	0xFF,	0xFF,	0xF1,	0xFF,	0xFF,	0xF5,	0xFF,
	0xFF,	0xF5,	0xFF,	0xFF,	0xF0,	0xFF,	0xFF,	0xDA,
	0xFC,	0xFF,	0xE8,	0xFF,	0xFF,	0xEF,	0xFF,	0xFF,
	0xED,	0xFF,	0xFF,	0xEB,	0xFF,	0xFF,	0xED,	0xFF,
	0xFF,	0x9B,	0xBF,	0xE7,	0xA5,	0xCD,	0xE7,	0xEF,
	0xFA,	0xFF,	0xEF,	0xF9,	0xFF,	0xF1,	0xFB,	0xFF,
	0xF3,	0xFA,	0xFE,	0xEC,	0xF3,	0xFE,	0x18,	0x6,
	0x2,	0x1A,	0x8,	0x5,	0x1E,	0xE,	0xD,	0x21,
	0x13,	0x13,	0x20,	0x11,	0x11,	0x1D,	0xC,	0xB,
	0x1B,	0xA,	0x7,	0x18,	0x5,	0x1,	0x18,	0x7,
	0x3,	0x18,	0x7,	0x3,	0x19,	0x7,	0x6,	0x18,
	0x7,	0x4,	0x19,	0x7,	0x8,	0x1B,	0x9,	0x9,
	0x1B,	0x8,	0x7,	0x1A,	0x7,	0x5,	0x18,	0x5,
	0x1,	0x18,	0x5,	0x1,	0x18,	0x5,	0x1,	0x1B,
	0x9,	0xF,	0x1F,	0xE,	0x1B,	0x20,	0x11,	0x20,
	0x1F,	0xF,	0x1B,	0x26,	0x17,	0x32,	0x36,	0x30,
	's',	0x2B,	0x20,	'N',	0x2E,	0x27,	0x5E,	0x34,
	0x31,	'x',	0x24,	0x18,	0x33,	0x1D,	0xC,	0x18,
	0x1C,	0xA,	0x10,	0x18,	0x5,	0x4,	0x19,	0x8,
	0xA,	0x1B,	0xA,	0x11,	0x1D,	0xC,	0x16,	0x1D,
	0xD,	0x18,	0x1D,	0xD,	0x18,	0x1F,	0x13,	0x23,
	0x20,	0x15,	0x29,	0x1A,	0xB,	0x12,	0x1A,	0xA,
	0x10,	0x19,	0x8,	0x9,	0x18,	0x5,	0x2,	0x18,
	0x5,	0x3,	0x18,	0x5,	0x3,	0x18,	0x5,	0x2,
	0x1E,	0x10,	0x24,	0x2E,	0x2E,	0x8A,	0x30,	0x36,
	0x8F,	0x28,	0x27,	0x5F,	0x24,	0x20,	'M',	0x26,
	0x21,	'K',	0x2C,	0x2D,	0x86,	0x2D,	0x2F,	0x7D,
	0x36,	'E',	0xB6,	0x30,	0x36,	0x8E,	0x30,	0x34,
	0x89,	0x2D,	0x32,	'q',	0x22,	0x1E,	'E',	0x26,
	0x27,	'V',	0x27,	0x2A,	'Y',	0x38,	'Q',	0x89,
	0x33,	'F',	0x80,	0x31,	0x3F,	0x88,	0x31,	0x3A,
	0x84,	0x33,	'B',	0x8C,	0x35,	'F',	0x8B,	0x36,
	'O',	0x97,	0x39,	'V',	0xBF,	0x3D,	'b',	0xBE,
	0x3C,	'Z',	0xA0,	0x39,	'T',	0x8D,	0x36,	'K',
	0x7F,	'B',	'l',	0xC0,	'D',	'q',	0xE3,	'D',
	'z',	0xE5,	'S',	0x9A,	0xED,	'i',	0xBE,	0xFD,
	's',	0xC7,	0xFB,	'q',	0xC9,	0xFF,	0x7C,	0xCF,
	0xFF,	'l',	0xC7,	0xFF,	'n',	0xC6,	0xF7,	'k',
	0xC1,	0xFD,	0x84,	0xD5,	0xF9,	0x5D,	0xBD,	0xF1,
	'K',	0x85,	0xE9,	'H',	'u',	0xE5,	'R',	0x96,
	0xEA,	0x5C,	0xB1,	0xF1,	0x40,	'Y',	0xE3,	0xB1,
	0xE8,	0xFF,	0xE6,	0xFF,	0xFF,	0xD3,	0xF2,	0xFF,
	'n',	0xCA,	0xF3,	'T',	0x89,	0xE7,	'S',	0x97,
	0xE7,	'U',	0x8E,	0xE8,	'K',	0x7B,	0xDA,	'L',
	0x7B,	0xE3,	'O',	0x80,	0xE1,	'N',	0x83,	0xE1,
	'S',	0x8B,	0xE3,	'P',	0x81,	0xE1,	'D',	0x5F,
	0xC1,	0x3A,	'D',	0x9A,	0xE0,	0xFF,	0xFF,	0xF9,
	0xFF,	0xFF,	0xFB,	0xFF,	0xFF,	0xFB,	0xFF,	0xFF,
	0xF5,	0xFF,	0xFF,	0xF5,	0xFF,	0xFF,	0xF2,	0xFF,
	0xFF,	0xF1,	0xFF,	0xFF,	0xF0,	0xFF,	0xFF,	0xEF,
	0xFF,	0xFF,	0xF3,	0xFF,	0xFF,	0xF1,	0xFF,	0xFF,
	0xEF,	0xFF,	0xFF,	0xF1,	0xFF,	0xFF,	0xF4,	0xFF,
	0xFF,	0xEF,	0xFF,	0xFF,	0xF3,	0xFF,	0xFF,	0xF4,
	0xFF,	0xFF,	0xF5,	0xFF,	0xFF,	0xF7,	0xFF,	0xFF,
	0xF7,	0xFE,	0xFE,	0xF7,	0xFE,	0xFE,	0x1C,	0xA,
	0x7,	0x1B,	0xA,	0x7,	0x22,	0x11,	0x11,	0x22,
	0x14,	0x16,	0x20,	0x13,	0x13,	0x20,	0x11,	0x11,
	0x1D,	0xD,	0xC,	0x1B,	0x9,	0x7,	0x18,	0x5,
	0x1,	0x18,	0x5,	0x1,	0x18,	0x7,	0x3,	0x17,
	0x5,	0x0,	0x18,	0x6,	0x4,	0x19,	0x7,	0x7,
	0x19,	0x7,	0x6,	0x17,	0x5,	0x0,	0x18,	0x5,
	0x1,	0x18,	0x5,	0x1,	0x18,	0x5,	0x1,	0x19,
	0x7,	0x7,	0x1B,	0xA,	0xD,	0x1D,	0xF,	0x1A,
	0x21,	0x12,	0x27,	0x25,	0x1A,	0x34,	0x2B,	0x23,
	'U',	0x29,	0x1E,	'E',	0x2F,	0x28,	'd',	0x33,
	0x31,	'x',	0x2E,	0x28,	'g',	0x22,	0x12,	0x27,
	0x1C,	0xC,	0x18,	0x19,	0x8,	0xC,	0x18,	0x5,
	0x3,	0x19,	0x8,	0xB,	0x19,	0x7,	0x9,	0x1D,
	0xD,	0x19,	0x1E,	0xD,	0x1C,	0x1D,	0xE,	0x1C,
	0x1E,	0x13,	0x29,	0x1E,	0xE,	0x1D,	0x1D,	0xE,
	0x1D,	0x1E,	0x10,	0x22,	0x19,	0x8,	0xB,	0x19,
	0x8,	0xA,	0x19,	0x8,	0x9,	0x19,	0x8,	0xB,
	0x19,	0x8,	0xD,	0x1B,	0xF,	0x21,	0x2C,	0x30,
	0x8E,	0x26,	0x26,	'Z',	0x28,	0x28,	'g',	0x29,
	0x28,	'e',	0x2C,	0x2E,	'y',	0x30,	0x36,	0x8D,
	0x32,	0x3F,	0x9F,	0x2B,	0x2D,	'r',	0x29,	0x2B,
	'b',	0x2E,	0x38,	0x88,	0x22,	0x1E,	'D',	0x26,
	0x21,	'R',	0x24,	0x20,	'H',	0x2C,	0x35,	'i',
	0x2B,	0x34,	'l',	0x2E,	0x35,	's',	0x2E,	0x33,
	'u',	0x28,	0x2A,	0x60,	0x2D,	0x34,	'j',	0x2D,
	0x35,	'j',	0x2D,	0x39,	'v',	0x2D,	0x38,	't',
	0x2F,	0x39,	'q',	0x36,	'I',	0x82,	0x3C,	'X',
	0xAC,	0x40,	'g',	0xE5,	'D',	'm',	0xE9,	'G',
	'x',	0xEE,	'J',	0x96,	0xE8,	'i',	0xC0,	0xFB,
	0x83,	0xD5,	0xFF,	0x8F,	0xE3,	0xFF,	0x91,	0xE4,
	0xFF,	0x8D,	0xE4,	0xFF,	0x8B,	0xDF,	0xFF,	0x85,
	0xD6,	0xFF,	0x86,	0xD7,	0xFF,	0x85,	0xD6,	0xFF,
	'j',	0xBF,	0xFA,	'T',	0xA2,	0xEA,	'Z',	0xA8,
	0xED,	'U',	0x92,	0xF3,	'J',	0x82,	0xEB,	0xD3,
	0xFD,	0xFF,	0xE7,	0xFF,	0xFF,	0xE1,	0xFF,	0xFF,
	's',	0xD1,	0xF7,	'X',	0x93,	0xED,	'W',	0x9D,
	0xEA,	'T',	0x8E,	0xE3,	'O',	0x8F,	0xE3,	'N',
	0x89,	0xE9,	'L',	'u',	0xE8,	'Q',	0x8A,	0xEB,
	'T',	0x94,	0xEA,	'b',	0xAB,	0xEC,	'T',	0x8D,
	0xE4,	0x5C,	0xA4,	0xEA,	0xAB,	0xED,	0xFF,	0xD4,
	0xFF,	0xFF,	0xE5,	0xFF,	0xFF,	0xEB,	0xFF,	0xFF,
	0xE3,	0xFF,	0xFF,	0xAA,	0xF2,	0xFF,	0xC0,	0xF8,
	0xFF,	0xEA,	0xFF,	0xFF,	0xED,	0xFF,	0xFF,	0xDE,
	0xFC,	0xFF,	0xA9,	0xD9,	0xF5,	0xBB,	0xE5,	0xF7,
	0xE0,	0xF2,	0xFF,	0xE8,	0xF7,	0xFF,	0xDE,	0xF6,
	0xFF,	0xE7,	0xF8,	0xFF,	0xEB,	0xF7,	0xFF,	0xE6,
	0xF5,	0xFF,	0xBD,	0xE3,	0xF2,	0xE7,	0xEF,	0xFC,
	0xED,	0xF4,	0xFE,	0xED,	0xF6,	0xFE,	0x1D,	0xB,
	0x7,	0x1C,	0xB,	0x7,	0x1F,	0xE,	0xD,	0x21,
	0x12,	0x14,	0x20,	0x13,	0x14,	0x1F,	0x11,	0x10,
	0x1D,	0xD,	0xC,	0x1D,	0xC,	0xC,	0x1B,	0xB,
	0xC,	0x18,	0x7,	0x5,	0x18,	0x7,	0x3,	0x17,
	0x5,	0x0,	0x17,	0x5,	0x0,	0x18,	0x6,	0x4,
	0x18,	0x6,	0x4,	0x17,	0x5,	0x0,	0x18,	0x5,
	0x1,	0x19,	0x7,	0x5,	0x19,	0x7,	0x6,	0x18,
	0x5,	0x2,	0x18,	0x5,	0x2,	0x19,	0x7,	0x7,
	0x1E,	0x10,	0x20,	0x27,	0x1B,	0x3B,	0x2C,	0x24,
	'V',	0x32,	0x30,	0x8B,	0x34,	0x30,	0x89,	0x31,
	0x2E,	0x7E,	0x38,	0x39,	0x97,	0x28,	0x22,	'M',
	0x1F,	0x11,	0x24,	0x20,	0x11,	0x25,	0x1A,	0xB,
	0x12,	0x19,	0x8,	0xA,	0x19,	0x8,	0xA,	0x19,
	0x8,	0x9,	0x19,	0x8,	0xB,	0x1B,	0xB,	0x14,
	0x1E,	0x13,	0x2A,	0x1E,	0x13,	0x27,	0x1C,	0xE,
	0x1B,	0x1E,	0x12,	0x27,	0x1B,	0xC,	0x13,	0x19,
	0x8,	0xB,	0x1C,	0xF,	0x1F,	0x1B,	0xD,	0x19,
	0x19,	0x9,	0xF,	0x1B,	0xD,	0x1D,	0x23,	0x1C,
	'O',	0x2F,	0x3A,	0x82,	0x2E,	0x35,	0x7D,	0x2D,
	0x31,	0x91,	0x26,	0x25,	0x5C,	0x29,	0x2A,	'n',
	0x2C,	0x32,	0x83,	0x29,	0x2D,	'p',	0x29,	0x2B,
	'h',	0x29,	0x2E,	0x7B,	0x20,	0x18,	0x3A,	0x20,
	0x16,	0x32,	0x21,	0x1A,	0x37,	0x26,	0x28,	'T',
	0x32,	0x40,	'w',	0x2D,	0x3B,	'm',	0x33,	0x40,
	0x84,	0x30,	0x3C,	'z',	0x2C,	0x35,	'i',	0x2C,
	0x35,	'k',	0x32,	'F',	0x94,	0x36,	'M',	0x9A,
	0x32,	'B',	'z',	0x3A,	'T',	0x9B,	0x34,	0x3F,
	0x8E,	0x3C,	'T',	0xE9,	'D',	'q',	0xEF,	'A',
	'b',	0xEE,	'M',	0x91,	0xF3,	'K',	0x97,	0xED,
	'i',	0xC4,	0xFF,	0x85,	0xDD,	0xFF,	0x95,	0xE7,
	0xFF,	0x99,	0xEB,	0xFF,	0x99,	0xE7,	0xFF,	0x93,
	0xE3,	0xFF,	0x91,	0xE0,	0xFF,	0x96,	0xE2,	0xFF,
	0x87,	0xD1,	0xFF,	'W',	0x94,	0xED,	'J',	'v',
	0xEB,	'H',	'l',	0xEE,	'J',	0x7C,	0xE9,	0xC3,
	0xF8,	0xFF,	0xE3,	0xFF,	0xFF,	0xE2,	0xFF,	0xFF,
	0xD3,	0xFF,	0xFF,	'j',	0xCB,	0xFA,	'W',	0x97,
	0xE8,	'a',	0xA0,	0xEB,	'J',	0x7E,	0xE2,	'N',
	0x7E,	0xED,	'K',	'y',	0xEB,	'W',	0x9D,	0xF7,
	'Q',	0x80,	0xF1,	'X',	0xA4,	0xEE,	'f',	0xC1,
	0xE9,	'o',	0xC3,	0xF4,	0xC7,	0xFF,	0xFF,	0xC7,
	0xFF,	0xFF,	0xC8,	0xF9,	0xFF,	0xED,	0xFF,	0xFF,
	0x88,	0xDC,	0xFB,	'C',	'Y',	0xC3,	0x5E,	0xA3,
	0xE5,	0xE9,	0xFF,	0xFF,	0xF0,	0xFF,	0xFF,	0xE8,
	0xFF,	0xFF,	0xD1,	0xEF,	0xFF,	0xE7,	0xFB,	0xFF,
	0xED,	0xFF,	0xFF,	0xF1,	0xFF,	0xFF,	0xF1,	0xFF,
	0xFF,	0xF5,	0xFF,	0xFF,	0xF5,	0xFF,	0xFF,	0xF3,
	0xFF,	0xFF,	0xF1,	0xFD,	0xFF,	0xBF,	0xE5,	0xF2,
	0xF1,	0xFB,	0xFE,	0xF1,	0xFB,	0xFE,	0x1B,	0xA,
	0x5,	0x1B,	0xA,	0x7,	0x20,	0xE,	0xD,	0x1F,
	0xE,	0xE,	0x1B,	0xA,	0x9,	0x1F,	0x11,	0x12,
	0x1F,	0x10,	0x12,	0x1D,	0xD,	0xE,	0x20,	0x13,
	0x19,	0x1D,	0x10,	0x12,	0x1B,	0xB,	0xB,	0x19,
	0x7,	0x6,	0x17,	0x5,	0x0,	0x18,	0x6,	0x3,
	0x19,	0x8,	0x7,	0x18,	0x6,	0x3,	0x17,	0x5,
	0x0,	0x19,	0x7,	0x5,	0x1A,	0x8,	0xA,	0x19,
	0x7,	0x7,	0x18,	0x5,	0x2,	0x18,	0x5,	0x2,
	0x19,	0x7,	0x7,	0x1A,	0x8,	0xB,	0x2D,	0x28,
	'b',	0x30,	0x2D,	't',	0x31,	0x2F,	0x7B,	0x33,
	0x32,	0x89,	0x32,	0x2F,	0x7E,	0x2C,	0x28,	0x5E,
	0x2A,	0x27,	0x5F,	0x23,	0x1B,	0x40,	0x20,	0x15,
	0x2D,	0x19,	0x8,	0x9,	0x19,	0x8,	0x9,	0x19,
	0x8,	0x9,	0x1B,	0xB,	0x13,	0x1E,	0x13,	0x2A,
	0x1F,	0x13,	0x2A,	0x1E,	0x13,	0x2B,	0x1E,	0x11,
	0x24,	0x1E,	0x12,	0x29,	0x1B,	0xC,	0x17,	0x19,
	0x9,	0x10,	0x1E,	0x12,	0x29,	0x1F,	0x15,	0x34,
	0x1D,	0x12,	0x26,	0x21,	0x18,	'I',	0x20,	0x18,
	0x3C,	0x29,	0x2F,	's',	0x38,	'N',	0xBA,	0x36,
	'J',	0xC8,	0x2E,	0x33,	0x83,	0x2D,	0x31,	0x7B,
	0x35,	'F',	0xC7,	0x33,	0x40,	0xB3,	0x2E,	0x37,
	0x9E,	0x33,	'B',	0xA2,	0x22,	0x1C,	'A',	0x22,
	0x1C,	0x3C,	0x21,	0x1A,	0x36,	0x27,	0x2B,	'X',
	0x2B,	0x33,	'f',	0x30,	0x3C,	's',	0x30,	0x3C,
	's',	0x2F,	0x3E,	'w',	0x2A,	0x34,	'g',	0x2E,
	0x39,	'w',	0x2E,	0x3F,	0x82,	0x30,	0x3F,	0x7D,
	0x2D,	0x35,	'f',	0x30,	0x3C,	'z',	0x2F,	0x38,
	0x8A,	0x30,	0x35,	'w',	0x33,	0x3D,	0xA1,	0x36,
	'G',	0xD2,	0x3C,	'R',	0xE7,	'B',	's',	0xE7,
	'W',	0xAB,	0xF5,	'R',	0xA4,	0xEF,	0x82,	0xD7,
	0xFF,	0x93,	0xE7,	0xFF,	0x97,	0xE5,	0xFF,	0x8F,
	0xE1,	0xFF,	0x86,	0xD3,	0xFF,	0x87,	0xD3,	0xFF,
	0x89,	0xCE,	0xFF,	0x81,	0xC9,	0xFF,	'W',	0xAF,
	0xF8,	0x40,	0x5F,	0xE9,	'D',	'o',	0xE9,	'b',
	0xBF,	0xFB,	0xDD,	0xFF,	0xFF,	0xE0,	0xFF,	0xFF,
	0xE1,	0xFF,	0xFF,	0xD9,	0xFF,	0xFF,	0xC0,	0xFC,
	0xFF,	'k',	0xBF,	0xF6,	0x5F,	0xC8,	0xEF,	0x5E,
	0xC4,	0xF3,	'd',	0xC3,	0xFF,	'n',	0xD6,	0xFB,
	'X',	0xA1,	0xF7,	'H',	'm',	0xE7,	'O',	0x8F,
	0xE3,	'Y',	0xA6,	0xE6,	'Z',	0xAA,	0xE9,	0x83,
	0xD4,	0xFF,	'a',	0xB8,	0xEF,	0x81,	0xD8,	0xFB,
	'G',	0x5C,	0xDC,	'y',	0xD5,	0xF0,	0xEB,	0xFF,
	0xFF,	0xF0,	0xFF,	0xFF,	0xF2,	0xFF,	0xFF,	0xD7,
	0xFB,	0xFF,	0xE7,	0xFF,	0xFF,	0xEE,	0xFF,	0xFF,
	0xF3,	0xFF,	0xFF,	0xF3,	0xFF,	0xFF,	0xF3,	0xFF,
	0xFF,	0xF5,	0xFF,	0xFF,	0xEF,	0xFB,	0xFF,	0xE6,
	0xF0,	0xFD,	0xA1,	0xC7,	0xE7,	'N',	'F',	'c',
	0x9A,	0xB9,	0xE7,	0xEB,	0xF5,	0xFE,	0x1E,	0xC,
	0x9,	0x1E,	0xC,	0x9,	0x1B,	0xB,	0x7,	0x20,
	0xF,	0xF,	0x1A,	0x8,	0x5,	0x19,	0x7,	0x4,
	0x1F,	0xF,	0xE,	0x26,	0x18,	0x1D,	0x28,	0x1F,
	0x2C,	0x23,	0x19,	0x24,	0x1F,	0x11,	0x15,	0x1B,
	0xA,	0x9,	0x19,	0x7,	0x5,	0x18,	0x6,	0x3,
	0x18,	0x6,	0x3,	0x17,	0x5,	0x0,	0x17,	0x5,
	0x0,	0x18,	0x5,	0x1,	0x18,	0x5,	0x1,	0x19,
	0x7,	0x6,	0x18,	0x5,	0x1,	0x18,	0x5,	0x1,
	0x18,	0x5,	0x1,	0x18,	0x5,	0x3,	0x1D,	0xE,
	0x19,	0x26,	0x1B,	'C',	0x30,	0x2C,	'l',	0x31,
	0x30,	0x80,	0x37,	0x3A,	0xA1,	0x38,	0x3D,	0xA4,
	0x3D,	'R',	0xB2,	0x2E,	0x32,	'o',	0x24,	0x20,
	'P',	0x20,	0x15,	0x2A,	0x1C,	0xD,	0x17,	0x1C,
	0xE,	0x17,	0x1B,	0xB,	0x12,	0x1B,	0xC,	0x13,
	0x1D,	0x10,	0x1F,	0x1B,	0xC,	0x16,	0x1E,	0x12,
	0x28,	0x1C,	0xF,	0x1B,	0x1D,	0x11,	0x24,	0x1B,
	0xD,	0x19,	0x1E,	0x11,	0x2B,	0x1F,	0x16,	0x37,
	0x1E,	0x13,	0x2D,	0x1E,	0x14,	0x3E,	0x1E,	0x13,
	0x35,	0x1E,	0x15,	0x3E,	0x21,	0x1D,	'M',	0x2D,
	0x36,	0x93,	0x32,	0x3B,	0xAE,	0x38,	'M',	0xDC,
	0x35,	'C',	0xCA,	0x31,	0x3E,	0xB8,	0x37,	'J',
	0xD9,	0x35,	'I',	0xB3,	0x2C,	0x38,	'o',	0x1F,
	0x14,	0x27,	0x1F,	0x15,	0x29,	0x26,	0x27,	'N',
	0x33,	0x40,	0x7C,	0x33,	'B',	0x7E,	0x2E,	0x3E,
	'v',	0x34,	'J',	0x91,	0x2F,	0x40,	0x7E,	0x32,
	'J',	0x94,	0x36,	'J',	0x98,	0x33,	'I',	0x89,
	0x2D,	0x37,	'k',	0x2A,	0x2A,	'i',	0x2A,	0x2A,
	0x5C,	0x26,	0x20,	'F',	0x2B,	0x31,	'o',	0x31,
	0x3C,	0xA9,	0x2E,	0x32,	0x7D,	0x39,	'Z',	0xD5,
	'M',	0x93,	0xEB,	'H',	0x8D,	0xE8,	'I',	0x92,
	0xEB,	'O',	0xA7,	0xF3,	'u',	0xDD,	0xFF,	's',
	0xDD,	0xFF,	't',	0xD3,	0xFF,	0x88,	0xD2,	0xFF,
	0x8F,	0xD0,	0xFF,	'q',	0xC7,	0xFF,	'q',	0xD5,
	0xFF,	'P',	0x99,	0xF3,	'B',	'n',	0xE8,	0x40,
	0x5E,	0xE5,	'c',	0xC7,	0xFB,	0xDB,	0xFF,	0xFF,
	0xE1,	0xFF,	0xFF,	0xDF,	0xFF,	0xFF,	0xDF,	0xFF,
	0xFF,	0xDD,	0xFF,	0xFF,	0xB9,	0xE3,	0xFF,	0xC0,
	0xDB,	0xFF,	0x7D,	0xD6,	0xFF,	'o',	0xCD,	0xF9,
	'Y',	0xA7,	0xF7,	'P',	0x89,	0xEE,	'N',	0x89,
	0xE3,	'T',	0x9A,	0xE5,	'I',	0x82,	0xE0,	'H',
	'v',	0xE4,	'U',	0x97,	0xE8,	'C',	0x5C,	0xD4,
	0x5D,	0xA1,	0xED,	0xA2,	0xE9,	0xFF,	0xEE,	0xFF,
	0xFF,	0xF0,	0xFF,	0xFF,	0xED,	0xFF,	0xFF,	0xE3,
	0xFF,	0xFF,	0xEB,	0xFF,	0xFF,	0xEF,	0xFF,	0xFF,
	0xF3,	0xFF,	0xFF,	0xF1,	0xFF,	0xFF,	0xF3,	0xFF,
	0xFF,	0xED,	0xF9,	0xFF,	'g',	'g',	0x99,	'X',
	'S',	0x81,	0x36,	0x28,	0x31,	0x35,	0x28,	0x35,
	'B',	0x37,	'J',	't',	'z',	0xDA
};
#endif
